id,adult,original_title,original_language,release_date
969681,False,Spider-Man: Brand New Day,en,2026-07-29
1368337,False,The Odyssey,en,2026-07-15
634649,False,Spider-Man: No Way Home,en,2021-12-15
1081003,False,Supergirl,en,2026-06-24
1084244,False,Toy Story 5,en,2026-06-17
1275779,False,Disclosure Day,en,2026-06-10
1339713,False,Obsession,en,2026-05-13
1284041,False,The Last House,en,2026-08-06
1284465,False,The Death of Robin Hood,en,2026-06-18
1212763,False,Evil Dead Burn,en,2026-07-07
1315772,False,Minions & Monsters,en,2026-06-24
1108427,False,Moana,en,2026-07-08
1375646,False,군체,ko,2026-05-21
1481343,False,The Devil's Mouth,en,2026-07-29
1698863,False,The Odyssey,en,2026-07-03
315635,False,Spider-Man: Homecoming,en,2017-07-05
454639,False,Masters of the Universe,en,2026-06-03
1083381,False,Backrooms,en,2026-05-27
557,False,Spider-Man,en,2002-05-01
1307118,False,Soulm8te,en,2026-07-31
980431,False,Avatar Aang: The Last Airbender,en,2026-07-24
454639,False,Masters of the Universe,en,2026-06-03
1564614,False,Leviticus,en,2026-06-17
687163,False,Project Hail Mary,en,2026-03-15
1311031,False,劇場版「鬼滅の刃」無限城編 第一章 猗窩座再来,ja,2025-07-18
82976,False,Les Novices,fr,1970-04-01
1630409,False,คนเดือดทวงแค้น,th,2026-07-20
1727780,False,Borderline,en,2026-07-17
1314481,False,The Devil Wears Prada 2,en,2026-04-29
1510795,False,"Shake, Rattle & Roll: Evil Origins",tl,2026-06-05
429617,False,Spider-Man: Far From Home,en,2019-06-28
47612,False,Au Bonheur des Dames,fr,1930-07-03
1599191,False,仙逆剧场版 弑仙之战,zh,
1110034,False,Kraken,no,2026-02-06
936075,False,Michael,en,2026-04-22
931285,False,Mortal Kombat II,en,2026-05-06
1930,False,The Amazing Spider-Man,en,2012-06-23
102382,False,The Amazing Spider-Man 2,en,2014-04-16
1525963,False,채무자의 아내,ko,2024-12-26
1127384,False,Deep Water,en,2026-04-30
1668364,False,Deseo,es,2026-05-07
1698856,False,Master of the Universe,en,2026-05-22
1228710,False,The Mandalorian and Grogu,en,2026-05-20
299536,False,Avengers: Infinity War,en,2018-04-25
1594914,False,Lucky Strike,en,2026-06-26
1263532,False,Corrida dos Bichos,pt,2026-03-17
83533,False,Avatar: Fire and Ash,en,2025-12-17
1523145,False,Твоё сердце будет разбито,ru,2026-03-26
1569947,False,The Priest: Thanksgiving Massacre,en,2025-08-08
1226863,False,The Super Mario Galaxy Movie,en,2026-04-01
1084242,False,Zootopia 2,en,2025-11-26
1439930,False,The Punisher: One Last Kill,en,2026-05-12
1280738,False,火遮眼,zh,2026-06-10
559,False,Spider-Man 3,en,2007-05-01
1656061,False,Immortal Combat,en,2026-04-24
1285366,False,愛のぬくもり,ja,2024-07-06
1404304,False,The Isolate Thief,en,2026-07-10
24428,False,The Avengers,en,2012-04-25
949838,False,72 HOURS,en,2026-07-20
98894,False,Jessica,en,1962-04-19
822119,False,Captain America: Brave New World,en,2025-02-12
1226863,False,The Super Mario Galaxy Movie,en,2026-04-01
569094,False,Spider-Man: Across the Spider-Verse,en,2023-05-31
157336,False,Interstellar,en,2014-11-05
1304313,False,Lee Cronin's The Mummy,en,2026-04-15
1569947,False,The Priest: Thanksgiving Massacre,en,2025-08-08
1327819,False,Hoppers,en,2026-03-04
324857,False,Spider-Man: Into the Spider-Verse,en,2018-12-06
1290821,False,Shelter,en,2026-01-28
1487861,False,Elize: Sombras de uma Mulher,pt,2026-07-22
1007757,False,Swapped,en,2026-05-01
1477712,False,Ice Cream Man,en,2026-08-03
155,False,The Dark Knight,en,2008-07-16
755898,False,War of the Worlds,en,2025-07-29
278,False,The Shawshank Redemption,en,1994-09-23
299534,False,Avengers: Endgame,en,2019-04-24
27205,False,Inception,en,2010-07-15
271110,False,Captain America: Civil War,en,2016-04-27
1469342,False,Her Private Hell,en,2026-07-23
1003596,False,Avengers: Doomsday,en,2026-12-16
1430698,False,The Bay,en,2026-07-02
652,False,Troy,en,2004-05-13
1382832,False,Hungry,en,2026-06-03
82023,False,Hotel Desire,de,2011-12-07
1234821,False,Jurassic World Rebirth,en,2025-06-23
1101383,False,The End of Oak Street,en,2026-08-12
238,False,The Godfather,en,1972-03-14
122,False,The Lord of the Rings: The Return of the King,en,2003-12-17
617126,False,The Fantastic 4: First Steps,en,2025-07-23
533535,False,Deadpool & Wolverine,en,2024-07-24
1497463,False,Todo lo que nunca fuimos,es,2026-06-04
1432631,False,இதயம் முரளி,ta,2026-07-10
872585,False,Oppenheimer,en,2023-07-19
233604,False,おんな地獄唄　尺八弁天,ja,1970-12-01
671,False,Harry Potter and the Philosopher's Stone,en,2001-11-16
986056,False,Thunderbolts*,en,2025-04-30
1318621,False,Descendants: Wicked Wonderland,en,2026-07-16
550,False,Fight Club,en,1999-10-15
526024,False,Memorias de lo que no fue,es,2017-05-31
1325734,False,The Drama,en,2026-04-01
1325734,False,The Drama,en,2026-04-01
99861,False,Avengers: Age of Ultron,en,2015-04-22
1413976,False,Citizen Vigilante,en,2026-06-19
840464,False,Greenland 2: Migration,en,2026-01-07
1726,False,Iron Man,en,2008-04-30
19995,False,Avatar,en,2009-12-16
1307247,False,오케이 마담 2,ko,2026-08-12
391312,False,喪服の女　崩れる,ja,2001-09-28
1318447,False,Apex,en,2026-04-24
1122573,False,In the Grey,en,2026-05-13
599335,False,오케이 마담,ko,2020-08-12
1516698,False,The Last Sunrise,en,2026-08-26
1061474,False,Superman,en,2025-07-09
693134,False,Dune: Part Two,en,2024-02-27
803796,False,KPop Demon Hunters,en,2025-06-20
1184918,False,The Wild Robot,en,2024-09-12
1301421,False,The Sheep Detectives,en,2026-04-30
453395,False,Doctor Strange in the Multiverse of Madness,en,2022-05-04
603,False,The Matrix,en,1999-03-31
329505,False,Il peccato di Lola,it,1984-05-04
1740877,False,Storm on Sesame Street,en,2026-08-03
987573,False,ビリーバーズ,ja,2022-07-08
952079,False,초대받은 배달부 2,ko,2022-03-11
361743,False,Top Gun: Maverick,en,2022-05-21
862,False,Toy Story,en,1995-11-22
5721,False,Vixen!,en,1968-10-15
680,False,Pulp Fiction,en,1994-09-10
976912,False,Graphic Desires,en,2023-08-31
1297842,False,GOAT,en,2026-02-11
414906,False,The Batman,en,2022-03-01
1241982,False,Moana 2,en,2024-11-21
496243,False,기생충,ko,2019-05-30
121,False,The Lord of the Rings: The Two Towers,en,2002-12-18
1265609,False,War Machine,en,2026-02-12
672,False,Harry Potter and the Chamber of Secrets,en,2002-11-13
1010581,False,Culpa mía,es,2023-06-08
1631506,False,La ahorcada,es,2026-04-22
120,False,The Lord of the Rings: The Fellowship of the Ring,en,2001-12-18
1272837,False,28 Years Later: The Bone Temple,en,2026-01-14
14836,False,Coraline,en,2009-02-05
674,False,Harry Potter and the Goblet of Fire,en,2005-11-16
1242898,False,Predator: Badlands,en,2025-11-05
558,False,Spider-Man 2,en,2004-06-25
8587,False,The Lion King,en,1994-06-15
933260,False,The Substance,en,2024-09-07
673,False,Harry Potter and the Prisoner of Azkaban,en,2004-05-31
11,False,Star Wars,en,1977-05-25
911430,False,F1,en,2025-06-25
284053,False,Thor: Ragnarok,en,2017-10-02
1171145,False,Crime 101,en,2026-02-11
98,False,Gladiator,en,2000-05-04
76341,False,Mad Max: Fury Road,en,2015-05-13
1233413,False,Sinners,en,2025-04-16
597,False,Titanic,en,1997-12-18
1380291,False,Tom Clancy's Jack Ryan: Ghost War,en,2026-05-20
350,False,The Devil Wears Prada,en,2006-06-29
12444,False,Harry Potter and the Deathly Hallows: Part 1,en,2010-11-17
10138,False,Iron Man 2,en,2010-04-28
1368314,False,Passenger,en,2026-05-20
438631,False,Dune,en,2021-09-15
1101412,False,Fall 2: Deadpoint,en,2026-09-02
218,False,The Terminator,en,1984-10-26
447365,False,Guardians of the Galaxy Vol. 3,en,2023-05-03
1305781,False,镖人：风起大漠,zh,2026-02-17
122917,False,The Hobbit: The Battle of the Five Armies,en,2014-12-10
129,False,千と千尋の神隠し,ja,2001-07-20
68718,False,Django Unchained,en,2012-12-25
497,False,The Green Mile,en,1999-12-10
12445,False,Harry Potter and the Deathly Hallows: Part 2,en,2011-07-12
675,False,Harry Potter and the Order of the Phoenix,en,2007-07-08
44980,False,Zero WOMAN ＩＩ　警視庁０課の女,ja,1995-09-05
1479832,False,டிசி,ta,2026-08-07
10193,False,Toy Story 3,en,2010-06-16
1288341,False,Seven Snipers,en,2026-04-30
105,False,Back to the Future,en,1985-07-03
385687,False,Fast X,en,2023-05-17
585,False,"Monsters, Inc.",en,2001-11-01
441168,False,From Straight A's to XXX,en,2017-02-11
1723013,False,Hibla 2,tl,2026-06-30
767,False,Harry Potter and the Half-Blood Prince,en,2009-07-15
1159559,False,Scream 7,en,2026-02-25
950396,False,The Gorge,en,2025-02-13
284052,False,Doctor Strange,en,2016-10-25
177572,False,Big Hero 6,en,2014-10-24
1168190,False,The Wrecking Crew,en,2026-01-28
1218925,False,劇場版 チェンソーマン レゼ篇,ja,2025-09-19
1086268,False,Тrоје,sr,2023-03-01
335984,False,Blade Runner 2049,en,2017-10-04
1198994,False,Send Help,en,2026-01-22
1724,False,The Incredible Hulk,en,2008-06-12
12,False,Finding Nemo,en,2003-05-30
240,False,The Godfather Part II,en,1974-12-20
502356,False,The Super Mario Bros. Movie,en,2023-04-05
447273,False,Snow White,en,2025-03-19
1185806,False,PAW Patrol: The Dino Movie,en,2026-07-23
713704,False,Evil Dead Rise,en,2023-04-12
1050390,False,監禁逃亡　美しき獲物たち,ja,1993-12-24
13,False,Forrest Gump,en,1994-06-23
1567187,False,Memoria de una madre,es,2025-10-21
798645,False,The Running Man,en,2025-11-11
1087192,False,How to Train Your Dragon,en,2025-06-06
284054,False,Black Panther,en,2018-02-13
687259,False,镜花风月三之螺女挑情,zh,1982-01-01
497698,False,Black Widow,en,2021-07-07
11036,False,The Notebook,en,2004-06-25
324786,False,Hacksaw Ridge,en,2016-10-07
552524,False,Lilo & Stitch,en,2025-05-17
10681,False,WALL·E,en,2008-06-26
20352,False,Despicable Me,en,2010-07-08
863,False,Toy Story 2,en,1999-10-30
150540,False,Inside Out,en,2015-06-17
138843,False,The Conjuring,en,2013-07-18
200066,False,Il frullo del passero,it,1988-01-01
10195,False,Thor,en,2011-04-21
1522126,False,1000 Men and Me: The Bonnie Blue Story,en,2025-07-29
68721,False,Iron Man 3,en,2013-04-18
1054867,False,One Battle After Another,en,2025-09-23
1408170,False,లెనిన్,te,2026-07-10
210577,False,Gone Girl,en,2014-10-01
1305672,False,抓特务,zh,2026-06-19
244786,False,Whiplash,en,2014-10-10
283995,False,Guardians of the Galaxy Vol. 2,en,2017-04-25
1306368,False,The Rip,en,2026-01-13
950387,False,A Minecraft Movie,en,2025-03-31
293660,False,Deadpool,en,2016-02-09
558449,False,Gladiator II,en,2024-11-13
76338,False,Thor: The Dark World,en,2013-10-30
138843,False,The Conjuring,en,2013-07-18
1567187,False,Memoria de una madre,es,2025-10-21
76600,False,Avatar: The Way of Water,en,2022-12-14
508947,False,Turning Red,en,2022-03-10
301528,False,Toy Story 4,en,2019-06-19
574475,False,Final Destination Bloodlines,en,2025-05-14
572802,False,Aquaman and the Lost Kingdom,en,2023-12-20
424,False,Schindler's List,en,1993-12-15
539972,False,Kraven the Hunter,en,2024-12-11
575265,False,Mission: Impossible - The Final Reckoning,en,2025-05-17
2062,False,Ratatouille,en,2007-06-28
807,False,Se7en,en,1995-09-22
22,False,Pirates of the Caribbean: The Curse of the Black Pearl,en,2003-07-09
354912,False,Coco,en,2017-10-27
39254,False,Real Steel,en,2011-09-28
489,False,Good Will Hunting,en,1997-12-05
18785,False,The Hangover,en,2009-06-02
216919,False,Deseo,es,2013-09-13
564,False,The Mummy,en,1999-04-16
286217,False,The Martian,en,2015-09-30
1266127,False,Ready or Not: Here I Come,en,2026-03-19
106646,False,The Wolf of Wall Street,en,2013-12-25
436270,False,Black Adam,en,2022-10-19
505642,False,Black Panther: Wakanda Forever,en,2022-11-09
102899,False,Ant-Man,en,2015-07-14
1235877,False,ஜன நாயகன்,ta,2026-07-22
1698575,False,"Snoopy Presents: There's No Place Like Home, Snoopy",en,2026-07-30
228150,False,Fury,en,2014-10-15
945961,False,Alien: Romulus,en,2024-08-13
330457,False,Frozen II,en,2019-11-20
38365,False,Grown Ups,en,2010-06-24
1078605,False,Weapons,en,2025-08-04
1124,False,The Prestige,en,2006-10-19
198663,False,The Maze Runner,en,2014-09-10
1433367,False,One Night Only,en,2026-07-28
12153,False,White Chicks,en,2004-06-23
448772,False,Un grande amore,it,1995-01-01
272,False,Batman Begins,en,2005-06-10
1156594,False,Culpa nuestra,es,2025-10-15
808,False,Shrek,en,2001-05-18
226674,False,L'Adolescente,fr,1979-01-24
1716513,False,Extreme Makeover: Homer Edition,en,2026-06-17
1422,False,The Departed,en,2006-10-04
1358280,False,Taboo: Family Secrets,en,2024-10-22
346698,False,Barbie,en,2023-07-19
1430077,False,Hokum,en,2026-04-29
1062722,False,Frankenstein,en,2025-10-17
614945,False,Voicemails for Isabelle,en,2026-06-20
389,False,12 Angry Men,en,1957-04-10
1240889,False,Teenage Sex and Death at Camp Miasma,en,2026-08-06
1491920,False,功夫女足,zh,2026-07-11
939243,False,Sonic the Hedgehog 3,en,2024-12-19
1669051,False,Kesong Puti,tl,2026-04-24
11324,False,Shutter Island,en,2010-02-14
1202033,False,Enola Holmes 3,en,2026-06-30
109428,False,Evil Dead,en,2013-04-05
299537,False,Captain Marvel,en,2019-03-06
912649,False,Venom: The Last Dance,en,2024-10-22
9806,False,The Incredibles,en,2004-10-27
246655,False,X-Men: Apocalypse,en,2016-05-18
696506,False,Mickey 17,en,2025-02-28
181808,False,Star Wars: The Last Jedi,en,2017-12-13
170,False,28 Days Later,en,2002-10-31
402431,False,Wicked,en,2024-10-16
1595852,False,Boulevard,es,2026-04-10
549509,False,The Brutalist,en,2024-12-20
280,False,Terminator 2: Judgment Day,en,1991-07-03
1613798,False,Venganza,es,2026-02-26
68726,False,Pacific Rim,en,2013-07-11
694,False,The Shining,en,1980-05-23
37165,False,The Truman Show,en,1998-06-04
1100988,False,28 Years Later,en,2025-06-18
1317288,False,Marty Supreme,en,2025-12-19
1317288,False,Marty Supreme,en,2025-12-19
845781,False,Red One,en,2024-10-31
545611,False,Everything Everywhere All at Once,en,2022-03-24
425274,False,Now You See Me: Now You Don't,en,2025-11-12
1571101,False,Evolution,en,2026-02-06
38757,False,Tangled,en,2010-11-24
72190,False,World War Z,en,2013-06-19
383498,False,Deadpool 2,en,2018-05-15
348084,False,団鬼六 白獣の槛,ja,2008-02-29
49521,False,Man of Steel,en,2013-06-12
4935,False,ハウルの動く城,ja,2004-09-09
270303,False,It Follows,en,2015-02-04
533533,False,TRON: Ares,en,2025-10-08
207,False,Dead Poets Society,en,1989-06-02
109445,False,Frozen,en,2013-11-20
744,False,Top Gun,en,1986-05-16
2105,False,American Pie,en,1999-07-09
769,False,GoodFellas,en,1990-09-12
18,False,Le Cinquième Élément,fr,1997-05-02
372058,False,君の名は。,ja,2016-07-01
269149,False,Zootopia,en,2016-02-11
260514,False,Cars 3,en,2017-06-15
77338,False,Intouchables,fr,2011-11-02
298618,False,The Flash,en,2023-06-13
1266127,False,Ready or Not: Here I Come,en,2026-03-19
1236153,False,Mercy,en,2026-01-19
181812,False,Star Wars: The Rise of Skywalker,en,2019-12-18
1363974,False,劇場版 転生したらスライムだった件 蒼海の涙編,ja,2026-02-27
1633056,False,八仙！,zh,2026-07-10
519182,False,Despicable Me 4,en,2024-06-20
857,False,Saving Private Ryan,en,1998-07-24
1250,False,Ghost Rider,en,2007-01-15
637649,False,Wrath of Man,en,2021-04-22
4247,False,Scary Movie,en,2000-07-07
1381027,False,Good Boy,en,2026-03-06
566525,False,Shang-Chi and the Legend of the Ten Rings,en,2021-09-01
285,False,Pirates of the Caribbean: At World's End,en,2007-05-19
140607,False,Star Wars: The Force Awakens,en,2015-12-15
550988,False,Free Guy,en,2021-08-11
58,False,Pirates of the Caribbean: Dead Man's Chest,en,2006-07-06
49013,False,Cars 2,en,2011-06-11
411,False,"The Chronicles of Narnia: The Lion, the Witch and the Wardrobe",en,2005-12-07
9502,False,Kung Fu Panda,en,2008-06-04
49026,False,The Dark Knight Rises,en,2012-07-17
1598766,False,クレヨンしんちゃん 奇々怪々！オラの妖怪バケ～ション,ja,2026-07-31
701387,False,Bugonia,en,2025-10-23
10867,False,Malèna,it,2000-10-27
1279493,False,The Get Out,en,2026-06-18
78,False,Blade Runner,en,1982-06-25
313369,False,La La Land,en,2016-12-01
567609,False,Ready or Not,en,2019-08-21
967941,False,Wicked: For Good,en,2025-11-19
1292415,False,Beast,en,2026-04-10
1197306,False,A Working Man,en,2025-03-26
950028,False,The Invite,en,2026-06-25
315162,False,Puss in Boots: The Last Wish,en,2022-12-07
762509,False,Mufasa: The Lion King,en,2024-12-18
73861,False,Srpski film,sr,2010-01-06
348,False,Alien,en,1979-05-25
823219,False,Straume,lv,2024-08-29
546554,False,Knives Out,en,2019-11-27
578,False,Jaws,en,1975-06-20
101,False,Léon,fr,1994-09-14
345,False,Eyes Wide Shut,en,1999-07-16
127585,False,X-Men: Days of Future Past,en,2014-05-15
667538,False,Transformers: Rise of the Beasts,en,2023-06-06
1659155,False,Los creyentes,es,2026-07-24
1390300,False,Over Your Dead Body,en,2026-03-14
656908,False,रामायण,hi,2026-11-06
604079,False,The Long Walk,en,2025-09-10
419430,False,Get Out,en,2017-02-24
1315303,False,Primate,en,2026-01-01
1038392,False,The Conjuring: Last Rites,en,2025-09-03
363088,False,Ant-Man and the Wasp,en,2018-07-04
345940,False,The Meg,en,2018-08-09
1321008,False,Black Box,en,2026-06-25
24405,False,Chasers,en,1994-04-22
1724816,False,Helena,tl,2026-07-03
615656,False,Meg 2: The Trench,en,2023-08-02
629542,False,The Bad Guys,en,2022-03-17
1337148,False,عائشة لا تستطيع الطيران,ar,2025-05-20
1509599,False,கட்டா குஸ்தி 2,ta,2026-07-03
426063,False,Nosferatu,en,2024-12-25
3933,False,Corpse Bride,en,2005-09-12
1156593,False,Culpa tuya,es,2024-12-26
1234731,False,Anaconda,en,2025-12-24
11544,False,Lilo & Stitch,en,2002-06-21
785084,False,The Whale,en,2022-12-09
1329016,False,Tony,en,2026-08-07
106,False,Predator,en,1987-06-12
436969,False,The Suicide Squad,en,2021-07-28
111,False,Scarface,en,1983-12-09
14160,False,Up,en,2009-05-28
24,False,Kill Bill: Vol. 1,en,2003-10-10
1632181,False,Socias por accidente,es,2026-03-12
1361774,False,The Dink,en,2026-07-23
16869,False,Inglourious Basterds,en,2009-08-02
296096,False,Me Before You,en,2016-06-01
1340206,False,Tuner,en,2026-05-21
1100782,False,Smile 2,en,2024-10-16
1477317,False,Your Fault: London,en,2026-06-17
8966,False,Twilight,en,2008-11-20
24,False,Kill Bill: Vol. 1,en,2003-10-10
6479,False,I Am Legend,en,2007-12-12
792307,False,Poor Things,en,2023-12-07
980477,False,哪吒之魔童闹海,zh,2025-01-29
4348,False,Pride & Prejudice,en,2005-09-16
1541560,False,Stop! That! Train!,en,2026-06-12
320288,False,Dark Phoenix,en,2019-06-05
744275,False,After We Fell,en,2021-09-01
396535,False,부산행,ko,2016-07-20
1064213,False,Anora,en,2024-10-14
76768,False,Il diavolo nella carne,en,1991-06-11
269955,False,인간중독,ko,2014-05-14
70981,False,Prometheus,en,2012-05-30
82690,False,Wreck-It Ralph,en,2012-11-01
679,False,Aliens,en,1986-07-18
39688,False,Comme un frère,fr,2005-04-17
1301310,False,Zombies of the Third Reich,en,2025-06-10
333339,False,Ready Player One,en,2018-03-28
333339,False,Ready Player One,en,2018-03-28
1317149,False,I Swear,en,2025-09-22
35,False,The Simpsons Movie,en,2007-07-25
205596,False,The Imitation Game,en,2014-11-14
360920,False,The Grinch,en,2018-11-08
615,False,The Passion of the Christ,en,2004-02-25
393392,False,もどり川,ja,1983-04-16
1084199,False,Companion,en,2025-01-22
259693,False,The Conjuring 2,en,2016-06-08
425,False,Ice Age,en,2002-03-14
156022,False,The Equalizer,en,2014-09-24
866398,False,The Beekeeper,en,2024-01-08
254128,False,San Andreas,en,2015-05-27
541671,False,Ballerina,en,2025-06-04
920,False,Cars,en,2006-06-08
786892,False,Furiosa: A Mad Max Saga,en,2024-05-22
991494,False,The SpongeBob Movie: Search for SquarePants,en,2025-12-16
609681,False,The Marvels,en,2023-11-08
603692,False,John Wick: Chapter 4,en,2023-03-21
718930,False,Bullet Train,en,2022-08-03
966,False,The Magnificent Seven,en,1960-10-12
216015,False,Fifty Shades of Grey,en,2015-02-11
539,False,Psycho,en,1960-06-22
490132,False,Green Book,en,2018-11-16
976573,False,Elemental,en,2023-06-14
985939,False,Fall,en,2022-08-11
512200,False,Jumanji: The Next Level,en,2019-12-04
562,False,Die Hard,en,1988-07-15
466272,False,Once Upon a Time... in Hollywood,en,2019-07-24
103,False,Taxi Driver,en,1976-02-09
93456,False,Despicable Me 2,en,2013-06-26
207947,False,白衣物語 淫す！,ja,1984-03-02
1495,False,Kingdom of Heaven,en,2005-05-03
530385,False,Midsommar,en,2019-07-03
137,False,Groundhog Day,en,1993-02-11
1228246,False,Five Nights at Freddy's 2,en,2025-12-03
194117,False,La donna della luna,it,1988-03-31
1771,False,Captain America: The First Avenger,en,2011-07-22
77,False,Memento,en,2000-10-11
10625,False,Mean Girls,en,2004-04-30
10625,False,Mean Girls,en,2004-04-30
49519,False,The Croods,en,2013-03-15
420818,False,The Lion King,en,2019-07-12
1058424,False,호프,ko,2026-07-15
1007734,False,Nobody 2,en,2025-08-13
290098,False,아가씨,ko,2016-06-01
1865,False,Pirates of the Caribbean: On Stranger Tides,en,2011-05-15
810,False,Shrek the Third,en,2007-05-17
1641319,False,Sniper: No Nation,en,2026-03-13
1175942,False,The Bad Guys 2,en,2025-07-24
772,False,Home Alone 2: Lost in New York,en,1992-11-15
829557,False,365 dni: Ten dzień,pl,2022-04-26
858024,False,Hamnet,en,2025-11-26
577922,False,Tenet,en,2020-08-22
637,False,La vita è bella,it,1997-12-20
47971,False,xXx: Return of Xander Cage,en,2017-01-13
1650558,False,Abot Langit,tl,2026-03-13
630,False,The Wizard of Oz,en,1939-08-21
934433,False,Scream VI,en,2023-03-08
209112,False,Batman v Superman: Dawn of Justice,en,2016-03-23
1144107,False,罗小黑战记 2,zh,2025-07-18
1145758,False,Birder,en,2023-08-11
168259,False,Furious 7,en,2015-04-01
62,False,2001: A Space Odyssey,en,1968-04-02
507086,False,Jurassic World Dominion,en,2022-06-01
8363,False,Superbad,en,2007-08-17
746036,False,The Fall Guy,en,2024-04-24
131631,False,The Hunger Games: Mockingjay - Part 1,en,2014-11-19
1097549,False,Babygirl,en,2024-12-25
337167,False,Fifty Shades Freed,en,2018-01-17
36647,False,Blade,en,1998-08-21
10191,False,How to Train Your Dragon,en,2010-03-18
81774,False,Les Exploits d'un jeune Don Juan,fr,1986-11-04
260513,False,Incredibles 2,en,2018-06-14
62177,False,Brave,en,2012-06-21
263115,False,Logan,en,2017-02-28
75656,False,Now You See Me,en,2013-05-29
11012,False,Damage,en,1992-12-02
118,False,Charlie and the Chocolate Factory,en,2005-07-13
1159831,False,The Bride!,en,2026-03-04
30471,False,Spiderbabe,en,2003-10-14
135397,False,Jurassic World,en,2015-06-06
1318413,False,Pressure,en,2026-05-25
150689,False,Cinderella,en,2015-03-06
381284,False,Hidden Figures,en,2016-12-10
1330021,False,Remarkably Bright Creatures,en,2026-05-07
812583,False,Wake Up Dead Man: A Knives Out Mystery,en,2025-11-26
809,False,Shrek 2,en,2004-05-19
1573,False,Die Hard 2,en,1990-07-03
953,False,Madagascar,en,2005-05-25
593643,False,The Menu,en,2022-11-17
1402,False,The Pursuit of Happyness,en,2006-12-14
186813,False,Boys to Men,en,2001-03-16
423,False,The Pianist,en,2002-09-17
72105,False,Ted,en,2012-06-29
398818,False,Call Me by Your Name,en,2017-10-01
141052,False,Justice League,en,2017-11-15
28,False,Apocalypse Now,en,1979-05-19
1891,False,The Empire Strikes Back,en,1980-05-20
840705,False,Blink Twice,en,2024-08-21
812,False,Aladdin,en,1992-11-25
1091,False,The Thing,en,1982-06-25
1072790,False,Anyone but You,en,2023-12-21
1011985,False,Kung Fu Panda 4,en,2024-03-02
85,False,Raiders of the Lost Ark,en,1981-06-12
755679,False,Fast Forever,en,2028-03-16
1089791,False,La huella de unos labios,es,2023-06-17
4588,False,色‧戒,zh,2007-09-24
1539104,False,劇場版 呪術廻戦「渋谷事変 特別編集版」×「死滅回游 先行上映」,ja,2025-11-07
10020,False,Beauty and the Beast,en,1991-10-22
9487,False,A Bug's Life,en,1998-11-25
1087891,False,The Amateur,en,2025-04-09
18239,False,The Twilight Saga: New Moon,en,2009-11-18
510,False,One Flew Over the Cuckoo's Nest,en,1975-11-19
2251,False,Unfaithful,en,2002-05-10
680493,False,Return to Silent Hill,en,2026-01-21
115,False,The Big Lebowski,en,1998-03-06
57800,False,Ice Age: Continental Drift,en,2012-06-27
100402,False,Captain America: The Winter Soldier,en,2014-03-20
764,False,The Evil Dead,en,1982-05-25
57800,False,Ice Age: Continental Drift,en,2012-06-27
100402,False,Captain America: The Winter Soldier,en,2014-03-20
764,False,The Evil Dead,en,1982-05-25
337404,False,Cruella,en,2021-05-26
214756,False,Ted 2,en,2015-06-25
843527,False,The Idea of You,en,2024-05-02
359410,False,Road House,en,2024-03-08
10494,False,PERFECT BLUE,ja,1998-02-28
6977,False,No Country for Old Men,en,2007-11-09
1084187,False,Pretty Lethal,en,2026-03-13
598,False,Cidade de Deus,pt,2002-08-30
1316092,False,"""Wuthering Heights""",en,2026-02-11
698687,False,Transformers One,en,2024-09-11
74,False,War of the Worlds,en,2005-06-28
1679730,False,THE RIBBON HERO リボンヒーロー,ja,2026-08-07
1359,False,American Psycho,en,2000-04-13
640146,False,Ant-Man and the Wasp: Quantumania,en,2023-02-15
89657,False,Country Hooker,en,1974-10-04
353486,False,Jumanji: Welcome to the Jungle,en,2017-12-09
438148,False,Minions: The Rise of Gru,en,2022-06-29
500,False,Reservoir Dogs,en,1992-09-02
1003598,False,Avengers: Secret Wars,en,2027-09-15
607,False,Men in Black,en,1997-07-02
161,False,Ocean's Eleven,en,2001-12-07
791373,False,Zack Snyder's Justice League,en,2021-03-18
641284,False,Excitation au soleil,fr,1978-03-22
335983,False,Venom,en,2018-09-28
653346,False,Kingdom of the Planet of the Apes,en,2024-05-08
917496,False,Beetlejuice Beetlejuice,en,2024-09-04
297762,False,Wonder Woman,en,2017-05-30
1246049,False,Dracula,fr,2025-07-30
118340,False,Guardians of the Galaxy,en,2014-07-30
493922,False,Hereditary,en,2018-06-07
975511,False,The Return,en,2024-11-28
36586,False,Blade II,en,2002-03-22
855,False,Black Hawk Down,en,2001-12-28
460465,False,Mortal Kombat,en,2021-04-07
745,False,The Sixth Sense,en,1999-08-06
1357633,False,俺だけレベルアップな件 -ReAwakening-,ja,2024-11-26
10144,False,The Little Mermaid,en,1989-11-17
57158,False,The Hobbit: The Desolation of Smaug,en,2013-12-11
1363387,False,Saccharine,en,2026-05-22
338953,False,Fantastic Beasts: The Secrets of Dumbledore,en,2022-04-06
278154,False,Ice Age: Collision Course,en,2016-06-23
949,False,Heat,en,1995-12-15
1119449,False,"Good Luck, Have Fun, Don't Die",en,2026-02-13
1309083,False,Dolly,en,2026-03-06
568124,False,Encanto,en,2021-10-13
10674,False,Mulan,en,1998-06-18
374720,False,Dunkirk,en,2017-07-19
12155,False,Alice in Wonderland,en,2010-03-03
1292695,False,They Will Kill You,en,2026-03-25
270946,False,Penguins of Madagascar,en,2014-11-22
615777,False,Babylon,en,2022-12-22
9820,False,The Parent Trap,en,1998-07-28
1671548,False,给阿嬷的情书,zh,2026-04-30
11852,False,The Hot Chick,en,2002-12-13
1397385,False,Little Brother,en,2026-06-18
1656220,False,23 000 Leben,de,2026-07-02
1058424,False,호프,ko,2026-07-15
1397385,False,Little Brother,en,2026-06-18
1656220,False,23 000 Leben,de,2026-07-02
7220,False,The Punisher,en,2004-04-15
1472951,False,Infiltrate,en,2026-07-09
1214931,False,Nuremberg,en,2025-11-06
1579,False,Apocalypto,en,2006-12-07
61791,False,Rise of the Planet of the Apes,en,2011-08-03
13475,False,Star Trek,en,2009-05-06
1259102,False,Eternity,en,2025-11-10
281957,False,The Revenant,en,2015-12-25
1294203,False,My Fault: London,en,2025-02-12
359724,False,Ford v Ferrari,en,2019-11-13
823464,False,Godzilla x Kong: The New Empire,en,2024-03-27
466420,False,Killers of the Flower Moon,en,2023-10-18
370172,False,No Time to Die,en,2021-09-29
87101,False,Terminator Genisys,en,2015-06-23
629,False,The Usual Suspects,en,1995-07-19
9552,False,The Exorcist,en,1973-12-26
38,False,Eternal Sunshine of the Spotless Mind,en,2004-03-19
18405,False,The Last House on the Left,en,2009-03-13
454626,False,Sonic the Hedgehog,en,2020-02-12
1124620,False,The Monkey,en,2025-02-10
297802,False,Aquaman,en,2018-12-07
329865,False,Arrival,en,2016-11-10
11688,False,The Emperor's New Groove,en,2000-12-15
929590,False,Civil War,en,2024-04-10
1241436,False,Warfare,en,2025-04-09
128,False,もののけ姫,ja,1997-07-12
493529,False,Dungeons & Dragons: Honor Among Thieves,en,2023-03-23
44214,False,Black Swan,en,2010-12-03
1443894,False,Forgive Us All,en,2025-05-08
64690,False,Drive,en,2011-09-15
259316,False,Fantastic Beasts and Where to Find Them,en,2016-11-16
1480387,False,undertone,en,2026-03-12
1368,False,First Blood,en,1982-10-22
122906,False,About Time,en,2013-09-04
126889,False,Alien: Covenant,en,2017-05-09
282035,False,The Mummy,en,2017-06-06
71676,False,Ghost Rider: Spirit of Vengeance,en,2011-12-10
8358,False,Cast Away,en,2000-12-22
1377676,False,Kenraaliharjoitus,fi,2025-03-07
758330,False,"Good Luck to You, Leo Grande",en,2022-06-16
1138194,False,Heretic,en,2024-10-31
109418,False,Grown Ups 2,en,2013-07-11
1084577,False,Balls Up,en,2026-04-15
999136,False,Do Not Enter,en,2026-03-19
974576,False,Conclave,en,2024-10-25
670292,False,The Creator,en,2023-09-27
38575,False,The Karate Kid,en,2010-06-10
119450,False,Dawn of the Planet of the Apes,en,2014-07-08
1064028,False,Subservience,en,2024-08-15
1893,False,Star Wars: Episode I - The Phantom Menace,en,1999-05-19
474350,False,It Chapter Two,en,2019-09-04
18240,False,The Proposal,en,2009-06-02
875828,False,Peaky Blinders: The Immortal Man,en,2026-03-05
524434,False,Eternals,en,2021-11-03
640,False,Catch Me If You Can,en,2002-12-16
1151031,False,Bring Her Back,en,2025-05-19
756999,False,The Black Phone,en,2022-06-16
639988,False,어쩔수가없다,ko,2025-09-24
80295,False,Der Frühreifen-Report,de,1973-08-16
580489,False,Venom: Let There Be Carnage,en,2021-09-30
339403,False,Baby Driver,en,2017-06-28
9479,False,The Nightmare Before Christmas,en,1993-10-09
1098006,False,Fountain of Youth,en,2025-05-19
36648,False,Blade: Trinity,en,2004-12-08
311,False,Once Upon a Time in America,en,1984-05-23
573435,False,Bad Boys: Ride or Die,en,2024-06-05
393,False,Kill Bill: Vol. 2,en,2004-04-16
604,False,The Matrix Reloaded,en,2003-05-15
4232,False,Scream,en,1996-12-20
447332,False,A Quiet Place,en,2018-04-03
752,False,V for Vendetta,en,2006-02-23
1468683,False,Heartstopper Forever,en,2026-07-14
1585,False,It's a Wonderful Life,en,1946-12-20
36557,False,Casino Royale,en,2006-11-14
1387382,False,Hunting Season,en,2025-12-05
1895,False,Star Wars: Episode III - Revenge of the Sith,en,2005-05-17
1196470,False,Survivre,fr,2024-06-19
1470130,False,The Mortuary Assistant,en,2026-02-13
9738,False,Fantastic Four,en,2005-06-29
335977,False,Indiana Jones and the Dial of Destiny,en,2023-06-25
1396749,False,와일드 씽,ko,2026-06-03
561,False,Constantine,en,2005-02-08
273481,False,Sicario,en,2015-09-17
114,False,Pretty Woman,en,1990-03-23
11770,False,少林足球,cn,2001-07-05
1291595,False,Insidious: Out of the Further,en,2026-08-19
10198,False,The Princess and the Frog,en,2009-12-08
591,False,The Da Vinci Code,en,2006-05-17
351286,False,Jurassic World: Fallen Kingdom,en,2018-06-06
120467,False,The Grand Budapest Hotel,en,2014-02-26
766507,False,Prey,en,2022-08-02
76492,False,Hotel Transylvania,en,2012-09-20
1892,False,Return of the Jedi,en,1983-05-25
1397485,False,Girls Like Girls,en,2026-06-18
252522,False,黛比的幸福生活,zh,2012-01-26
260346,False,Taken 3,en,2014-12-16
101299,False,The Hunger Games: Catching Fire,en,2013-11-15
532794,False,성판17: 남자들의 17가지 성적 판타지,ko,2017-11-13
532794,False,성판17: 남자들의 17가지 성적 판타지,ko,2017-11-13
196,False,Back to the Future Part III,en,1990-05-25
91314,False,Transformers: Age of Extinction,en,2014-06-25
82702,False,How to Train Your Dragon 2,en,2014-06-05
288987,False,Quella età maliziosa,it,1975-03-11
670,False,올드보이,ko,2003-11-21
8355,False,Ice Age: Dawn of the Dinosaurs,en,2009-06-26
853033,False,불륜 동창회 2,ko,2019-02-18
324552,False,John Wick: Chapter 2,en,2017-02-08
4951,False,10 Things I Hate About You,en,1999-03-30
1167307,False,David,en,2025-12-14
49444,False,Kung Fu Panda 2,en,2011-05-25
854,False,The Mask,en,1994-07-29
245891,False,John Wick,en,2014-10-16
507089,False,Five Nights at Freddy's,en,2023-10-25
330459,False,Rogue One: A Star Wars Story,en,2016-12-14
197,False,Braveheart,en,1995-05-24
749170,False,Heads of State,en,2025-06-24
194,False,Le Fabuleux Destin d'Amélie Poulain,fr,2001-04-25
410119,False,足本玉蒲團,cn,1987-10-15
1002398,False,Donselya,tl,2024-10-29
615457,False,Nobody,en,2021-03-18
10591,False,The Girl Next Door,en,2004-04-09
18405,False,The Last House on the Left,en,2009-03-13
8078,False,Alien Resurrection,en,1997-11-12
1005331,False,Carry-On,en,2024-12-05
242582,False,Nightcrawler,en,2014-10-23
635302,False,劇場版「鬼滅の刃」無限列車編,ja,2020-10-16
2501,False,The Bourne Identity,en,2002-06-14
1242332,False,Normal,en,2026-04-16
942,False,Lethal Weapon 2,en,1989-07-07
146233,False,Prisoners,en,2013-09-19
299710,False,À 14 ans,fr,2015-02-25
8467,False,Dumb and Dumber,en,1994-12-16
38055,False,Megamind,en,2010-10-28
420634,False,Terrifier,en,2018-01-25
73723,False,The Lorax,en,2012-03-01
75780,False,Jack Reacher,en,2012-12-20
1035259,False,The Naked Gun,en,2025-07-30
4258,False,Scary Movie 5,en,2013-04-11
75780,False,Jack Reacher,en,2012-12-20
1035259,False,The Naked Gun,en,2025-07-30
4258,False,Scary Movie 5,en,2013-04-11
11836,False,The SpongeBob SquarePants Movie,en,2004-11-19
587807,False,Tom & Jerry,en,2021-02-10
787,False,Mr. & Mrs. Smith,en,2005-06-07
1327862,False,Regretting You,en,2025-10-22
27,False,9 Songs,en,2004-07-16
373571,False,Godzilla: King of the Monsters,en,2019-05-29
915935,False,Anatomie d'une chute,fr,2023-08-23
318846,False,The Big Short,en,2015-12-11
185,False,A Clockwork Orange,en,1971-10-28
102651,False,Maleficent,en,2014-05-28
1448560,False,Wildcat,en,2025-11-19
310,False,Bruce Almighty,en,2003-05-23
661539,False,A Complete Unknown,en,2024-12-25
482706,False,올리고당 더 무비,ko,2017-06-15
98566,False,Teenage Mutant Ninja Turtles,en,2014-08-07
467244,False,The Zone of Interest,en,2023-12-15
297761,False,Suicide Squad,en,2016-08-03
377,False,A Nightmare on Elm Street,en,1984-11-09
968051,False,The Nun II,en,2023-09-06
137106,False,The Lego Movie,en,2014-02-06
1732097,False,Euphoria: A Look Back,en,2026-07-24
675353,False,Sonic the Hedgehog 2,en,2022-03-30
613504,False,After We Collided,en,2020-09-02
530915,False,1917,en,2019-12-25
8681,False,Taken,en,2008-02-18
1440050,False,The Breadwinner,en,2026-05-29
1220564,False,O Agente Secreto,pt,2025-07-23
9480,False,Daredevil,en,2003-02-14
14,False,American Beauty,en,1999-09-15
634492,False,Madame Web,en,2024-02-14
1043197,False,Dust Bunny,en,2025-12-11
588228,False,The Tomorrow War,en,2021-09-03
10882,False,Sleeping Beauty,en,1959-02-17
396422,False,Annabelle: Creation,en,2017-08-03
207703,False,Kingsman: The Secret Service,en,2015-01-24
137051,False,Midnight Matinee,en,1988-10-12
4248,False,Scary Movie 2,en,2001-07-04
137051,False,Midnight Matinee,en,1988-10-12
4248,False,Scary Movie 2,en,2001-07-04
293167,False,Kong: Skull Island,en,2017-03-08
257344,False,Pixels,en,2015-07-16
695721,False,The Hunger Games: The Ballad of Songbirds & Snakes,en,2023-11-15
1242011,False,Together,en,2025-07-14
1735,False,The Mummy: Tomb of the Dragon Emperor,en,2008-07-01
384018,False,Fast & Furious Presents: Hobbs & Shaw,en,2019-07-31
1630423,False,เลือดรักนักฆ่า,th,2026-05-06
1739320,False,Racing Heart,es,2026-07-28
615173,False,마녀 2,ko,2022-06-15
73,False,American History X,en,1998-07-01
335,False,C'era una volta il West,it,1968-12-21
870028,False,The Accountant²,en,2025-04-23
1545621,False,名探偵コナン ハイウェイの堕天使,ja,2026-04-10
1013850,False,A Real Pain,en,2024-11-01
7518,False,Over the Hedge,en,2006-05-17
1001835,False,Wifelike,en,2022-08-12
215,False,Saw II,en,2005-10-28
264660,False,Ex Machina,en,2015-01-21
1408208,False,８番出口,ja,2025-08-03
9016,False,Treasure Planet,en,2002-11-26
9340,False,The Goonies,en,1985-06-07
329,False,Jurassic Park,en,1993-06-11
1197137,False,Black Phone 2,en,2025-10-15
979,False,Irréversible,fr,2002-05-22
1057265,False,పెద్ది,te,2026-06-03
335787,False,Uncharted,en,2022-02-10
568,False,Apollo 13,en,1995-06-30
926393,False,The Equalizer 3,en,2023-08-30
9876,False,Stop! Or My Mom Will Shoot,en,1992-02-21
1278,False,The Dreamers,en,2003-10-10
436565,False,Un toro da monta,it,1976-01-01
1141970,False,ครัวสาว,th,2026-07-02
753342,False,Napoleon,en,2023-11-22
752623,False,The Lost City,en,2022-03-23
7451,False,xXx,en,2002-08-09
1241983,False,Train Dreams,en,2025-11-05
575264,False,Mission: Impossible - Dead Reckoning Part One,en,2023-07-08
402900,False,Ocean's Eight,en,2018-06-07
980489,False,Gran Turismo,en,2023-08-09
188927,False,Star Trek Beyond,en,2016-07-07
310131,False,The Witch,en,2016-02-19
43947,False,I Spit on Your Grave,en,2010-06-17
515001,False,Jojo Rabbit,en,2019-10-18
11619,False,Flushed Away,en,2006-10-22
13448,False,Angels & Demons,en,2009-04-20
760104,False,X,en,2022-03-17
137113,False,Edge of Tomorrow,en,2014-05-27
15121,False,The Sound of Music,en,1965-03-29
166428,False,How to Train Your Dragon: The Hidden World,en,2019-01-03
602,False,Independence Day,en,1996-07-02
1383731,False,Protector,en,2026-02-20
974950,False,Emilia Pérez,fr,2024-08-21
439079,False,The Nun,en,2018-09-05
242,False,The Godfather Part III,en,1990-12-25
297,False,Meet Joe Black,en,1998-11-12
438695,False,Sing 2,en,2021-12-01
228794,False,Vizio e provocazione,it,1995-12-15
395834,False,Wind River,en,2017-08-03
116745,False,The Secret Life of Walter Mitty,en,2013-12-18
169,False,Predator 2,en,1990-11-21
340102,False,The New Mutants,en,2020-04-02
184315,False,Hercules,en,2014-07-23
804150,False,Cocaine Bear,en,2023-02-22
7512,False,Idiocracy,en,2006-09-01
364,False,Batman Returns,en,1992-06-19
11970,False,Hercules,en,1997-06-13
616,False,The Last Samurai,en,2003-12-05
14161,False,2012,en,2009-10-10
10066,False,House of Wax,en,2005-05-05
524047,False,Greenland,en,2020-07-29
1417285,False,ราคี,th,2026-02-26
2649,False,The Game,en,1997-09-12
1022787,False,Elio,en,2025-06-18
1034541,False,Terrifier 3,en,2024-10-09
696393,False,Cold Storage,en,2026-01-22
954,False,Mission: Impossible,en,1996-05-22
1170608,False,Dune: Part Three,en,2026-12-16
893723,False,PAW Patrol: The Mighty Movie,en,2023-09-21
950,False,Ice Age: The Meltdown,en,2006-03-29
1008042,False,Talk to Me,en,2023-07-26
1584215,False,The Internship,en,2026-01-13
514847,False,The Hunt,en,2020-03-11
1813,False,The Devil's Advocate,en,1997-10-17
567,False,Rear Window,en,1954-08-01
639933,False,The Northman,en,2022-04-07
1572,False,Die Hard: With a Vengeance,en,1995-05-19
1924,False,Superman,en,1978-12-14
697843,False,Extraction 2,en,2023-06-09
447277,False,The Little Mermaid,en,2023-05-18
390062,False,Jungle,en,2017-06-27
1032823,False,Trap,en,2024-07-31
8392,False,となりのトトロ,ja,1988-04-16
80321,False,Madagascar 3: Europe's Most Wanted,en,2012-06-06
291805,False,Now You See Me 2,en,2016-06-02
417859,False,Puss in Boots,en,2011-10-27
675871,False,Super Troopers 3,en,2026-08-06
88,False,Dirty Dancing,en,1987-08-21
286687,False,화려한 외출,ko,2013-12-05
8689,False,Cannibal Holocaust,it,1980-02-07
1317672,False,Love Me Love Me,en,2026-02-12
10192,False,Shrek Forever After,en,2010-05-16
15512,False,Monsters vs Aliens,en,2009-03-19
948,False,Halloween,en,1978-10-24
87,False,Indiana Jones and the Temple of Doom,en,1984-05-23
140300,False,Kung Fu Panda 3,en,2016-01-23
257211,False,The Intern,en,2015-09-23
1927,False,Hulk,en,2003-06-19
1114513,False,Speak No Evil,en,2024-09-11
1288059,False,I Want Your Sex,en,2026-07-29
185664,False,団鬼六　修道女縄地獄,ja,1984-05-25
408,False,Snow White and the Seven Dwarfs,en,1938-01-22
1271,False,300,en,2007-03-07
11224,False,Cinderella,en,1950-02-22
166426,False,Pirates of the Caribbean: Dead Men Tell No Tales,en,2017-05-23
414419,False,Kill Bill: The Whole Bloody Affair,en,2011-03-27
508943,False,Luca,en,2021-06-17
614479,False,Insidious: The Red Door,en,2023-07-05
162,False,Edward Scissorhands,en,1990-12-07
508943,False,Luca,en,2021-06-17
1376434,False,Predator: Killer of Killers,en,2025-06-05
614479,False,Insidious: The Red Door,en,2023-07-05
162,False,Edward Scissorhands,en,1990-12-07
2034,False,Training Day,en,2001-10-05
63,False,Twelve Monkeys,en,1995-12-29
440,False,Aliens vs Predator: Requiem,en,2007-12-25
76,False,Before Sunrise,en,1995-01-27
861,False,Total Recall,en,1990-06-01
9323,False,GHOST IN THE SHELL,ja,1995-11-18
1198984,False,We Bury the Dead,en,2026-01-01
1366,False,Rocky,en,1976-12-03
801335,False,Girl in the Basement,en,2021-02-27
753012,False,외출 3,ko,2020-09-25
24021,False,The Twilight Saga: Eclipse,en,2010-06-23
1710886,False,Sugar Mommy,tl,2026-06-09
646385,False,Scream,en,2022-01-12
788,False,Mrs. Doubtfire,en,1993-11-24
937287,False,Challengers,en,2024-04-18
105864,False,The Good Dinosaur,en,2015-11-14
956,False,Mission: Impossible III,en,2006-04-25
777443,False,The Electric State,en,2025-02-24
1116201,False,Iron Lung,en,2026-01-30
4234,False,Scream 3,en,2000-02-04
399579,False,Alita: Battle Angel,en,2019-01-31
1894,False,Star Wars: Episode II - Attack of the Clones,en,2002-05-15
49018,False,Insidious,en,2011-03-31
26466,False,Triangle,en,2009-10-16
302946,False,The Accountant,en,2016-10-13
69733,False,La donna lupo,it,1999-08-26
1694978,False,Chum,en,2026-05-27
7131,False,Van Helsing,en,2004-05-03
1242705,False,One More Shot,en,2025-12-12
1242419,False,Roofman,en,2025-10-06
8835,False,Legally Blonde,en,2001-07-13
54138,False,Star Trek Into Darkness,en,2013-05-05
176,False,Saw,en,2004-10-01
338970,False,Tomb Raider,en,2018-03-05
1824,False,50 First Dates,en,2004-02-13
930564,False,Saltburn,en,2023-11-16
1562,False,28 Weeks Later,en,2007-04-26
423108,False,The Conjuring: The Devil Made Me Do It,en,2021-05-25
335797,False,Sing,en,2016-11-23
50620,False,The Twilight Saga: Breaking Dawn - Part 2,en,2012-11-13
142,False,Brokeback Mountain,en,2005-10-22
273248,False,The Hateful Eight,en,2015-12-25
281338,False,War for the Planet of the Apes,en,2017-07-11
87513,False,Motor City,en,2026-07-23
682507,False,Where the Crawdads Sing,en,2022-07-14
458156,False,John Wick: Chapter 3 - Parabellum,en,2019-05-15
770,False,Gone with the Wind,en,1939-12-15
1417,False,El laberinto del fauno,es,2006-10-11
1288445,False,Mutiny,en,2026-08-19
767036,False,La scelta,it,2020-11-15
240832,False,Lucy,en,2014-07-25
2024,False,The Patriot,en,2000-06-28
7485,False,Shooter,en,2007-03-22
10830,False,Matilda,en,1996-08-02
1223601,False,Sisu 2,fi,2025-10-21
50014,False,The Help,en,2011-08-09
107,False,Snatch,en,2000-09-01
1327688,False,One Mile: Chapter One,en,2026-02-20
748783,False,The Garfield Movie,en,2024-04-30
8656,False,Deep Impact,en,1998-05-08
9297,False,Monster House,en,2006-06-30
1593,False,Night at the Museum,en,2006-12-20
18491,False,新世紀エヴァンゲリオン劇場版 Air／まごころを、君に,ja,1997-07-19
624860,False,The Matrix Resurrections,en,2021-12-16
1136867,False,Materialists,en,2025-06-12
378064,False,映画 聲の形,ja,2016-09-17
235,False,Stand by Me,en,1986-08-08
5503,False,The Fugitive,en,1993-08-06
37724,False,Skyfall,en,2012-10-24
198184,False,Chappie,en,2015-03-04
12405,False,Slumdog Millionaire,en,2008-11-12
804095,False,The Fabelmans,en,2022-11-11
87827,False,Life of Pi,en,2012-11-20
967998,False,Conspiração Fatal,pt,2022-05-26
1645603,False,Night of the Living Dead,en,2026-07-03
404368,False,Ralph Breaks the Internet,en,2018-11-20
537915,False,After,en,2019-04-11
1115544,False,Mike & Nick & Nick & Alice,en,2026-03-14
453,False,A Beautiful Mind,en,2001-12-14
9769,False,Lolita,en,1997-09-27
268,False,Batman,en,1989-06-21
1284016,False,Power Ballad,en,2026-05-18
7446,False,Tropic Thunder,en,2008-08-09
1601243,False,Oscar Shaw,en,2026-01-09
516729,False,Paddington in Peru,en,2024-11-08
180,False,Minority Report,en,2002-06-20
44912,False,Green Lantern,en,2011-06-14
1375441,False,Primetime,en,2026-09-11
11216,False,Nuovo Cinema Paradiso,it,1988-11-17
1290417,False,Thrash,en,2026-04-10
666277,False,Past Lives,en,2023-06-02
467905,False,How to Make a Killing,en,2026-02-16
10601,False,Peter Pan,en,2003-12-18
1232546,False,Until Dawn,en,2025-04-23
181533,False,Night at the Museum: Secret of the Tomb,en,2014-12-17
9325,False,The Jungle Book,en,1967-10-18
412117,False,The Secret Life of Pets 2,en,2019-05-24
940551,False,Migration,en,2023-12-06
44896,False,Rango,en,2011-03-02
365177,False,Borderlands,en,2024-08-07
211672,False,Minions,en,2015-06-17
620,False,Ghostbusters,en,1984-06-08
4327,False,Charlie's Angels,en,2000-11-02
381288,False,Split,en,2017-01-19
1598,False,Cape Fear,en,1991-11-13
1149504,False,Honey Don't!,en,2025-08-21
2493,False,The Princess Bride,en,1987-09-25
1242265,False,Fuze,en,2026-03-23
527774,False,Raya and the Last Dragon,en,2021-03-03
37135,False,Tarzan,en,1999-06-17
4257,False,Scary Movie 4,en,2006-04-12
5825,False,National Lampoon's Christmas Vacation,en,1989-11-30
399174,False,Isle of Dogs,en,2018-03-23
829560,False,Kolejne 365 dni,pl,2022-08-18
402,False,Basic Instinct,en,1992-03-20
27578,False,The Expendables,en,2010-08-07
2048,False,"I, Robot",en,2004-07-15
1426776,False,STRAW,en,2025-06-05
130150,False,Labor Day,en,2013-12-27
1372,False,Blood Diamond,en,2006-12-08
32657,False,Percy Jackson & the Olympians: The Lightning Thief,en,2010-02-01
1119878,False,Ice Road: Vengeance,en,2025-06-27
1654313,False,Unanswered//butterfly,ja,2026-05-09
254,False,King Kong,en,2005-12-12
9982,False,Chicken Little,en,2005-11-04
1025802,False,Drifter,de,2023-11-02
20943,False,The Ugly Truth,en,2009-07-24
49530,False,In Time,en,2011-10-27
628,False,Interview with the Vampire,en,1994-11-11
1431068,False,मैं वापस आऊंगा,hi,2026-06-10
50619,False,The Twilight Saga: Breaking Dawn - Part 1,en,2011-11-16
1261825,False,Oh. What. Fun.,en,2025-12-03
881,False,A Few Good Men,en,1992-12-11
882569,False,Guy Ritchie's The Covenant,en,2023-04-19
49046,False,Im Westen nichts Neues,de,2022-10-07
190859,False,American Sniper,en,2014-12-25
420817,False,Aladdin,en,2019-05-22
353081,False,Mission: Impossible - Fallout,en,2018-07-25
1252309,False,Pídeme lo que quieras,es,2024-11-29
46195,False,Rio,en,2011-04-03
940721,False,ゴジラ-1.0,ja,2023-11-03
7345,False,There Will Be Blood,en,2007-12-26
45612,False,Source Code,en,2011-03-30
941,False,Lethal Weapon,en,1987-03-06
11631,False,Mamma Mia!,en,2008-07-03
22794,False,Cloudy with a Chance of Meatballs,en,2009-09-17
1018,False,Mulholland Drive,en,2001-06-06
1106739,False,Juror #2,en,2024-10-30
1367642,False,Reminders of Him,en,2026-03-11
508,False,Love Actually,en,2003-09-07
976893,False,PERFECT DAYS,ja,2023-11-10
50646,False,"Crazy, Stupid, Love.",en,2011-07-29
64635,False,Total Recall,en,2012-08-02
799882,False,The Bluff,en,2026-02-17
75,False,Mars Attacks!,en,1996-12-13
420809,False,Maleficent: Mistress of Evil,en,2019-10-16
799882,False,The Bluff,en,2026-02-17
75,False,Mars Attacks!,en,1996-12-13
420809,False,Maleficent: Mistress of Evil,en,2019-10-16
217,False,Indiana Jones and the Kingdom of the Crystal Skull,en,2008-05-21
324852,False,Despicable Me 3,en,2017-06-15
424694,False,Bohemian Rhapsody,en,2018-10-24
1398655,False,Blue Film,en,2026-05-08
646380,False,Don't Look Up,en,2021-12-08
14324,False,Virgin Territory,en,2007-12-17
1082195,False,The Order,en,2024-12-05
127380,False,Finding Dory,en,2016-06-16
964980,False,Air,en,2023-04-05
1089,False,Point Break,en,1991-07-12
9802,False,The Rock,en,1996-06-07
418578,False,齐天大性II大破盘丝洞,zh,2005-08-03
774752,False,The Guardians of the Galaxy Holiday Special,en,2022-11-24
661374,False,Glass Onion: A Knives Out Mystery,en,2022-11-23
1949,False,Zodiac,en,2007-03-02
947891,False,My Old Ass,en,2024-09-13
5876,False,The Mist,en,2007-11-21
947891,False,My Old Ass,en,2024-09-13
5876,False,The Mist,en,2007-11-21
2668,False,Sleepy Hollow,en,1999-11-19
530318,False,妹,ja,1974-08-14
37834,False,Knight and Day,en,2010-06-15
600,False,Full Metal Jacket,en,1987-06-26
57214,False,Project X,en,2012-03-01
565770,False,Blue Beetle,en,2023-08-16
1933,False,The Others,en,2001-08-02
43347,False,Love & Other Drugs,en,2010-11-22
37799,False,The Social Network,en,2010-10-01
10009,False,Brother Bear,en,2003-10-23
49529,False,John Carter,en,2012-03-07
1500890,False,Lockbox,en,2026-07-02
9880,False,The Princess Diaries,en,2001-08-03
621,False,Grease,en,1978-06-16
951491,False,Saw X,en,2023-09-27
22744,False,Jane Eyre,en,1943-12-24
1248226,False,Playdate,en,2025-11-04
476669,False,The King's Man,en,2021-12-22
163,False,Ocean's Twelve,en,2004-12-09
158015,False,The Purge,en,2013-05-31
5559,False,Bee Movie,en,2007-10-28
1195506,False,Novocaine,en,2025-03-03
6477,False,Alvin and the Chipmunks,en,2007-12-13
141,False,Donnie Darko,en,2001-01-19
193756,False,Lone Survivor,en,2013-12-24
503919,False,The Lighthouse,en,2019-10-18
398978,False,The Irishman,en,2019-11-01
898704,False,Desert Warrior,en,2026-04-23
4922,False,The Curious Case of Benjamin Button,en,2008-12-25
1204680,False,Coyote vs. Acme,en,2026-08-20
59967,False,Looper,en,2012-09-26
508883,False,君たちはどう生きるか,ja,2023-07-14
1207162,False,Rise of the Conqueror,en,2026-04-09
529203,False,The Croods: A New Age,en,2020-11-25
19404,False,दिलवाले दुल्हनिया ले जायेंगे,hi,1995-10-20
600354,False,The Father,en,2020-12-23
3782,False,生きる,ja,1952-10-09
693,False,Meet the Fockers,en,2004-12-22
177677,False,Mission: Impossible - Rogue Nation,en,2015-07-28
645710,False,The Voyeurs,en,2021-08-25
5175,False,Rush Hour 2,en,2001-08-03
616,False,The Last Samurai,en,2003-12-05
346364,False,It,en,2017-09-06
1084736,False,Le Comte de Monte-Cristo,fr,2024-06-28
14001,False,Dead Silence,en,2007-03-16
799583,False,The Ministry of Ungentlemanly Warfare,en,2024-04-18
151024,False,La soldatessa alle grandi manovre,it,1978-12-07
522627,False,The Gentlemen,en,2020-01-01
22538,False,Scott Pilgrim vs. the World,en,2010-08-12
61930,False,Bagnomaria,it,1999-02-12
9732,False,The Lion King II: Simba's Pride,en,1998-10-24
1635,False,The Island,en,2005-07-21
483411,False,Ladies in Black,en,2018-10-18
12092,False,Alice in Wonderland,en,1951-08-09
1267905,False,The Roses,en,2025-08-27
10527,False,Madagascar: Escape 2 Africa,en,2008-10-30
225886,False,Sex Tape,en,2014-07-17
7191,False,Cloverfield,en,2008-01-15
10527,False,Madagascar: Escape 2 Africa,en,2008-10-30
225886,False,Sex Tape,en,2014-07-17
7191,False,Cloverfield,en,2008-01-15
20453,False,3 Idiots,hi,2009-12-23
605,False,The Matrix Revolutions,en,2003-11-05
89,False,Indiana Jones and the Last Crusade,en,1989-05-24
9334,False,The Scorpion King,en,2002-04-18
405746,False,DOOR,ja,1988-05-14
131634,False,The Hunger Games: Mockingjay - Part 2,en,2015-11-18
1592,False,Primal Fear,en,1996-04-03
50546,False,Just Go with It,en,2011-02-10
921711,False,தமிழ் ராக்கர்ஸ்,ta,2021-12-31
451156,False,Infidelity in Suburbia,en,2017-02-25
449443,False,Den of Thieves,en,2018-01-18
50359,False,Hop,en,2011-03-30
864180,False,The Male Gaze: Three's Company,en,2021-08-27
348893,False,Boyka: Undisputed IV,en,2016-08-01
676,False,Pearl Harbor,en,2001-05-21
585083,False,Hotel Transylvania: Transformania,en,2022-01-31
1107166,False,Psycho Killer,en,2026-02-20
1954,False,The Butterfly Effect,en,2004-01-17
41513,False,The Smurfs,en,2011-07-29
9023,False,Spirit: Stallion of the Cimarron,en,2002-05-24
296,False,Terminator 3: Rise of the Machines,en,2003-07-02
626332,False,Flamin' Hot,en,2023-03-11
10330,False,Freaky Friday,en,2003-08-05
531309,False,Brightburn,en,2019-05-09
800158,False,The Killer,en,2023-10-25
298094,False,我為卿狂,cn,1991-11-15
10693,False,Peter Pan,en,1953-02-05
9470,False,功夫,cn,2004-02-10
14574,False,The Boy in the Striped Pyjamas,en,2008-05-07
762441,False,A Quiet Place: Day One,en,2024-06-26
947,False,Lawrence of Arabia,en,1962-12-11
406997,False,Wonder,en,2017-11-13
13494,False,Red Sonja,en,2025-07-31
13053,False,Bolt,en,2008-11-21
405871,False,令嬢肉奴隷,ja,1985-08-24
1033462,False,749局,zh,2024-10-01
316029,False,The Greatest Showman,en,2017-12-20
405871,False,令嬢肉奴隷,ja,1985-08-24
1033462,False,749局,zh,2024-10-01
316029,False,The Greatest Showman,en,2017-12-20
634,False,Bridget Jones's Diary,en,2001-04-13
916224,False,すずめの戸締まり,ja,2022-11-11
675445,False,PAW Patrol: The Movie,en,2021-08-09
9602,False,Coming to America,en,1988-06-29
813,False,Airplane!,en,1980-06-27
974573,False,Another Simple Favor,en,2025-03-07
505026,False,Death on the Nile,en,2022-02-09
665,False,Ben-Hur,en,1959-11-18
76493,False,The Dictator,en,2012-05-15
214,False,Saw III,en,2006-10-26
290250,False,The Nice Guys,en,2016-05-15
1028196,False,Nickel Boys,en,2024-12-13
1245859,False,Savage House,en,2026-06-05
345887,False,The Equalizer 2,en,2018-07-19
294254,False,Maze Runner: The Scorch Trials,en,2015-09-09
814,False,An American Werewolf in London,en,1981-08-21
1363123,False,The Family Plan 2,en,2025-11-11
579974,False,రౌద్రం రణం రుధిరం,te,2022-03-24
1621,False,Trading Places,en,1983-06-07
740985,False,Borat Subsequent Moviefilm: Delivery of Prodigious Bribe to American Regime for Make Benefit Once Glorious Nation of Kazakhstan,en,2020-10-23
766,False,Army of Darkness,en,1992-10-31
619979,False,Deep Water,en,2022-03-17
45269,False,The King's Speech,en,2010-11-26
277217,False,Descendants,en,2015-07-31
238615,False,Self/less,en,2015-07-10
45243,False,The Hangover Part II,en,2011-05-25
1029575,False,The Family Plan,en,2023-12-14
338952,False,Fantastic Beasts: The Crimes of Grindelwald,en,2018-11-14
627,False,Trainspotting,en,1996-02-23
9072,False,Little Man,en,2006-08-31
10719,False,Elf,en,2003-11-07
889737,False,Joker: Folie à Deux,en,2024-10-01
400155,False,Hotel Transylvania 3: Summer Vacation,en,2018-06-28
633604,False,Yummy,nl,2019-12-13
343611,False,Jack Reacher: Never Go Back,en,2016-10-19
76757,False,Jupiter Ascending,en,2015-02-04
1071585,False,M3GAN 2.0,en,2025-06-25
871,False,Planet of the Apes,en,1968-02-07
251,False,Ghost,en,1990-07-13
520763,False,A Quiet Place Part II,en,2021-05-21
639720,False,IF,en,2024-05-08
427641,False,Rampage,en,2018-04-11
206647,False,Spectre,en,2015-10-26
9902,False,Wrong Turn,en,2003-05-30
194662,False,Birdman or (The Unexpected Virtue of Ignorance),en,2014-10-17
10315,False,Fantastic Mr. Fox,en,2009-10-14
894205,False,Werewolf by Night,en,2022-09-25
262500,False,Insurgent,en,2015-03-18
158852,False,Tomorrowland,en,2015-05-19
924,False,Dawn of the Dead,en,2004-03-19
447404,False,Pokémon Detective Pikachu,en,2019-05-03
153518,False,The Angry Birds Movie,en,2016-05-11
1233575,False,Black Bag,en,2025-03-12
911916,False,Spider-Man: Beyond the Spider-Verse,en,2027-06-17
10585,False,Child's Play,en,1988-11-09
841,False,Dune,en,1984-12-14
38700,False,Bad Boys for Life,en,2020-01-15
1153714,False,Death of a Unicorn,en,2025-03-17
124905,False,Godzilla,en,2014-05-14
949536,False,Kill Code,en,2026-04-16
300671,False,13 Hours: The Secret Soldiers of Benghazi,en,2016-01-14
105825,False,聊齋三集之燈草和尚,cn,1992-03-05
9655,False,She's the Man,en,2006-03-17
9737,False,Bad Boys,en,1995-04-07
147441,False,Exodus: Gods and Kings,en,2014-12-03
9336,False,Police Academy,en,1984-03-22
1489187,False,Сводишь с ума,ru,2025-10-09
287947,False,Shazam!,en,2019-03-29
754,False,Face/Off,en,1997-06-27
464052,False,Wonder Woman 1984,en,2020-12-16
52449,False,Bad Teacher,en,2011-05-16
10196,False,The Last Airbender,en,2010-06-30
23483,False,Kick-Ass,en,2010-03-26
13179,False,Tinker Bell,en,2008-09-11
936108,False,Smurfs,en,2025-06-30
1268127,False,휴민트,ko,2026-02-11
11423,False,살인의 추억,ko,2003-04-25
157350,False,Divergent,en,2014-03-14
1541125,False,年会不能停！2,zh,2026-07-24
56292,False,Mission: Impossible - Ghost Protocol,en,2011-12-07
425909,False,Ghostbusters: Afterlife,en,2021-11-18
8413,False,Event Horizon,en,1997-08-15
454,False,Romeo + Juliet,en,1996-11-01
5879,False,愛のコリーダ,ja,1976-09-15
686,False,Contact,en,1997-07-11
497582,False,Enola Holmes,en,2020-09-22
1620682,False,أحبك من زمان,ar,2026-07-23
581,False,Dances with Wolves,en,1990-11-09
534,False,Terminator Salvation,en,2009-05-20
68972,False,Docteur Popaul,fr,1972-09-29
391713,False,Lady Bird,en,2017-09-01
1182047,False,The Apprentice,en,2024-10-09
2567,False,The Aviator,en,2004-12-17
205587,False,The Judge,en,2014-10-08
149,False,AKIRA,ja,1988-06-10
274857,False,King Arthur: Legend of the Sword,en,2017-05-10
919912,False,Lonely People,en,2021-08-12
274857,False,King Arthur: Legend of the Sword,en,2017-05-10
919912,False,Lonely People,en,2021-08-12
617653,False,The Last Duel,en,2021-10-13
9654,False,The Italian Job,en,2003-05-30
17654,False,District 9,en,2009-08-05
1227241,False,మా ఇంటి బంగారం,te,2026-06-18
193893,False,Let's Be Cops,en,2014-08-13
9693,False,Children of Men,en,2006-09-22
1701,False,Con Air,en,1997-06-05
446893,False,Trolls World Tour,en,2020-03-11
70160,False,The Hunger Games,en,2012-03-12
509,False,Notting Hill,en,1999-05-21
1265,False,Bridge to Terabithia,en,2007-02-15
725201,False,The Gray Man,en,2022-07-13
526896,False,Morbius,en,2022-03-30
964849,False,Yön lapsi,fi,2026-07-01
9358,False,Final Destination 2,en,2003-01-31
787699,False,Wonka,en,2023-12-06
17578,False,The Adventures of Tintin,en,2011-10-24
90,False,Beverly Hills Cop,en,1984-12-05
90,False,Beverly Hills Cop,en,1984-12-05
460458,False,Resident Evil: Welcome to Raccoon City,en,2021-11-24
9509,False,Man on Fire,en,2004-04-23
95,False,Armageddon,en,1998-07-01
280092,False,Insidious: Chapter 3,en,2015-05-28
41446,False,Scream 4,en,2011-04-13
10895,False,Pinocchio,en,1940-02-23
138832,False,We're the Millers,en,2013-08-07
1404791,False,ドールハウス,ja,2025-06-13
308266,False,War Dogs,en,2016-08-18
21484,False,Possession,en,1981-05-27
700186,False,엄마친구 5,ko,2018-08-24
26389,False,From Paris with Love,en,2010-02-04
322,False,Mystic River,en,2003-10-08
411088,False,Contratiempo,es,2017-01-06
882598,False,Smile,en,2022-09-23
644,False,A.I. Artificial Intelligence,en,2001-06-29
82695,False,Les Misérables,en,2012-12-18
765,False,Evil Dead II,en,1987-03-13
44833,False,Battleship,en,2012-04-11
298250,False,Jigsaw,en,2017-10-25
80278,False,The Impossible,en,2012-09-09
299054,False,Expend4bles,en,2023-09-15
2978,False,Ghostbusters II,en,1989-06-16
9702,False,Bound by Honor,en,1993-02-05
1358005,False,Office Romance,en,2026-06-04
673593,False,Mean Girls,en,2024-01-10
1515729,False,Blast,ta,2026-05-28
453,False,A Beautiful Mind,en,2001-12-14
9837,False,The Prince of Egypt,en,1998-12-16
945937,False,Fast Charlie,en,2023-12-08
496,False,Borat: Cultural Learnings of America for Make Benefit Glorious Nation of Kazakhstan,en,2006-11-01
36955,False,True Lies,en,1994-07-15
943315,False,조개의 맛,ko,2021-11-21
10386,False,The Iron Giant,en,1999-08-06
254470,False,Pitch Perfect 2,en,2015-05-07
1284120,False,Den stygge stesøsteren,no,2025-03-07
454640,False,The Angry Birds Movie 2,en,2019-08-02
585534,False,モーニング・ムーンは粗雑に,ja,1981-06-21
7443,False,Chicken Run,en,2000-06-23
7443,False,Chicken Run,en,2000-06-23
337401,False,Mulan,en,2020-09-04
265208,False,Wild Card,en,2015-01-14
1581,False,The Holiday,en,2006-12-05
512195,False,Red Notice,en,2021-11-04
335988,False,Transformers: The Last Knight,en,2017-06-16
343668,False,Kingsman: The Golden Circle,en,2017-09-20
41387,False,國產凌凌漆,cn,1994-10-13
1321491,False,The Banished,en,2025-07-18
53182,False,300: Rise of an Empire,en,2014-03-05
1711175,False,Summerween,en,2026-06-26
107846,False,Escape Plan,en,2013-10-09
12230,False,One Hundred and One Dalmatians,en,1961-01-25
949423,False,Pearl,en,2022-09-16
1414413,False,Brothers Under Fire,en,2026-04-15
319,False,True Romance,en,1993-09-09
1737346,False,Maska 3,az,2019-10-11
698508,False,Redeeming Love,en,2022-01-21
400535,False,Sicario: Day of the Soldado,en,2018-06-27
300669,False,Don't Breathe,en,2016-06-08
401981,False,Red Sparrow,en,2018-02-28
9714,False,Home Alone 3,en,1997-12-12
744653,False,The Thursday Murder Club,en,2025-08-22
804,False,Roman Holiday,en,1953-08-26
273477,False,Scouts Guide to the Zombie Apocalypse,en,2015-10-23
755,False,From Dusk Till Dawn,en,1996-01-19
11362,False,The Count of Monte Cristo,en,2002-01-23
290859,False,Terminator: Dark Fate,en,2019-10-23
1671541,False,三国第一部：争洛阳,zh,2026-06-27
879,False,Hook,en,1991-04-10
9475,False,Scent of a Woman,en,1992-12-23
310307,False,The Founder,en,2016-11-24
41154,False,Men in Black 3,en,2012-05-23
1249213,False,Drop,en,2025-04-07
44115,False,127 Hours,en,2010-11-12
4982,False,American Gangster,en,2007-11-02
28322,False,Vacanze per un massacro,it,1980-03-20
414,False,Batman Forever,en,1995-06-16
10528,False,Sherlock Holmes,en,2009-12-23
108258,False,The Great Mom Swap,en,1995-09-23
929204,False,Wallace & Gromit: Vengeance Most Fowl,en,2024-12-18
250546,False,Annabelle,en,2014-10-01
4561,False,Histoire d'O,fr,1975-08-27
289,False,Casablanca,en,1943-01-15
19994,False,Jennifer's Body,en,2009-09-18
37094,False,Falling Down,en,1993-02-26
899112,False,Violent Night,en,2022-11-30
278927,False,The Jungle Book,en,2016-04-07
168,False,Star Trek IV: The Voyage Home,en,1986-11-26
716273,False,한입만,ko,2020-06-11
37247,False,The Graduate,en,1967-12-21
392044,False,Murder on the Orient Express,en,2017-11-03
23168,False,The Town,en,2010-09-15
159824,False,Hotel Transylvania 2,en,2015-09-21
677179,False,Creed III,en,2023-03-01
165,False,Back to the Future Part II,en,1989-11-22
1272149,False,Bridget Jones: Mad About the Boy,en,2025-02-12
75612,False,Oblivion,en,2013-04-10
1010755,False,The Strangers: Chapter 3,en,2026-02-05
324668,False,Jason Bourne,en,2016-07-27
1010755,False,The Strangers: Chapter 3,en,2026-02-05
324668,False,Jason Bourne,en,2016-07-27
1106289,False,The Pickup,en,2025-07-27
1592768,False,Един грам живот,bg,2025-11-14
786,False,Almost Famous,en,2000-09-15
1637,False,Speed,en,1994-06-09
625119,False,竹籬笆外的春天,zh,1985-08-10
9637,False,Scooby-Doo,en,2002-06-14
930094,False,"Red, White & Royal Blue",en,2023-07-27
11674,False,101 Dalmatians,en,1996-11-27
64682,False,The Great Gatsby,en,2013-05-09
431693,False,Spies in Disguise,en,2019-12-04
1000837,False,Ainda Estou Aqui,pt,2024-09-19
9836,False,Happy Feet,en,2006-11-16
550205,False,Wish Dragon,en,2021-01-15
13056,False,Punisher: War Zone,en,2008-12-05
1421155,False,Ikatan Darah,id,2026-04-30
22881,False,The Blind Side,en,2009-11-20
245842,False,The King's Daughter,en,2022-01-21
747,False,Shaun of the Dead,en,2004-04-09
9286,False,Final Destination 3,en,2006-02-09
249397,False,Nymphomaniac: Vol. II,en,2013-12-25
77931,False,The Smurfs 2,en,2013-07-30
114150,False,Pitch Perfect,en,2012-09-28
602269,False,The Little Things,en,2021-01-28
13183,False,Watchmen,en,2009-03-04
840430,False,The Holdovers,en,2023-10-27
2832,False,Identity,en,2003-04-25
11635,False,Old School,en,2003-02-21
10483,False,Death Race,en,2008-08-22
375588,False,Robin Hood,en,2018-11-03
524,False,Casino,en,1995-11-22
843,False,花樣年華,cn,2000-09-29
473033,False,Uncut Gems,en,2019-08-30
6114,False,Bram Stoker's Dracula,en,1992-11-13
594,False,The Terminal,en,2004-06-17
1147416,False,"Miraculous World : Londres, la course contre le temps",fr,2024-11-14
34851,False,Predators,en,2010-07-07
132232,False,Mama,en,2013-01-17
300668,False,Annihilation,en,2018-02-22
1034716,False,People We Meet on Vacation,en,2026-01-06
10588,False,The Cat in the Hat,en,2003-11-21
974262,False,Descendants: The Rise of Red,en,2024-07-11
28178,False,Hachi: A Dog's Tale,en,2009-06-08
1719326,False,The Cheating Wife,tl,2026-06-26
1575337,False,超かぐや姫！,ja,2026-01-22
327835,False,La collegiale,it,1975-01-01
599,False,Sunset Boulevard,en,1950-08-10
6435,False,Practical Magic,en,1998-10-16
353491,False,The Dark Tower,en,2017-08-03
851644,False,20세기 소녀,ko,2022-10-06
1991,False,Death Proof,en,2007-05-22
967847,False,Ghostbusters: Frozen Empire,en,2024-03-20
333484,False,The Magnificent Seven,en,2016-09-14
205584,False,Gods of Egypt,en,2016-02-25
399404,False,Darkest Hour,en,2017-11-22
9335,False,Transporter 2,en,2005-08-03
48650,False,Habitación en Roma,es,2010-05-07
109439,False,The Hangover Part III,en,2013-05-23
10096,False,13 Going on 30,en,2004-04-13
109439,False,The Hangover Part III,en,2013-05-23
10096,False,13 Going on 30,en,2004-04-13
1308553,False,है जवानी तो इश्क होना है,hi,2026-06-04
622,False,The Ninth Gate,en,1999-08-25
9426,False,The Fly,en,1986-08-15
275,False,Fargo,en,1996-03-08
49948,False,Fantasia 2000,en,2000-01-01
1632812,False,Nada entre los dos,es,2026-05-21
445571,False,Game Night,en,2018-02-15
5255,False,The Polar Express,en,2004-11-10
1531018,False,Sa Gabing Mainit,tl,2025-08-29
1263337,False,Heart of the Beast,en,2026-09-23
1226578,False,Longlegs,en,2024-07-10
9739,False,Demolition Man,en,1993-10-08
519465,False,Dronningen,da,2019-03-27
1567605,False,Ebenezer,en,2026-11-11
1452,False,Superman Returns,en,2006-06-28
5174,False,Rush Hour 3,en,2007-08-08
449176,False,"Love, Simon",en,2018-02-16
293982,False,Miasto 44,pl,2014-09-19
9919,False,How to Lose a Guy in 10 Days,en,2003-02-07
1458215,False,The Gentleman Thief,en,2026-07-31
1379963,False,Dímelo bajito,es,2025-12-11
22804,False,Saw VI,en,2009-10-22
592834,False,My Spy,en,2020-01-09
10112,False,The Aristocats,en,1970-12-24
1369,False,Rambo: First Blood Part II,en,1985-05-21
1088166,False,Relay,en,2025-08-21
9947,False,Elektra,en,2005-01-13
9659,False,Mad Max,en,1979-04-12
238636,False,The Purge: Anarchy,en,2014-07-17
18823,False,Clash of the Titans,en,2010-03-26
853,False,Enemy at the Gates,en,2001-02-28
1146058,False,The Pout-Pout Fish,en,2026-01-01
283366,False,Miss Peregrine's Home for Peculiar Children,en,2016-09-28
884605,False,No Hard Feelings,en,2023-06-15
311324,False,The Great Wall,en,2016-12-16
55685,False,Avere vent'anni,it,1978-07-14
235271,False,Addicted,en,2014-10-10
496450,False,Miraculous - le film,fr,2023-07-05
13186,False,Wrong Turn 2: Dead End,en,2007-08-25
11917,False,Saw V,en,2008-10-23
315837,False,Ghost in the Shell,en,2017-03-29
76203,False,12 Years a Slave,en,2013-10-18
415,False,Batman & Robin,en,1997-06-20
1061699,False,The Six Triple Eight,en,2024-12-06
96721,False,Rush,en,2013-09-02
339846,False,Baywatch,en,2017-05-25
1022796,False,Wish,en,2023-11-13
56141,False,Sotto... sotto... strapazzato da anomala passione,it,1984-03-01
1057491,False,Непослушная,ru,2023-02-14
27582,False,The Mechanic,en,2011-01-13
39514,False,RED,en,2010-10-13
312221,False,Creed,en,2015-11-25
12429,False,崖の上のポニョ,ja,2008-07-19
2502,False,The Bourne Supremacy,en,2004-07-23
1126166,False,Flight Risk,en,2025-01-22
1422096,False,Good Boy,en,2025-10-01
348350,False,Solo: A Star Wars Story,en,2018-05-15
1239193,False,Deep Cover,en,2025-06-12
433,False,Mary Poppins,en,1964-12-17
11395,False,The Santa Clause,en,1994-11-11
83542,False,Cloud Atlas,en,2012-10-26
53064,False,地下幻燈劇画 少女椿,ja,1992-05-02
109451,False,Cloudy with a Chance of Meatballs 2,en,2013-09-26
199,False,Star Trek: First Contact,en,1996-11-22
8871,False,How the Grinch Stole Christmas,en,2000-11-17
84892,False,The Perks of Being a Wallflower,en,2012-09-20
832964,False,Lee,en,2024-09-12
1088434,False,Hellfire,en,2026-05-14
955,False,Mission: Impossible II,en,2000-05-24
79,False,英雄,zh,2002-12-19
3981,False,What Women Want,en,2000-12-15
1556616,False,Yaz Evi,tr,2026-06-06
9390,False,Jerry Maguire,en,1996-12-13
2059,False,National Treasure,en,2004-11-19
87428,False,That's My Boy,en,2012-06-14
446354,False,The Post,en,2017-12-22
1267,False,Meet the Robinsons,en,2007-03-23
619264,False,El hoyo,es,2019-11-08
1267,False,Meet the Robinsons,en,2007-03-23
619264,False,El hoyo,es,2019-11-08
2666,False,Dark City,en,1998-02-27
413114,False,L’orgia,ca,1978-11-26
1621892,False,Fırtına Kız,tr,2026-01-30
877269,False,Strange World,en,2022-11-23
223702,False,Sausage Party,en,2016-07-11
1289936,False,Downton Abbey: The Grand Finale,en,2025-09-10
630940,False,女教師日記２　暴かれた性,ja,1996-06-13
1254786,False,The Life List,en,2025-03-27
2255,False,Chasing Amy,en,1997-04-04
9383,False,Hollow Man,en,2000-08-04
4011,False,Beetlejuice,en,1988-03-30
480530,False,Creed II,en,2018-11-21
405774,False,Bird Box,en,2018-12-13
4347,False,Atonement,en,2007-02-27
117,False,The Untouchables,en,1987-06-03
11023,False,Thirteen,en,2003-08-20
20504,False,The Book of Eli,en,2010-01-14
263472,False,Knock Knock,en,2015-06-26
81529,False,Linda,es,1981-05-29
41439,False,Saw 3D,en,2010-10-22
588,False,Silent Hill,en,2006-04-21
27581,False,The Other Guys,en,2010-08-06
565,False,The Ring,en,2002-10-18
1391021,False,欢迎来龙餐馆,zh,2026-08-08
9614,False,Happy Gilmore,en,1996-02-16
6957,False,The 40 Year Old Virgin,en,2005-08-11
89492,False,This Is 40,en,2012-12-20
110415,False,설국열차,ko,2013-08-01
228161,False,Home,en,2015-03-18
865,False,The Running Man,en,1987-11-13
337339,False,The Fate of the Furious,en,2017-04-12
2667,False,The Blair Witch Project,en,1999-07-14
228165,False,The SpongeBob Movie: Sponge Out of Water,en,2015-01-28
57165,False,Wrath of the Titans,en,2012-03-28
10764,False,Quantum of Solace,en,2008-10-29
81,False,風の谷のナウシカ,ja,1984-03-11
9928,False,Robots,en,2005-03-10
298,False,Ocean's Thirteen,en,2007-06-05
9928,False,Robots,en,2005-03-10
298,False,Ocean's Thirteen,en,2007-06-05
1424435,False,万米危机,zh,2026-07-03
664,False,Twister,en,1996-05-10
451048,False,Jungle Cruise,en,2021-07-28
1050035,False,怪物,ja,2023-06-02
491418,False,Instant Family,en,2018-11-13
405818,False,Door II: Tokyo Diary,ja,1991-04-25
64688,False,21 Jump Street,en,2012-03-14
1791,False,La Pianiste,fr,2001-09-05
68737,False,Seventh Son,en,2014-12-12
1302916,False,Heart Eyes,en,2025-02-06
395990,False,Death Wish,en,2018-03-01
782,False,Gattaca,en,1997-07-09
826510,False,Harold and the Purple Crayon,en,2024-07-31
5689,False,The Blue Lagoon,en,1980-07-05
313534,False,Nova Dubai,pt,2014-10-23
254320,False,The Lobster,en,2015-10-15
11247,False,A Cinderella Story,en,2004-07-16
5915,False,Into the Wild,en,2007-09-21
969492,False,Land of Bad,en,2024-02-09
11430,False,The Lion King 1½,en,2004-10-28
81005,False,Jack the Giant Slayer,en,2013-02-27
8337,False,They Live,en,1988-11-04
696806,False,The Adam Project,en,2022-03-11
1669,False,The Hunt for Red October,en,1990-03-02
1367220,False,கருப்பு,ta,2026-05-14
8536,False,Superman II,en,1980-12-04
416477,False,The Big Sick,en,2017-03-30
831815,False,Saving Bikini Bottom: The Sandy Cheeks Movie,en,2024-10-01
241259,False,Alice Through the Looking Glass,en,2016-05-25
792293,False,Dumb Money,en,2023-09-15
2118,False,L.A. Confidential,en,1997-09-19
4108,False,The Transporter,en,2002-10-02
899294,False,Frank and Penelope,en,2022-06-03
663712,False,Terrifier 2,en,2022-10-06
522938,False,Rambo: Last Blood,en,2019-09-18
435,False,The Day After Tomorrow,en,2004-05-26
718789,False,Lightyear,en,2022-06-15
462183,False,Salvaje despertar,es,2016-10-23
718789,False,Lightyear,en,2022-06-15
462183,False,Salvaje despertar,es,2016-10-23
228967,False,The Interview,en,2014-12-25
8914,False,Deep Blue Sea,en,1999-07-28
819,False,Sleepers,en,1996-10-18
531428,False,Portrait de la jeune fille en feu,fr,2019-09-06
44264,False,True Grit,en,2010-12-22
9801,False,Bridget Jones: The Edge of Reason,en,2004-11-10
62029,False,Bingo Bongo,it,1982-12-23
837881,False,She Said,en,2022-11-17
187017,False,22 Jump Street,en,2014-06-05
10545,False,The Hunchback of Notre Dame,en,1996-06-21
913290,False,Barbarian,en,2022-09-08
1097311,False,Echo Valley,en,2025-06-13
145135,False,Dark Skies,en,2013-02-21
937278,False,A Man Called Otto,en,2022-12-28
19908,False,Zombieland,en,2009-10-02
274855,False,Geostorm,en,2017-10-12
4233,False,Scream 2,en,1997-12-12
268896,False,Pacific Rim: Uprising,en,2018-03-21
5548,False,RoboCop,en,1987-07-17
1140535,False,Presence,en,2025-01-17
8367,False,Robin Hood: Prince of Thieves,en,1991-06-14
1290879,False,The Woman in Cabin 10,en,2025-10-09
337170,False,American Made,en,2017-08-18
438650,False,Cold Pursuit,en,2019-02-07
341013,False,Atomic Blonde,en,2017-07-26
9489,False,You've Got Mail,en,1998-12-18
388,False,Inside Man,en,2006-03-17
710,False,GoldenEye,en,1995-11-16
1737594,False,Bicara Cinta,en,2020-01-01
1183166,False,Vjeran Tomic: L'homme-araignée de Paris,fr,2023-10-20
1584,False,The School of Rock,en,2003-10-03
1390382,False,Coutures,fr,2026-02-18
153,False,Lost in Translation,en,2003-09-18
332567,False,The Shallows,en,2016-06-24
662707,False,Starbright,en,2026-02-27
345922,False,Fist Fight,en,2017-02-16
9453,False,Caligola,it,1979-08-14
1196067,False,Worldbreaker,en,2025-10-30
614930,False,Teenage Mutant Ninja Turtles: Mutant Mayhem,en,2023-07-31
49047,False,Gravity,en,2013-10-03
1076364,False,Carl's Date,en,2023-06-15
458723,False,Us,en,2019-03-14
166424,False,Fantastic Four,en,2015-08-05
4614,False,The Sum of All Fears,en,2002-05-31
415541,False,Mi conejo es el mejor,es,1982-10-10
10439,False,Hocus Pocus,en,1993-07-16
379686,False,Space Jam: A New Legacy,en,2021-07-08
91586,False,Insidious: Chapter 2,en,2013-09-12
82507,False,Sinister,en,2012-10-04
9339,False,Click,en,2006-06-23
39451,False,Little Fockers,en,2010-12-21
4995,False,Boogie Nights,en,1997-10-07
615453,False,哪吒之魔童降世,zh,2019-07-26
8055,False,The Reader,en,2008-12-10
299687,False,The 5th Wave,en,2016-01-14
2907,False,The Addams Family,en,1991-11-22
11778,False,The Deer Hunter,en,1978-12-08
536554,False,M3GAN,en,2022-12-28
536554,False,M3GAN,en,2022-12-28
4488,False,Friday the 13th,en,1980-05-09
1231767,False,교환아내 2,ko,2023-02-03
14537,False,切腹,ja,1962-09-15
33,False,Unforgiven,en,1992-08-07
1280282,False,Gabby's Dollhouse: The Movie,en,2025-09-13
1979,False,Fantastic Four: Rise of the Silver Surfer,en,2007-06-13
774370,False,Dog Man,en,2025-01-24
43074,False,Ghostbusters,en,2016-07-14
2123,False,"Me, Myself & Irene",en,2000-06-22
1160360,False,If I Had Legs I'd Kick You,en,2025-10-10
501170,False,Doctor Sleep,en,2019-10-30
4513,False,30 Days of Night,en,2007-10-17
11649,False,Masters of the Universe,en,1987-08-07
1737298,False,Yaşananlar,az,2008-01-01
462,False,Erin Brockovich,en,2000-03-17
395,False,AVP: Alien vs. Predator,en,2004-08-12
81188,False,Rise of the Guardians,en,2012-11-21
9476,False,A Knight's Tale,en,2001-05-11
2756,False,The Abyss,en,1989-08-09
10033,False,Just Friends,en,2005-11-23
10771,False,The Tuxedo,en,2002-09-27
2503,False,The Bourne Ultimatum,en,2007-08-03
2057,False,Original Sin,en,2001-05-08
516486,False,Greyhound,en,2020-07-09
258489,False,The Legend of Tarzan,en,2016-06-29
829280,False,Enola Holmes 2,en,2022-11-03
793,False,Blue Velvet,en,1986-09-19
1079091,False,It Ends with Us,en,2024-08-07
1268,False,Mr. Bean's Holiday,en,2007-03-22
1669057,False,Check-In,tl,2026-05-01
172385,False,Rio 2,en,2014-03-19
85877,False,蜜桃成熟時33D,cn,2011-10-06
646,False,Dr. No,en,1962-10-07
11319,False,The Rescuers,en,1977-06-22
29154,False,Stand and Deliver,en,1988-03-11
10054,False,Spy Kids,en,2001-03-18
2698,False,Evan Almighty,en,2007-06-09
1159311,False,僕のヒーローアカデミア THE MOVIE ユアネクスト,ja,2024-08-02
1903,False,Vanilla Sky,en,2001-12-14
1903,False,Vanilla Sky,en,2001-12-14
424783,False,Bumblebee,en,2018-11-22
8009,False,Highlander,en,1986-03-07
938,False,Per qualche dollaro in più,it,1965-12-18
776503,False,CODA,en,2021-08-13
4523,False,Enchanted,en,2007-11-20
1541,False,Thelma & Louise,en,1991-05-24
267935,False,The BFG,en,2016-06-01
30497,False,The Texas Chain Saw Massacre,en,1974-10-11
501929,False,The Mitchells vs. the Machines,en,2021-04-22
426,False,Vertigo,en,1958-05-28
1616674,False,Aku Sebelum Aku,id,2026-07-11
957452,False,The Crow,en,2024-08-21
395991,False,Only the Brave,en,2017-09-22
927,False,Gremlins,en,1984-06-08
400928,False,Gifted,en,2017-04-07
1966,False,Alexander,en,2004-11-21
22832,False,Ninja Assassin,en,2009-09-29
406563,False,Insidious: The Last Key,en,2018-01-03
321258,False,The Boy,en,2016-01-22
369972,False,First Man,en,2018-10-10
453405,False,Gemini Man,en,2019-10-02
49520,False,The Change-Up,en,2011-08-05
890825,False,14 Peaks: Nothing Is Impossible,en,2021-11-12
1213243,False,ಟಾಕ್ಸಿಕ್,kn,2026-08-26
1330421,False,Bone Lake,en,2025-10-02
9482,False,Judge Dredd,en,1995-06-30
965150,False,Aftersun,en,2022-10-21
397837,False,Before I Fall,en,2017-03-02
665760,False,Mare,hr,2020-02-23
1627824,False,Rocky's Cat-astrophe,en,2026-02-27
718821,False,Twisters,en,2024-07-10
1260649,False,Jumanji: Open World,en,2026-12-23
10501,False,The Road to El Dorado,en,2000-03-31
136799,False,Trolls,en,2016-10-13
428078,False,Mortal Engines,en,2018-11-27
68734,False,Argo,en,2012-10-11
1437939,False,Cocorico 2,fr,2026-04-08
1427,False,Perfume: The Story of a Murderer,en,2006-09-13
277685,False,Unfriended,en,2014-06-18
796,False,Cruel Intentions,en,1999-03-05
6947,False,The Village,en,2004-07-30
220289,False,Coherence,en,2014-04-06
8645,False,The Happening,en,2008-06-11
9291,False,The Longest Yard,en,2005-05-27
201,False,Star Trek: Nemesis,en,2002-12-13
59859,False,Kick-Ass 2,en,2013-07-17
51876,False,Limitless,en,2011-03-17
380,False,Rain Man,en,1988-12-12
256274,False,"As Above, So Below",en,2014-08-14
944,False,Lethal Weapon 4,en,1998-07-10
76163,False,The Expendables 2,en,2012-08-15
37710,False,The Tourist,en,2010-12-08
746,False,The Last Emperor,en,1987-10-04
581528,False,악인전,ko,2019-05-15
1083433,False,I Know What You Did Last Summer,en,2025-07-16
80274,False,Ender's Game,en,2013-10-24
479455,False,Men in Black: International,en,2019-06-12
2454,False,The Chronicles of Narnia: Prince Caspian,en,2008-05-15
974635,False,Hit Man,en,2024-05-16
10607,False,Don't Be a Menace to South Central While Drinking Your Juice in the Hood,en,1996-01-12
972809,False,清宫性史5之重振皇风,zh,2002-01-01
381719,False,Peter Rabbit,en,2018-02-07
417320,False,Descendants 2,en,2017-07-21
10530,False,Pocahontas,en,1995-06-16
638,False,Lost Highway,en,1997-01-15
9387,False,Conan the Barbarian,en,1982-03-16
792,False,Platoon,en,1986-12-19
333371,False,10 Cloverfield Lane,en,2016-03-10
1483614,False,仙逆剧场版：神临之战,zh,2025-05-30
9522,False,Wedding Crashers,en,2005-07-13
846,False,The X-Files,en,1998-06-19
4564,False,Sex and the City,en,2008-05-12
508642,False,곤지암,ko,2018-03-28
1830,False,Lord of War,en,2005-09-16
274167,False,Daddy's Home,en,2015-12-25
1217584,False,Torrente Presidente,es,2026-03-13
926670,False,Henry Danger: The Movie,en,2025-01-17
77950,False,Turbo,en,2013-07-11
77429,False,Chechu y familia,es,1992-06-25
77429,False,Chechu y familia,es,1992-06-25
1398,False,Сталкер,ru,1979-05-25
296098,False,Bridge of Spies,en,2015-10-15
277,False,Underworld,en,2003-09-19
305470,False,Power Rangers,en,2017-03-23
8922,False,Jeepers Creepers,en,2001-07-01
37257,False,Witness for the Prosecution,en,1957-12-17
791177,False,Bones and All,en,2022-11-18
1451078,False,రాకాస,te,2026-04-03
5925,False,The Great Escape,en,1963-07-03
201085,False,Crimson Peak,en,2015-10-13
840,False,Close Encounters of the Third Kind,en,1977-12-14
449562,False,The Hustle,en,2019-05-09
359940,False,"Three Billboards Outside Ebbing, Missouri",en,2017-12-01
399055,False,The Shape of Water,en,2017-12-01
72545,False,Journey 2: The Mysterious Island,en,2012-01-19
11932,False,Bride of Chucky,en,1998-10-15
2164,False,Stargate,en,1994-10-28
16996,False,17 Again,en,2009-03-11
1020006,False,Priscilla,en,2023-10-27
1723460,False,A Toxic Love Story,en,2026-07-22
634429,False,シン・ウルトラマン,ja,2022-05-13
993710,False,Back in Action,en,2025-01-15
376867,False,Moonlight,en,2016-10-21
378236,False,The Emoji Movie,en,2017-07-23
810693,False,劇場版 呪術廻戦 0,ja,2021-12-24
33217,False,Diary of a Wimpy Kid,en,2010-03-19
585511,False,Luck,en,2022-08-05
76726,False,Chronicle,en,2012-02-01
11565,False,Big Momma's House 2,en,2006-01-26
2108,False,The Breakfast Club,en,1985-02-15
1582770,False,धुरंधर: द रिवेंज,hi,2026-03-18
423204,False,Angel Has Fallen,en,2019-08-21
1337562,False,Splitsville,en,2025-08-21
115290,False,Blue Lagoon: The Awakening,en,2012-06-16
11881,False,Miracle on 34th Street,en,1947-06-04
370663,False,Below Her Mouth,en,2017-02-10
506574,False,Descendants 3,en,2019-08-02
9342,False,The Mask of Zorro,en,1998-07-16
632856,False,Spirited,en,2022-11-10
399035,False,The Commuter,en,2018-01-11
3134,False,Baise-moi,fr,2000-06-28
55779,False,Final Destination 5,en,2011-08-12
34544,False,The A-Team,en,2010-06-09
840326,False,Sisu,fi,2022-09-09
1291608,False,धुरंधर,hi,2025-12-05
10802,False,Showgirls,en,1995-09-22
1411773,False,The Last Stand of Ellen Cole,en,2024-10-18
1401778,False,Turbulence,en,2025-11-26
1515615,False,Kissing Is the Easy Part,en,2026-02-13
13223,False,Gran Torino,en,2008-12-12
419329,False,불륜의 후예,ko,2016-09-30
346648,False,Paddington 2,en,2017-11-09
1624,False,Liar Liar,en,1997-03-21
1538,False,Collateral,en,2004-08-04
1245993,False,Caught Stealing,en,2025-08-26
9360,False,Anaconda,en,1997-04-11
103663,False,Jagten,da,2012-10-25
10022,False,The Pacifier,en,2005-03-04
116711,False,Epic,en,2013-05-15
116711,False,Epic,en,2013-05-15
36669,False,Die Another Day,en,2002-11-17
1370,False,Rambo III,en,1988-05-24
1244492,False,ルックバック,ja,2024-06-28
1374,False,Rocky IV,en,1985-11-21
7484,False,Open Season,en,2006-09-27
136797,False,Need for Speed,en,2014-03-12
762,False,Monty Python and the Holy Grail,en,1975-04-03
559969,False,El Camino: A Breaking Bad Movie,en,2019-10-11
9792,False,The Hills Have Eyes,en,2006-03-10
4638,False,Hot Fuzz,en,2007-02-14
13207,False,Friday the 13th,en,2009-02-11
597208,False,Nightmare Alley,en,2021-12-02
7555,False,Rambo,en,2008-01-24
9477,False,King Arthur,en,2004-07-07
399170,False,Logan Lucky,en,2017-08-17
842675,False,流浪地球2,zh,2023-01-22
6844,False,The Ten Commandments,en,1956-10-05
1252037,False,Der Tiger,de,2025-09-18
627725,False,The Banker,en,2020-03-06
10340,False,Lady and the Tramp,en,1955-06-22
22970,False,The Cabin in the Woods,en,2012-04-12
58574,False,Sherlock Holmes: A Game of Shadows,en,2011-11-22
1086747,False,The Watchers,en,2024-06-06
18190,False,Dream Lover,en,1993-11-11
39924,False,Exposé,en,1976-03-01
5176,False,3:10 to Yuma,en,2007-09-06
1125257,False,Freakier Friday,en,2025-08-06
168672,False,American Hustle,en,2013-12-03
659,False,Die Blechtrommel,de,1979-05-02
655,False,"Paris, Texas",en,1984-07-16
46498,False,Candy,en,1968-12-17
1128879,False,Mil Kilómetros,es,
10201,False,Yes Man,en,2008-12-09
839369,False,May December,en,2023-11-16
3170,False,Bambi,en,1942-08-14
13811,False,Knowing,en,2009-03-19
8204,False,The Spiderwick Chronicles,en,2008-02-14
18360,False,Night at the Museum: Battle of the Smithsonian,en,2009-05-20
4584,False,Sense and Sensibility,en,1995-12-13
901362,False,Trolls Band Together,en,2023-10-12
710295,False,Wolf Man,en,2025-01-15
55,False,Amores perros,es,2000-06-16
61979,False,Tres metros sobre el cielo,es,2010-12-03
2675,False,Signs,en,2002-08-02
20662,False,Robin Hood,en,2010-05-12
21208,False,Orphan,en,2009-07-24
314365,False,Spotlight,en,2015-11-06
1125510,False,El hoyo 2,es,2024-09-27
12222,False,Horton Hears a Who!,en,2008-03-03
74997,False,The Human Centipede 2 (Full Sequence),en,2011-10-06
957,False,Spaceballs,en,1987-06-24
23398,False,Alvin and the Chipmunks: The Squeakquel,en,2009-12-21
200,False,Star Trek: Insurrection,en,1998-12-11
805,False,Rosemary's Baby,en,1968-06-12
914,False,The Great Dictator,en,1940-10-15
508439,False,Onward,en,2020-02-29
709,False,Licence to Kill,en,1989-06-13
545609,False,Extraction,en,2020-04-23
13597,False,Labyrinth,en,1986-06-27
1380316,False,Is God Is,en,2026-05-14
1428990,False,This Is Not a Test,en,2026-02-20
1368881,False,Ladies First,en,2026-05-21
619,False,The Bodyguard,en,1992-11-25
724495,False,The Woman King,en,2022-09-16
34584,False,Die unendliche Geschichte,de,1984-04-06
881211,False,Snoopy Presents: For Auld Lang Syne,en,2021-12-09
33337,False,Tendre Poulet,fr,1978-01-18
19912,False,The Final Destination,en,2009-08-26
763215,False,Damsel,en,2024-03-07
184,False,Jackie Brown,en,1997-12-25
391,False,Per un pugno di dollari,it,1964-09-12
9946,False,End of Days,en,1999-11-24
522681,False,Escape Room,en,2019-01-03
1095808,False,镜花风月之怪谈,zh,1991-07-19
15,False,Citizen Kane,en,1941-04-17
970450,False,Werewolves,en,2024-12-04
587792,False,Palm Springs,en,2020-07-10
872,False,Singin' in the Rain,en,1952-04-10
6557,False,27 Dresses,en,2008-01-10
9619,False,Dante's Peak,en,1997-02-07
43949,False,Flipped,en,2010-08-06
341174,False,Fifty Shades Darker,en,2017-02-08
533,False,Wallace & Gromit: The Curse of the Were-Rabbit,en,2005-09-15
172,False,Star Trek V: The Final Frontier,en,1989-06-09
69,False,Walk the Line,en,2005-09-13
1020278,False,Drop Out,en,2022-10-05
620249,False,罗小黑战记,zh,2019-08-27
835113,False,Woman of the Hour,en,2024-10-03
1493859,False,Pizza Movie,en,2026-03-13
1571,False,Live Free or Die Hard,en,2007-06-20
433808,False,The Ritual,en,2017-10-11
332562,False,A Star Is Born,en,2018-10-03
1278950,False,The Ritual,en,2025-04-18
252,False,Willy Wonka & the Chocolate Factory,en,1971-06-29
206487,False,Predestination,en,2014-08-28
297270,False,Tinker Bell and the Legend of the NeverBeast,en,2014-12-12
59961,False,Safe House,en,2012-02-08
189,False,Sin City: A Dame to Kill For,en,2014-08-20
175574,False,Free Birds,en,2013-10-30
846422,False,The Old Guard 2,en,2025-07-01
11013,False,Secretary,en,2002-09-20
631843,False,Old,en,2021-07-21
19913,False,(500) Days of Summer,en,2009-07-17
630586,False,Wrong Turn,en,2021-01-26
117263,False,Olympus Has Fallen,en,2013-03-20
1233506,False,L'Homme qui rétrécit,fr,2025-10-22
297090,False,ちょっとかわいいアイアンメイデン,ja,2014-07-19
287649,False,마담 뺑덕,ko,2014-10-02
9495,False,The Crow,en,1994-05-11
315837,False,Ghost in the Shell,en,2017-03-29
187,False,Sin City,en,2005-04-01
16290,False,Jackass 3D,en,2010-10-15
1052280,False,It's What's Inside,en,2024-01-19
594767,False,Shazam! Fury of the Gods,en,2023-03-15
9374,False,Death Becomes Her,en,1992-07-30
10515,False,天空の城ラピュタ,ja,1986-08-02
95610,False,Bridget Jones's Baby,en,2016-09-14
57212,False,War Horse,en,2011-12-25
339964,False,Valerian and the City of a Thousand Planets,en,2017-07-19
450465,False,Glass,en,2019-01-16
241554,False,Run All Night,en,2015-03-11
2292,False,Clerks,en,1994-10-19
1700,False,Misery,en,1990-11-30
87502,False,Flight,en,2012-02-22
9312,False,Mortal Kombat,en,1995-08-18
913673,False,Nefarious,en,2023-04-14
504172,False,The Mule,en,2018-12-14
943,False,Lethal Weapon 3,en,1992-05-15
1542261,False,映画ドラえもん 新・のび太の海底鬼岩城,ja,2026-02-27
227159,False,Horrible Bosses 2,en,2014-11-12
11046,False,Where Eagles Dare,en,1968-12-04
8963,False,Crimson Tide,en,1995-05-12
1147411,False,"Miraculous World : Tokyo, Stellar Force",fr,2025-12-07
131304,False,Firehouse,en,1987-08-01
379149,False,The Foreigner,en,2017-09-28
70,False,Million Dollar Baby,en,2004-12-05
9361,False,The Last of the Mohicans,en,1992-08-26
334541,False,Manchester by the Sea,en,2016-11-17
276,False,Die fetten Jahre sind vorbei,de,2004-10-25
9595,False,Hot Shots!,en,1991-07-31
1239655,False,Friendship,en,2025-05-09
972533,False,Last Breath,en,2025-02-24
8845,False,Under Siege,en,1992-10-08
75258,False,Secret of the Wings,en,2012-08-17
203801,False,The Man from U.N.C.L.E.,en,2015-08-13
9715,False,Hope Floats,en,1998-05-29
926,False,Galaxy Quest,en,1999-12-25
522417,False,Scorpion King: Book of Souls,en,2018-10-23
138103,False,The Expendables 3,en,2014-08-07
1040148,False,"Ruby Gillman, Teenage Kraken",en,2023-06-28
212957,False,La disubbidienza,it,1981-07-15
674324,False,The Banshees of Inisherin,en,2022-10-20
868759,False,Ghosted,en,2023-04-18
39513,False,Paul,en,2011-02-14
15370,False,猫の恩返し,ja,2002-07-19
1300116,False,Fall for Me,de,2025-08-20
154400,False,The Drop,en,2014-09-12
9757,False,Norbit,en,2007-02-08
14869,False,G.I. Joe: The Rise of Cobra,en,2009-08-03
11104,False,重慶森林,cn,1994-07-14
24086,False,The Boy Who Could Fly,en,1986-08-15
937941,False,Shelby Oaks,en,2025-10-02
2300,False,Space Jam,en,1996-11-15
37233,False,The Firm,en,1993-06-30
10974,False,龍兄虎弟,cn,1986-08-16
1321179,False,왕과 사는 남자,ko,2026-02-04
698779,False,룸싸롱 여대생들 3,ko,2020-04-17
8867,False,The Punisher,en,1989-10-05
437342,False,The First Omen,en,2024-04-03
293670,False,곡성,ko,2016-05-12
560016,False,Monkey Man,en,2024-04-03
71552,False,American Reunion,en,2012-04-04
762975,False,Purple Hearts,en,2022-07-29
421892,False,Shrek 5,en,2027-06-30
13690,False,Open Season 2,en,2008-09-24
10140,False,The Chronicles of Narnia: The Voyage of the Dawn Treader,en,2010-12-02
60304,False,Hansel & Gretel: Witch Hunters,en,2013-01-17
38167,False,Eat Pray Love,en,2010-08-12
138697,False,Don Jon,en,2013-09-12
62213,False,Dark Shadows,en,2012-05-09
2294,False,Jay and Silent Bob Strike Back,en,2001-08-22
93685,False,Swingers,nl,2002-10-01
613,False,Der Untergang,de,2004-09-16
646315,False,전설의 라이타,ko,2019-10-29
660120,False,Verdens verste menneske,no,2021-10-13
458897,False,Charlie's Angels,en,2019-11-14
109424,False,Captain Phillips,en,2013-10-10
9772,False,Air Force One,en,1997-07-25
12244,False,9,en,2009-08-19
274862,False,The Lego Ninjago Movie,en,2017-09-21
895954,False,莫尼卡中心,ko,2021-01-01
858017,False,I Saw the TV Glow,en,2024-05-03
320,False,Insomnia,en,2002-05-24
51540,False,Horrible Bosses,en,2011-07-08
9276,False,The Faculty,en,1998-12-25
23823,False,Wrong Turn 3: Left for Dead,en,2009-10-08
387592,False,Early Man,en,2018-01-26
1102883,False,Mother Mary,en,2026-04-16
1597538,False,Angkinin Mo Ako,tl,2026-05-15
1597538,False,Angkinin Mo Ako,tl,2026-05-15
1353926,False,特立独行,zh,2026-07-03
10327,False,"Legally Blonde 2: Red, White & Blonde",en,2003-07-02
204082,False,Homefront,en,2013-11-12
13600,False,City of Ember,en,2008-10-07
888,False,The Flintstones,en,1994-05-27
931628,False,A Sacrifice,en,2024-06-28
37136,False,The Naked Gun: From the Files of Police Squad!,en,1988-12-02
1995,False,Lara Croft: Tomb Raider,en,2001-06-15
116149,False,Paddington,en,2014-11-24
587,False,Big Fish,en,2003-12-10
688,False,The Bridges of Madison County,en,1995-06-02
1581366,False,Next Room Affair,tl,2025-11-25
279,False,Amadeus,en,1984-09-19
355547,False,The Star,en,2017-11-15
6282,False,Coyote Ugly,en,2000-07-30
973113,False,贪色夫人,zh,1992-01-01
9889,False,Shallow Hal,en,2001-11-01
284,False,The Apartment,en,1960-06-21
43593,False,Piranha 3D,en,2010-08-20
522212,False,Just Mercy,en,2019-12-25
807356,False,Watcher,en,2022-06-03
1155828,False,Sing Sing,en,2024-07-12
700391,False,65,en,2023-03-02
1213,False,The Talented Mr. Ripley,en,1999-12-25
658,False,Goldfinger,en,1964-09-20
1656,False,The Legend of Zorro,en,2005-10-24
397422,False,Rough Night,en,2017-06-15
9517,False,Bully,en,2001-06-15
454467,False,Noelle,en,2019-11-12
412656,False,Chaos Walking,en,2021-02-24
37735,False,Easy A,en,2010-09-16
11212,False,Baby's Day Out,en,1994-07-01
10567,False,Dinosaur,en,2000-05-19
22803,False,Law Abiding Citizen,en,2009-10-15
11153,False,National Lampoon's Vacation,en,1983-07-29
7214,False,Coach Carter,en,2005-01-14
388399,False,Patriots Day,en,2016-12-12
850439,False,The Damned,en,2025-01-03
9543,False,Prince of Persia: The Sands of Time,en,2010-05-19
345911,False,Lights Out,en,2016-07-21
458376,False,ネオ チンピラ 続 鉄砲玉ぴゅ～,ja,1991-04-12
747188,False,Asteroid City,en,2023-06-08
884,False,Crash,en,1996-07-17
3049,False,Ace Ventura: Pet Detective,en,1994-02-04
13486,False,The Scorpion King 2: Rise of a Warrior,en,2008-07-19
879945,False,L'homme inconnu,nl,2021-10-16
269495,False,Ei kiitos,fi,2014-01-10
650,False,Boyz n the Hood,en,1991-07-12
3175,False,Barry Lyndon,en,1975-12-16
400157,False,Wonder Park,en,2019-03-13
6466,False,Freddy vs. Jason,en,2003-08-15
1645,False,A Time to Kill,en,1996-07-24
227,False,The Outsiders,en,1983-03-25
928358,False,Grand Jeté,de,2022-09-20
14784,False,The Fall,en,2006-09-09
4824,False,The Jackal,en,1997-11-14
1476292,False,Kalakal,tl,2025-06-13
1433568,False,粽邪4：坤蒂拉娜,zh,2026-08-27
11886,False,Robin Hood,en,1973-11-08
1433568,False,粽邪4：坤蒂拉娜,zh,2026-08-27
11886,False,Robin Hood,en,1973-11-08
9992,False,Arthur et les Minimoys,fr,2006-12-13
239,False,Some Like It Hot,en,1959-03-19
47933,False,Independence Day: Resurgence,en,2016-06-22
25237,False,Иди и смотри,ru,1985-10-17
7980,False,The Lovely Bones,en,2009-12-26
342473,False,Ballerina,en,2016-12-14
97020,False,RoboCop,en,2014-01-30
8909,False,Wanted,en,2008-06-19
11283,False,Nanny McPhee,en,2005-10-21
1487,False,Hellboy,en,2004-04-02
839033,False,The Lord of the Rings: The War of the Rohirrim,en,2024-12-05
63311,False,La piel que habito,es,2011-08-17
7340,False,Carrie,en,1976-11-03
26827,False,Who's That Girl,en,1987-08-07
2770,False,American Pie 2,en,2001-08-10
100042,False,Dumb and Dumber To,en,2014-11-12
1072342,False,Night Swim,en,2024-01-03
57201,False,The Lone Ranger,en,2013-07-03
296099,False,Vacation,en,2015-07-28
537971,False,Mia,es,2017-12-17
820525,False,After Everything,en,2023-09-13
1412598,False,Killer Whale,en,2026-01-16
375262,False,The Favourite,en,2018-11-23
7445,False,Brothers,en,2009-12-02
8839,False,Casper,en,1995-05-26
1137350,False,The Phoenician Scheme,en,2025-05-23
776797,False,哭悲,zh,2021-01-22
1265344,False,Swiped,en,2025-09-09
79871,False,蜜桃成熟時,cn,1993-04-17
406759,False,Moonfall,en,2022-02-02
4476,False,Legends of the Fall,en,1994-12-23
13027,False,Eagle Eye,en,2008-09-25
82675,False,Taken 2,en,2012-09-27
581392,False,반도,ko,2020-07-15
125509,False,Wrong Turn 5: Bloodlines,en,2012-10-18
8321,False,In Bruges,en,2008-02-08
484641,False,Anna,en,2019-06-19
9273,False,Ace Ventura: When Nature Calls,en,1995-11-10
14411,False,Sinbad: Legend of the Seven Seas,en,2003-07-02
65,False,8 Mile,en,2002-11-08
9603,False,Clueless,en,1995-07-19
848538,False,Argylle,en,2024-01-31
2758,False,Addams Family Values,en,1993-11-19
82654,False,Warm Bodies,en,2013-01-31
9408,False,Surf's Up,en,2007-06-08
1371,False,Rocky III,en,1982-05-28
24803,False,Julie & Julia,en,2009-08-06
4858,False,The Invasion,en,2007-08-17
570670,False,The Invisible Man,en,2020-02-26
14128,False,Cinderella II: Dreams Come True,en,2002-02-23
1587,False,What's Eating Gilbert Grape,en,1993-12-17
4547,False,Panic Room,en,2002-03-29
74465,False,We Bought a Zoo,en,2011-11-26
739405,False,Operation Fortune: Ruse de Guerre,en,2023-01-04
18334,False,ギニーピッグ 悪魔の実験,ja,1985-09-04
648878,False,Eddington,en,2025-07-16
547016,False,The Old Guard,en,2020-07-09
698343,False,딸의 친구 5,ko,2020-04-23
547016,False,The Old Guard,en,2020-07-09
698343,False,딸의 친구 5,ko,2020-04-23
957119,False,Sidelined: The QB and Me,en,2025-02-06
12242,False,Mulan II,en,2004-11-03
12094,False,Jackass Number Two,en,2006-09-22
62764,False,Mirror Mirror,en,2012-03-15
372343,False,The Snowman,en,2017-08-24
181283,False,Child 44,en,2015-03-15
467909,False,In the Heights,en,2021-06-10
443791,False,Underwater,en,2020-01-08
869,False,Planet of the Apes,en,2001-07-26
205775,False,In the Heart of the Sea,en,2015-12-03
1367,False,Rocky II,en,1979-06-15
12162,False,The Hurt Locker,en,2008-10-10
4977,False,パプリカ,ja,2006-10-01
1139087,False,Once Upon a Studio,en,2023-09-24
274870,False,Passengers,en,2016-12-21
10911,False,The Guns of Navarone,en,1961-04-27
10661,False,You Don't Mess with the Zohan,en,2008-06-05
10521,False,Bride Wars,en,2009-01-09
297291,False,The Scorpion King 4: Quest for Power,en,2015-01-09
8920,False,Garfield,en,2004-06-10
581726,False,Infinite,en,2021-09-09
51739,False,借りぐらしのアリエッティ,ja,2010-07-16
28468,False,La chiave,it,1983-10-19
1511675,False,キングダム 魂の決戦,ja,2026-07-17
11249,False,Seed of Chucky,en,2004-11-12
9392,False,The Descent,en,2005-07-08
12493,False,天国と地獄,ja,1963-03-01
642885,False,Hocus Pocus 2,en,2022-09-27
9461,False,Enter the Dragon,en,1973-08-17
200727,False,"Love, Rosie",en,2014-10-16
58595,False,Snow White and the Huntsman,en,2012-05-30
8913,False,Pet Sematary,en,1989-04-21
9631,False,The Negotiator,en,1998-07-29
9208,False,Broken Arrow,en,1996-02-09
11459,False,Sky High,en,2005-07-29
390043,False,The Hitman's Bodyguard,en,2017-08-16
307081,False,Southpaw,en,2015-07-22
614917,False,King Richard,en,2021-11-18
293863,False,The Age of Adaline,en,2015-04-16
6637,False,National Treasure: Book of Secrets,en,2007-12-19
9378,False,Thir13en Ghosts,en,2001-10-25
567604,False,Once Upon a Deadpool,en,2018-12-11
255709,False,소원,ko,2013-10-02
760329,False,The Smashing Machine,en,2025-10-01
1363979,False,劇場版 僕の心のヤバイやつ,ja,2026-02-13
50839,False,Margin Call,en,2011-09-28
1314786,False,Zeta,es,2026-03-20
617,False,Wild Things,en,1998-03-20
395992,False,Life,en,2017-03-22
645788,False,The Protégé,en,2021-08-19
37169,False,The Human Centipede (First Sequence),en,2009-10-31
1598785,False,銀河特急 ミルキー☆サブウェイ 各駅停車劇場行き,ja,2026-02-06
568160,False,天気の子,ja,2019-07-19
36463,False,Miami Exposé,en,1956-09-01
8916,False,Antz,en,1998-10-02
1219548,False,Der Medicus II,de,2025-12-25
82693,False,Silver Linings Playbook,en,2012-11-16
8456,False,Never Back Down,en,2008-03-04
8456,False,Never Back Down,en,2008-03-04
158011,False,The Call,en,2013-03-14
9598,False,Babe,en,1995-07-18
9437,False,Kiss the Girls,en,1997-09-29
2293,False,Mallrats,en,1995-10-20
10999,False,Commando,en,1985-10-03
71672,False,Wrong Turn 4: Bloody Beginnings,en,2011-10-17
10184,False,He's Just Not That Into You,en,2009-02-06
639,False,When Harry Met Sally...,en,1989-07-12
9377,False,Ferris Bueller's Day Off,en,1986-06-11
1738118,False,Screen Me,en,2024-09-03
467938,False,Revenge,fr,2017-11-18
1208348,False,Rental Family,en,2025-11-20
257088,False,Point Break,en,2015-12-03
808430,False,The Male Gaze: Nocturnal Instincts,en,2021-03-15
384261,False,Operación Palace,es,2014-02-23
13161,False,Big Stan,en,2007-11-03
280217,False,The Lego Movie 2: The Second Part,en,2019-02-06
267860,False,London Has Fallen,en,2016-03-02
276907,False,Legend,en,2015-09-09
315011,False,シン・ゴジラ,ja,2016-07-29
9352,False,EuroTrip,en,2004-02-20
308531,False,Teenage Mutant Ninja Turtles: Out of the Shadows,en,2016-05-30
1111873,False,Abigail,en,2024-04-16
1071215,False,Thanksgiving,en,2023-11-16
712,False,Four Weddings and a Funeral,en,1994-03-09
1232449,False,Young Hearts,nl,2024-10-26
990140,False,天龍八部之喬峰傳,cn,2023-01-16
302699,False,Central Intelligence,en,2016-06-15
13387,False,Transporter 3,en,2008-11-26
809140,False,Father Stu,en,2022-04-13
11690,False,Bloodsport,en,1988-02-26
80785,False,Curral de Mulheres,pt,1982-01-01
576845,False,Last Night in Soho,en,2021-10-21
1517772,False,Unknown Number: The High School Catfish,en,2025-08-28
39538,False,Contagion,en,2011-09-08
1014590,False,Upgraded,en,2024-02-07
903,False,Cool Hand Luke,en,1967-11-01
8810,False,Mad Max 2,en,1981-12-24
146,False,卧虎藏龍,zh,2000-07-06
1537788,False,Nepali Fiction,en,2024-06-07
387,False,Das Boot,de,1981-09-17
8741,False,The Thin Red Line,en,1998-12-23
429351,False,12 Strong,en,2018-01-18
46738,False,Incendies,fr,2010-09-17
36419,False,After.Life,en,2009-11-07
11322,False,Public Enemies,en,2009-07-01
9539,False,Martyrs,fr,2008-06-12
11001,False,Blue Streak,en,1999-09-17
530254,False,마녀,ko,2018-06-27
843271,False,French Film,fr,
257445,False,Goosebumps,en,2015-08-05
11321,False,Seven Pounds,en,2008-12-18
396371,False,Molly's Game,en,2017-12-07
49040,False,The Bourne Legacy,en,2012-08-08
9869,False,Patriot Games,en,1992-06-04
619730,False,Don't Worry Darling,en,2022-09-21
136795,False,The Heat,en,2013-06-27
151960,False,Planes,en,2013-08-09
68735,False,Warcraft,en,2016-05-25
151960,False,Planes,en,2013-08-09
68735,False,Warcraft,en,2016-05-25
1493,False,Miss Congeniality,en,2000-12-22
1736009,False,Buying Justice,vi,
134374,False,Pain & Gain,en,2013-04-18
11969,False,Tombstone,en,1993-12-25
316727,False,The Purge: Election Year,en,2016-06-29
2289,False,Cold Mountain,en,2003-12-24
714,False,Tomorrow Never Dies,en,1997-12-11
287414,False,Tersine Dünya,tr,1994-01-07
9798,False,Enemy of the State,en,1998-11-20
497814,False,Breaking In,en,2018-05-05
9645,False,Ghost Ship,en,2002-10-25
1825,False,Over the Top,en,1987-02-13
242224,False,The Babadook,en,2014-05-22
345938,False,The Shack,en,2017-03-02
1123210,False,Better Together,en,2026-05-15
532408,False,The Boogeyman,en,2023-05-31
363676,False,Sully,en,2016-09-07
109414,False,This Is the End,en,2013-06-12
748230,False,Salem's Lot,en,2024-10-03
1497970,False,猫和老鼠：星盘奇缘,zh,2025-08-02
2322,False,Sneakers,en,1992-09-09
10995,False,L'Amant,fr,1992-01-22
758323,False,The Pope's Exorcist,en,2023-04-05
76640,False,The Last Stand,en,2013-01-12
657,False,From Russia with Love,en,1963-10-10
799766,False,Better Man,en,2024-12-06
10897,False,The Little Rascals,en,1994-08-05
88751,False,Journey to the Center of the Earth,en,2008-07-10
1405338,False,Demon City 鬼ゴロシ,ja,2025-02-26
20766,False,The Road,en,2009-11-25
531219,False,Roald Dahl's The Witches,en,2020-10-26
406,False,La Haine,fr,1995-05-31
1013482,False,Borderline,en,2025-03-14
290595,False,The Huntsman: Winter's War,en,2016-04-06
9767,False,The Break-Up,en,2006-06-01
375631,False,João Ninguém,pt,2016-12-20
11551,False,Small Soldiers,en,1998-07-10
9741,False,Unbreakable,en,2000-11-22
292280,False,The Bye Bye Man,en,2017-01-12
9373,False,The Texas Chainsaw Massacre,en,2003-05-21
3131,False,Gangs of New York,en,2002-12-14
338803,False,간신,ko,2015-05-21
945729,False,A Haunting in Venice,en,2023-09-13
1522333,False,Carry On Jatta 4,pa,2026-06-26
481848,False,The Call of the Wild,en,2020-02-19
1100099,False,We Live in Time,en,2024-10-10
274854,False,The Last Witch Hunter,en,2015-10-21
1134671,False,唐朝妖姬,cn,1992-05-04
49017,False,Dracula Untold,en,2014-10-01
60935,False,The Thing,en,2011-10-12
15789,False,A Goofy Movie,en,1995-04-05
9804,False,Waterworld,en,1995-07-28
1079485,False,Winnie-the-Pooh: Blood and Honey 2,en,2024-03-26
13368,False,White Christmas,en,1954-10-14
10950,False,I Am Sam,en,2001-12-28
6795,False,Zathura: A Space Adventure,en,2005-11-06
1597,False,Meet the Parents,en,2000-10-06
64686,False,47 Ronin,en,2013-12-06
936653,False,Nina & Emma,es,2023-04-12
10068,False,Nine 1/2 Weeks,en,1986-02-09
339692,False,Shot Caller,en,2017-07-07
1729,False,The Forbidden Kingdom,en,2008-04-17
1595481,False,Kidnapped: Elizabeth Smart,en,2026-01-20
897087,False,Freelance,en,2023-10-05
387848,False,친구엄마,ko,2015-11-12
9037,False,Grease 2,en,1982-06-11
705996,False,헤어질 결심,ko,2022-06-29
9411,False,Fallen,en,1998-01-16
595,False,To Kill a Mockingbird,en,1962-12-20
1173559,False,Insidious Inferno,en,2024-11-29
492188,False,Marriage Story,en,2019-09-28
13700,False,Home on the Range,en,2004-04-02
9277,False,The Sting,en,1973-12-25
8848,False,The Bank Job,en,2008-02-28
11253,False,Hellboy II: The Golden Army,en,2008-07-11
770156,False,Lucy Shimmers and the Prince of Peace,en,2020-10-19
974931,False,Totally Killer,en,2023-09-28
4538,False,The Darjeeling Limited,en,2007-09-07
929,False,Godzilla,en,1998-05-20
76025,False,Shame,en,2011-10-02
935,False,Dr. Strangelove or: How I Learned to Stop Worrying and Love the Bomb,en,1964-01-29
50544,False,Friends with Benefits,en,2011-07-21
227973,False,The Peanuts Movie,en,2015-11-05
409,False,The English Patient,en,1996-11-14
170687,False,The Boxtrolls,en,2014-09-10
1391,False,Y tu mamá también,es,2001-06-08
222935,False,The Fault in Our Stars,en,2014-06-02
68724,False,Elysium,en,2013-08-07
9471,False,Charlie's Angels: Full Throttle,en,2003-06-25
6978,False,Big Trouble in Little China,en,1986-05-30
11528,False,The Sandlot,en,1993-04-07
184345,False,A Haunted House 2,en,2014-04-17
923,False,Dawn of the Dead,en,1978-09-02
58233,False,Johnny English Reborn,en,2011-09-15
7299,False,Equilibrium,en,2002-12-06
509967,False,6 Underground,en,2019-12-10
755566,False,Day Shift,en,2022-08-05
9600,False,Big Momma's House,en,2000-05-31
11645,False,乱,ja,1985-06-01
70345,False,Sssssss,en,1973-07-06
1547,False,The Lost Boys,en,1987-07-31
9705,False,Swordfish,en,2001-06-08
1024452,False,French Girl,en,2024-03-15
1239134,False,भूत बंगला,hi,2026-04-16
583,False,Life of Brian,en,1979-08-17
774825,False,The Ice Age Adventures of Buck Wild,en,2022-01-28
616820,False,Halloween Ends,en,2022-10-12
1290159,False,A House of Dynamite,en,2025-10-02
9355,False,Mad Max Beyond Thunderdome,en,1985-06-29
16871,False,Drag Me to Hell,en,2009-05-27
1266,False,Street Kings,en,2008-04-10
820067,False,映画 五等分の花嫁,ja,2022-05-20
9289,False,The Longest Day,en,1962-09-25
602223,False,The Forever Purge,en,2021-06-30
97630,False,Zero Dark Thirty,en,2012-12-19
634528,False,The Marksman,en,2021-01-15
818647,False,A través de mi ventana,es,2022-02-04
9078,False,The Sword in the Stone,en,1963-12-25
818647,False,A través de mi ventana,es,2022-02-04
9078,False,The Sword in the Stone,en,1963-12-25
9100,False,The Craft,en,1996-05-03
667,False,You Only Live Twice,en,1967-06-13
9909,False,Dangerous Minds,en,1995-08-11
1224182,False,喪服妻　浅く深く,ja,1994-04-22
707,False,A View to a Kill,en,1985-05-24
511642,False,여자 하숙집 2,ko,2018-03-22
1522377,False,İki Dünya Bir Dilek,tr,2025-11-24
552178,False,Dark Waters,en,2019-11-22
9594,False,Double Impact,en,1991-07-31
1118031,False,Apocalipsis Z: el principio del fin,es,2024-10-04
733573,False,消失的情人節,zh,2020-09-18
49797,False,악마를 보았다,ko,2010-08-12
109091,False,The Counselor,en,2013-10-25
870270,False,내 아내의 언니3,ko,2019-08-08
97370,False,Under the Skin,en,2014-03-14
389015,False,"I, Tonya",en,2017-12-07
38321,False,Priest,en,2011-05-05
1151039,False,Nonnas,en,2025-05-01
62835,False,Colombiana,en,2011-07-27
1236470,False,The Lost Bus,en,2025-09-19
2019,False,Hard Target,en,1993-04-27
533514,False,劇場版 ヴァイオレット・エヴァーガーデン,ja,2020-09-18
1911,False,The 13th Warrior,en,1999-08-13
2295,False,Clerks II,en,2006-07-21
1140521,False,The Magic Faraway Tree,en,2026-03-26
1117857,False,In Your Dreams,en,2025-11-07
364689,False,Ferdinand,en,2017-12-09
1578,False,Raging Bull,en,1980-11-14
8393,False,The Gods Must Be Crazy,en,1980-09-10
662723,False,Danur: The Last Chapter,id,2026-03-18
796185,False,Les Trois Mousquetaires : D'Artagnan,fr,2023-04-05
45649,False,Rubber,fr,2010-11-09
11474,False,The Warriors,en,1979-02-01
49517,False,Tinker Tailor Soldier Spy,en,2011-09-16
10982,False,Hoodwinked!,en,2005-12-16
513310,False,Boss Level,en,2021-02-19
10805,False,Staying Alive,en,1983-07-11
13187,False,A Charlie Brown Christmas,en,1965-12-09
218836,False,Planes: Fire & Rescue,en,2014-07-17
677060,False,Música Subterrânea,pt,2008-10-28
1970,False,The Grudge,en,2004-10-22
4771,False,Gone Baby Gone,en,2007-09-18
308624,False,옹녀뎐,ko,2014-08-21
332210,False,Storks,en,2016-09-22
25475,False,Tinker Bell and the Lost Treasure,en,2009-09-03
1442396,False,నాగబంధం,te,2026-07-02
420808,False,Peter Pan & Wendy,en,2023-04-20
401062,False,Szülei szeme,hu,2015-09-23
385128,False,F9,en,2021-05-19
10865,False,Atlantis: The Lost Empire,en,2001-06-02
610253,False,Halloween Kills,en,2021-10-14
522162,False,Midway,en,2019-11-06
718032,False,Licorice Pizza,en,2021-11-26
1312946,False,The Map That Leads to You,en,2025-08-19
11976,False,Legend,en,1985-08-28
1495694,False,Beauty from Pain,en,2025-12-18
3114,False,The Searchers,en,1956-05-16
482321,False,Ron's Gone Wrong,en,2021-10-14
55721,False,Bridesmaids,en,2011-05-13
646207,False,The Ice Road,en,2021-06-24
700,False,Octopussy,en,1983-06-05
481084,False,The Addams Family,en,2019-10-10
46853,False,Maladolescenza,it,1977-05-06
14926,False,Uptown Girls,en,2003-08-15
372962,False,まいちゃんの日常,ja,2014-11-29
324544,False,In the Lost Lands,en,2025-02-27
13122,False,The People Under the Stairs,en,1991-11-01
14442,False,Ella Enchanted,en,2004-04-09
9444,False,Anastasia,en,1997-11-20
11130,False,The Princess Diaries 2: Royal Engagement,en,2004-08-06
12139,False,Dennis the Menace,en,1993-06-09
9472,False,DodgeBall: A True Underdog Story,en,2004-06-18
450182,False,Vó Maria,pt,2011-04-02
632357,False,The Unholy,en,2021-03-31
78049,False,The Scorpion King 3: Battle for Redemption,en,2012-01-17
856289,False,封神第一部：朝歌风云,zh,2023-07-15
602734,False,Spiral: From the Book of Saw,en,2021-05-12
1364271,False,First Warrior,en,
1364271,False,First Warrior,en,
68728,False,Oz the Great and Powerful,en,2013-03-07
499932,False,The Devil All the Time,en,2020-09-11
27098,False,Lust och fägring stor,sv,1995-03-08
535292,False,21 Bridges,en,2019-10-24
982843,False,대홍수,ko,2025-09-18
49049,False,Dredd,en,2012-09-07
5528,False,Les Choristes,fr,2004-03-17
60898,False,聊齋艷譚,cn,1990-05-19
11360,False,Dumbo,en,1941-10-31
995133,False,"The Boy, the Mole, the Fox and the Horse",en,2022-12-25
37958,False,Immortals,en,2011-11-10
644495,False,House of Gucci,en,2021-11-24
544,False,There's Something About Mary,en,1998-07-15
500664,False,Upgrade,en,2018-05-31
49730,False,Red Riding Hood,en,2011-03-10
1397201,False,ゴールデンカムイ 網走監獄襲撃編,ja,2026-03-13
228326,False,The Book of Life,en,2014-10-01
1955,False,The Elephant Man,en,1980-10-09
726209,False,Leave the World Behind,en,2023-11-22
899082,False,Harry Potter 20th Anniversary: Return to Hogwarts,en,2022-01-01
440472,False,The Upside,en,2019-01-10
1205515,False,"Sorry, Baby",en,2025-06-27
3050,False,Doctor Dolittle,en,1998-06-26
1103,False,Escape from New York,en,1981-05-23
9348,False,Species,en,1995-07-07
812225,False,映画 ブラッククローバー 魔法帝の剣,ja,2023-06-16
11113,False,My Fair Lady,en,1964-12-01
1286663,False,Control Freak,en,2025-03-12
1148365,False,Matchbox: The Movie,en,2026-10-08
261023,False,Black Mass,en,2015-09-17
1273,False,TMNT,en,2007-03-23
539745,False,Animal Farm,en,2026-04-30
1263256,False,Happy Gilmore 2,en,2025-07-25
440021,False,Happy Death Day,en,2017-10-12
1035048,False,Elevation,en,2024-11-07
8095,False,Cleopatra,en,1963-06-12
10632,False,The Hunted,en,2003-03-11
1992,False,Planet Terror,en,2007-04-06
890690,False,Terra Farta,pt,2022-01-22
1274706,False,La desconocida,es,2026-06-05
877703,False,Teen Wolf: The Movie,en,2023-01-18
207933,False,Stonehearst Asylum,en,2014-10-23
13971,False,Wild Child,en,2008-08-15
460019,False,Truth or Dare,en,2018-04-12
522241,False,The Courier,en,2020-01-24
1531141,False,Something Sweet,en,2025-07-19
1299655,False,Blue Moon,en,2025-10-17
4147,False,Road to Perdition,en,2002-07-12
1246,False,Rocky Balboa,en,2006-12-20
8698,False,The League of Extraordinary Gentlemen,en,2003-07-11
1225572,False,Screamboat,en,2025-03-20
511987,False,Crawl,en,2019-07-10
1654,False,The Dirty Dozen,en,1967-06-15
483906,False,Polar,en,2019-01-25
13374,False,Ice Princess,en,2005-03-17
744276,False,After Ever Happy,en,2022-08-24
14306,False,Marley & Me,en,2008-12-25
238713,False,Spy,en,2015-05-06
321,False,Mambo Italiano,en,2003-06-06
283445,False,Sinister 2,en,2015-08-19
11814,False,Weird Science,en,1985-08-01
6075,False,Carlito's Way,en,1993-11-10
16995,False,State of Play,en,2009-04-17
1817,False,Phone Booth,en,2003-01-06
80,False,Before Sunset,en,2004-06-16
232672,False,Blended,en,2014-05-21
967,False,Spartacus,en,1960-10-13
567748,False,The Guilty,en,2021-09-24
1042834,False,Eden,en,2025-04-03
9651,False,Supergirl,en,1984-07-01
442062,False,Goosebumps 2: Haunted Halloween,en,2018-10-11
660,False,Thunderball,en,1965-12-11
850165,False,The Iron Claw,en,2023-12-21
12620,False,The House Bunny,en,2008-08-22
504949,False,The King,en,2019-10-11
2277,False,Bicentennial Man,en,1999-12-17
8247,False,Jumper,en,2008-02-13
51828,False,One Day,en,2011-03-02
575824,False,Hombres de piel dura,es,2019-06-20
578701,False,Those Who Wish Me Dead,en,2021-05-05
592695,False,Pleasure,sv,2021-10-08
72784,False,The Loft,en,2014-10-14
10997,False,霸王别姬,zh,1993-01-01
381283,False,mother!,en,2017-09-13
1241470,False,Osiris,en,2025-07-25
1392796,False,Diary of a Wimpy Kid: The Last Straw,en,2025-12-04
314,False,Catwoman,en,2004-07-22
798286,False,Beau Is Afraid,en,2023-04-14
277216,False,Straight Outta Compton,en,2015-08-11
9506,False,Anger Management,en,2003-04-11
1290432,False,Vie privée,fr,2025-09-27
134,False,"O Brother, Where Art Thou?",en,2000-08-30
59440,False,Warrior,en,2011-09-09
87818,False,Movie 43,en,2013-01-24
1022256,False,Selena Gomez: My Mind & Me,en,2022-11-04
1287141,False,Pillion,en,2025-11-28
23629,False,Sucker Punch,en,2011-03-24
296524,False,Deepwater Horizon,en,2016-09-28
72570,False,The Vow,en,2012-02-05
2005,False,Sister Act,en,1992-05-28
86834,False,Noah,en,2014-03-07
285783,False,The Walk,en,2015-09-30
6964,False,Something's Gotta Give,en,2003-12-12
838240,False,Robot Dreams,es,2023-12-06
338969,False,The Toxic Avenger Unrated,en,2025-08-28
94329,False,Serbuan Maut,id,2012-03-22
9679,False,Gone in Sixty Seconds,en,2000-06-09
795,False,City of Angels,en,1998-04-10
205345,False,Das Brot des Bäckers,de,1977-02-25
44741,False,Malizia,it,1973-03-29
27744,False,يد إلهية‎D,ar,2002-10-02
268531,False,Captain Underpants: The First Epic Movie,en,2017-06-01
300389,False,Chuyến đi cuối cùng của chị Phụng,vi,2014-03-24
415842,False,American Assassin,en,2017-07-14
484247,False,A Simple Favor,en,2018-09-13
65754,False,The Girl with the Dragon Tattoo,en,2011-12-14
1079346,False,5lbs of Pressure,en,2024-03-08
227156,False,The Giver,en,2014-08-13
225574,False,Non-Stop,en,2014-02-26
668489,False,Havoc,en,2025-04-25
984,False,Dirty Harry,en,1971-12-23
10376,False,La leggenda del pianista sull'oceano,it,1998-10-28
1738625,False,Kin,en,2026-06-07
10948,False,The Fox and the Hound,en,1981-07-10
921,False,Cinderella Man,en,2005-06-02
1003581,False,Justice League: Warworld,en,2023-07-25
628900,False,The Contractor,en,2022-03-10
152,False,Star Trek: The Motion Picture,en,1979-12-07
2636,False,The Specialist,en,1994-10-07
21542,False,Love Don't Co$t a Thing,en,2003-12-12
8619,False,Master and Commander: The Far Side of the World,en,2003-11-14
11330,False,Pusher 3,da,2005-08-22
3021,False,1408,en,2007-06-22
858,False,Sleepless in Seattle,en,1993-06-24
1737147,False,Uns Braços,pt,2012-12-12
559907,False,The Green Knight,en,2021-07-29
338967,False,Zombieland: Double Tap,en,2019-10-09
253,False,Live and Let Die,en,1973-06-27
824,False,Moulin Rouge!,en,2001-05-18
16523,False,Where the Wild Things Are,en,2009-10-16
9593,False,Last Action Hero,en,1993-06-18
50727,False,방자전,ko,2010-06-02
1923,False,Twin Peaks: Fire Walk with Me,en,1992-06-03
1195803,False,Wicker,en,2026-10-21
848326,False,Rebel Moon - Part One: A Child of Fire,en,2023-12-15
86331,False,Q,fr,2011-10-06
8838,False,Mercury Rising,en,1998-04-03
1359685,False,El mal,es,2026-01-16
188161,False,A Million Ways to Die in the West,en,2014-05-22
1201753,False,Get Away,en,2024-12-06
35056,False,Date Night,en,2010-04-08
9587,False,Little Women,en,1994-12-21
2268,False,The Golden Compass,en,2007-12-04
45772,False,Gnomeo & Juliet,en,2011-01-13
10010,False,Brother Bear 2,en,2006-07-19
571,False,The Birds,en,1963-03-28
606,False,Out of Africa,en,1985-12-20
111190,False,Adoration,en,2013-04-03
3176,False,バトル・ロワイアル,ja,2000-12-16
9907,False,Barnyard,en,2006-08-04
8960,False,Hancock,en,2008-07-01
2330,False,Taxi,fr,1998-04-08
6520,False,First Knight,en,1995-07-07
1114967,False,Good Fortune,en,2025-10-14
9488,False,Spy Kids 2: The Island of Lost Dreams,en,2002-08-07
72559,False,G.I. Joe: Retaliation,en,2013-03-27
1124619,False,Bride Hard,en,2025-06-19
112160,False,Chroniques sexuelles d'une famille d'aujourd'hui,fr,2012-05-09
335360,False,My Little Pony: The Movie,en,2017-10-05
1020389,False,Dans le secret des hiéroglyphes : Les Frères Champollion,fr,2022-09-09
11918,False,Superhero Movie,en,2008-03-28
1381,False,The Fountain,en,2006-11-22
7326,False,Juno,en,2007-12-05
9036,False,Eight Below,en,2006-02-17
175112,False,Tinker Bell and the Pirate Fairy,en,2014-02-13
8275,False,American Pie Presents: The Naked Mile,en,2006-12-04
613868,False,Primos,pt,2019-12-10
454983,False,The Kissing Booth,en,2018-05-11
51162,False,Winnie the Pooh,en,2011-04-06
838209,False,파묘,ko,2024-02-22
227783,False,The Nut Job,en,2014-01-17
817,False,Austin Powers: The Spy Who Shagged Me,en,1999-06-08
169917,False,A Walk Among the Tombstones,en,2014-09-18
309809,False,The Little Prince,en,2015-07-29
157353,False,Transcendence,en,2014-04-16
717852,False,Cuộc Chiến Với Chằn Tinh,vi,2014-01-29
10543,False,Fear,en,1996-04-12
9994,False,The Great Mouse Detective,en,1986-07-02
347375,False,Mile 22,en,2018-08-16
149870,False,風立ちぬ,ja,2013-07-20
9882,False,The Siege,en,1998-11-06
553604,False,Honest Thief,en,2020-09-03
60747,False,Red Dawn,en,2012-03-15
451915,False,Beautiful Boy,en,2018-10-12
294272,False,Pete's Dragon,en,2016-08-10
1049471,False,Outcome,en,2026-04-06
9726,False,A Good Year,en,2006-09-09
503736,False,Army of the Dead,en,2021-05-14
45933,False,La soldatessa alla visita militare,it,1977-09-02
653,False,"Nosferatu, eine Symphonie des Grauens",de,1922-02-16
7551,False,Déjà Vu,en,2006-11-22
1736868,False,Mummy Oja,en,2020-01-01
1212142,False,Kinda Pregnant,en,2025-02-04
11954,False,Lifeforce,en,1985-06-21
1620,False,Hitman,en,2007-11-21
5434,False,La morte ha sorriso all'assassino,it,1973-07-11
1498,False,Teenage Mutant Ninja Turtles,en,1990-03-30
1469930,False,Tumbal Proyek,id,2026-05-13
442249,False,The First Purge,en,2018-07-04
7350,False,The Bucket List,en,2007-12-25
1266800,False,L'Enfant Du Désert,fr,2026-04-08
596161,False,Let Him Go,en,2020-11-05
570595,False,Русская нимфетка: искушение,ru,2004-11-28
1352874,False,The Crucifix: Blood of the Exorcist,en,2025-01-09
4553,False,The Machinist,en,2004-09-24
6003,False,Romeo and Juliet,en,1968-04-02
60308,False,Moneyball,en,2011-09-23
9486,False,Johnny English,en,2003-03-14
758336,False,Love Again,en,2023-05-04
522931,False,Hitman's Wife's Bodyguard,en,2021-06-14
400160,False,The SpongeBob Movie: Sponge on the Run,en,2020-08-14
27022,False,The Sorcerer's Apprentice,en,2010-07-13
1511057,False,Roommates,en,2026-04-13
1248832,False,Digger,en,2026-09-30
399361,False,Triple Frontier,en,2019-03-06
49527,False,Man on a Ledge,en,2012-01-13
699,False,For Your Eyes Only,en,1981-06-24
13510,False,Eden Lake,en,2008-09-12
1627792,False,Sagaran,tl,2026-02-06
592350,False,僕のヒーローアカデミア THE MOVIE ヒーローズ：ライジング,ja,2019-12-20
55301,False,Alvin and the Chipmunks: Chipwrecked,en,2011-12-14
681,False,Diamonds Are Forever,en,1971-12-14
174316,False,A Case of You,en,2013-11-06
337772,False,Kol nevėlu...,lt,1957-02-07
9906,False,The Ant Bully,en,2006-07-28
10731,False,The Client,en,1994-07-20
2133,False,The Perfect Storm,en,2000-06-29
1736876,False,Angkara Cinta,en,2020-01-01
487558,False,BlacKkKlansman,en,2018-08-09
1728056,False,Big Chicken: A Fast Food Conspiracy,en,2026-08-05
38050,False,The Adjustment Bureau,en,2011-03-03
239563,False,St. Vincent,en,2014-10-09
949734,False,ハードレイプ,ja,1987-01-05
719221,False,Tarot,en,2024-05-01
1466978,False,Mikael: Pemburu Dua Alam,ms,2026-04-02
9341,False,The Core,en,2003-03-28
11220,False,墮落天使,cn,1995-09-06
41402,False,Let Me In,en,2010-10-01
36643,False,The World Is Not Enough,en,1999-11-17
1299652,False,Watchmen: Chapter II,en,2024-11-25
9874,False,Cobra,en,1986-05-22
1125899,False,Cleaner,en,2025-02-19
207932,False,Inferno,en,2016-10-13
283566,False,シン・エヴァンゲリオン劇場版:||,ja,2021-03-08
985,False,Eraserhead,en,1977-09-28
14262,False,Desperate Living,en,1977-05-27
646389,False,Plane,en,2023-01-11
47327,False,Drive Angry,en,2011-02-24
45317,False,The Fighter,en,2010-12-10
829,False,Chinatown,en,1974-06-20
507244,False,Afterburn,en,2025-08-20
1736877,False,Bikin Filem,en,2020-01-01
385103,False,Scoob!,en,2020-07-08
1008409,False,The Bikeriders,en,2024-06-19
8273,False,American Wedding,en,2003-08-01
10331,False,Night of the Living Dead,en,1968-10-04
763285,False,Ambulance,en,2022-03-16
1180831,False,Troll 2,no,2025-11-30
3558,False,"Girl, Interrupted",en,1999-12-21
458423,False,Mamma Mia! Here We Go Again,en,2018-07-18
265195,False,Relatos salvajes,es,2014-08-21
756,False,Fantasia,en,1940-11-13
11967,False,Young Guns,en,1988-08-12
9397,False,Evolution,en,2001-06-08
927254,False,The Twits,en,2025-10-17
6278,False,Reign of Fire,en,2002-07-09
1235746,False,Dead of Winter,en,2025-09-23
49524,False,R.I.P.D.,en,2013-07-18
1586,False,Secret Window,en,2004-03-12
26817,False,Sex and the Single Girl,en,1964-12-25
11397,False,Not Another Teen Movie,en,2001-12-07
324558,False,X-Rated: The Greatest Adult Movies of All Time,en,2015-02-06
1041613,False,Immaculate,en,2024-03-20
17979,False,A Christmas Carol,en,2009-11-04
532639,False,Pinocchio,en,2022-09-07
799379,False,늑대사냥,ko,2022-09-21
429200,False,Good Time,en,2017-08-11
723562,False,여배우들: 섹스 오디션,ko,2020-07-03
459992,False,Long Shot,en,2019-05-02
11774,False,Lemony Snicket's A Series of Unfortunate Events,en,2004-12-16
65759,False,Happy Feet Two,en,2011-11-17
11978,False,Men of Honor,en,2000-09-13
278924,False,Mechanic: Resurrection,en,2016-08-25
334,False,Magnolia,en,1999-12-17
1900,False,Traffic,en,2000-12-27
1371185,False,Song Sung Blue,en,2025-12-15
1059064,False,The Instigators,en,2024-08-02
284552,False,慈禧秘密生活,cn,1995-03-17
508965,False,Klaus,en,2019-11-08
525,False,The Blues Brothers,en,1980-06-16
164,False,Breakfast at Tiffany's,en,1961-10-06
22947,False,Up in the Air,en,2009-12-04
814889,False,Never Let Go,en,2024-09-18
400617,False,Phantom Thread,en,2017-12-25
745881,False,ร่างทรง,th,2021-07-14
404009,False,Una storia ambigua,it,1986-05-15
9003,False,Hellraiser,en,1987-09-11
1403886,False,Fishbowl,nl,2018-02-23
157433,False,Pet Sematary,en,2019-04-04
490,False,Det sjunde inseglet,sv,1957-02-16
6279,False,Sister Act 2: Back in the Habit,en,1993-12-09
970347,False,The Killer,en,2024-08-22
763165,False,The Burial,en,2023-10-06
365045,False,Heidi,de,2015-12-10
26515,False,Pumpkinhead,en,1988-06-09
334543,False,Lion,en,2016-11-24
287948,False,The Transporter Refueled,en,2015-09-02
839,False,Duel,en,1971-12-25
9398,False,Zoolander,en,2001-09-28
9398,False,Zoolander,en,2001-09-28
11005,False,Awakenings,en,1990-12-04
11326,False,Tommy,en,1975-03-19
4946,False,La Piscine,fr,1969-01-31
399057,False,The Killing of a Sacred Deer,en,2017-10-20
555604,False,Guillermo del Toro's Pinocchio,en,2022-11-09
37686,False,Super 8,en,2011-06-09
456740,False,Hellboy,en,2019-04-10
288,False,High Noon,en,1952-06-09
38684,False,Jane Eyre,en,2011-03-11
112205,False,The Family,en,2013-09-13
23169,False,Remember Me,en,2010-03-11
193,False,Star Trek: Generations,en,1994-11-18
1878,False,Fear and Loathing in Las Vegas,en,1998-05-22
39857,False,八仙飯店之人肉叉燒包,cn,1993-05-13
646097,False,Rebel Ridge,en,2024-08-27
768744,False,僕のヒーローアカデミア THE MOVIE ワールド ヒーローズ ミッション,ja,2021-08-06
41733,False,Due Date,en,2010-11-03
196867,False,Annie,en,2014-12-18
455207,False,Crazy Rich Asians,en,2018-08-15
9354,False,"Honey, I Shrunk the Kids",en,1989-06-23
1327690,False,One Mile: Chapter Two,en,2026-02-27
1206617,False,The Best Christmas Pageant Ever,en,2024-11-07
614934,False,Elvis,en,2022-06-22
521029,False,Annabelle Comes Home,en,2019-06-26
64328,False,The Muppets,en,2011-11-23
406990,False,What Happened to Monday,en,2017-08-18
26973,False,Pretty Baby,en,1978-04-05
192141,False,No Escape,en,2015-08-26
1064486,False,Memoir of a Snail,en,2024-10-17
235602,False,Лятиф,ru,1930-11-11
760741,False,Beast,en,2022-08-11
15165,False,Barbie as The Princess & the Pauper,en,2004-09-28
539537,False,Fantasy Island,en,2020-02-12
369885,False,Allied,en,2016-11-23
12233,False,Oliver & Company,en,1988-11-18
1507114,False,Ghost Story,en,
458576,False,Monster Hunter,en,2020-12-03
113344,False,The American Scream,en,1988-01-01
773,False,Little Miss Sunshine,en,2006-07-26
59108,False,Tower Heist,en,2011-11-02
4643,False,The Guardian,en,2006-09-28
33194,False,Xiu Xiu: The Sent-Down Girl,en,1998-02-19
9665,False,Glory,en,1989-12-15
122126,False,후궁: 제왕의 첩,ko,2012-06-06
549649,False,귀신과 함께 춤을,ko,2018-09-27
175,False,Le Grand Bleu,fr,1988-05-10
218043,False,Left Behind,en,2014-10-03
59436,False,Midnight in Paris,en,2011-05-11
1287322,False,Christy,en,2025-10-27
9008,False,The Insider,en,1999-10-28
64084,False,Scorned,en,1993-07-14
223319,False,LSD -ラッキースカイダイアモンド-,ja,1989-03-11
2119,False,Days of Thunder,en,1990-06-27
1510745,False,Bodycam,en,2026-03-12
10320,False,The Ring Two,en,2005-03-10
213,False,North by Northwest,en,1959-08-06
44683,False,Tinker Bell and the Great Fairy Rescue,en,2010-07-29
291870,False,Dirty Grandpa,en,2016-01-20
38234,False,Undisputed III: Redemption,en,2010-04-17
604685,False,Den of Thieves 2: Pantera,en,2025-01-08
1237810,False,รักโคตร ๆ โหดอย่างมึง 1,th,2024-05-09
531876,False,The Outpost,en,2020-06-24
602063,False,るろうに剣心 最終章 The Final,ja,2021-04-23
338958,False,Disenchanted,en,2022-11-18
13680,False,The Game Plan,en,2007-09-28
253412,False,Everest,en,2015-09-10
137094,False,Jack Ryan: Shadow Recruit,en,2014-01-15
77016,False,End of Watch,en,2012-09-20
262504,False,Allegiant,en,2016-03-09
4370,False,La Banquière,fr,1980-08-27
976734,False,Canary Black,en,2024-10-10
802,False,Lolita,en,1962-06-13
16307,False,The Wicker Man,en,1973-12-06
463272,False,Johnny English Strikes Again,en,2018-08-30
334074,False,Survivor,en,2015-05-21
9331,False,Clear and Present Danger,en,1994-08-03
1395724,False,痴人の愛,ja,2024-11-29
619725,False,Gatunagem,pt,2018-09-04
13523,False,Sex Drive,en,2008-10-16
13523,False,Sex Drive,en,2008-10-16
171274,False,Inherent Vice,en,2014-12-12
37137,False,The Naked Gun 2½: The Smell of Fear,en,1991-06-28
12113,False,Body of Lies,en,2008-10-09
2899,False,Astérix & Obélix : Mission Cléopâtre,fr,2002-01-30
298312,False,The Visit,en,2015-09-10
92060,False,Michael Jackson's Thriller,en,1983-11-21
697117,False,Distorção,pt,2019-08-16
10323,False,Clash of the Titans,en,1981-06-12
96,False,Beverly Hills Cop II,en,1987-05-18
376659,False,Bad Moms,en,2016-07-28
5902,False,A Bridge Too Far,en,1977-06-15
678512,False,Sound of Freedom,en,2023-07-03
1560681,False,Kolory zła: Czerń,pl,2026-06-10
10358,False,Zack and Miri Make a Porno,en,2008-09-18
14069,False,時をかける少女,ja,2006-07-15
1300968,False,The Hunger Games: Sunrise on the Reaping,en,2026-11-18
1550569,False,Aileen: Queen of the Serial Killers,en,2025-10-29
36593,False,Naked Gun 33⅓: The Final Insult,en,1994-03-18
117251,False,White House Down,en,2013-06-27
439,False,La dolce vita,it,1960-02-05
1612018,False,Jackass: Best and Last,en,2026-06-25
1186532,False,The Forge,en,2024-08-22
11329,False,Runaway Jury,en,2003-10-17
704239,False,The Union,en,2024-08-15
12437,False,Underworld: Rise of the Lycans,en,2009-01-22
539681,False,DC League of Super-Pets,en,2022-07-27
9753,False,Three,en,2005-11-16
9493,False,Twins,en,1988-12-09
1304434,False,浪浪山小妖怪,zh,2025-08-02
10992,False,Cats & Dogs,en,2001-07-04
1637319,False,Hannah Montana 20th Anniversary Special,en,2026-03-23
1738827,False,ALTÉRER,fr,2026-08-01
11667,False,Street Fighter,en,1994-12-23
338766,False,Hell or High Water,en,2016-08-11
1423191,False,Resident Evil,en,2026-09-16
11621,False,紅の豚,ja,1992-07-18
2044,False,The Lake House,en,2006-06-16
31011,False,Mr. Nobody,en,2009-11-06
463821,False,The House with a Clock in Its Walls,en,2018-09-15
82700,False,After Earth,en,2013-05-30
1719380,False,No Way Home,en,2026-09-10
710356,False,2 Hearts,en,2020-10-16
16664,False,リリイ・シュシュのすべて,ja,2001-10-06
12279,False,Spy Kids 3-D: Game Over,en,2003-07-25
265177,False,Mommy,fr,2014-09-19
1948,False,Crank,en,2006-08-31
1029281,False,Strange Darling,en,2024-08-14
8292,False,Four Brothers,en,2005-08-11
7840,False,"10,000 BC",en,2008-03-04
239124,False,Investigación policial,es,2013-11-14
22059,False,The Fantastic Four,en,1994-05-31
326359,False,Frozen Fever,en,2015-03-09
9362,False,Tremors,en,1990-01-19
12536,False,Home Alone 4,en,2002-11-03
1410937,False,ബാലൻ  - The Boy,ml,2026-06-19
580175,False,Druk,da,2020-09-24
1145899,False,Marsupilami,fr,2026-02-04
955916,False,Lift,en,2024-01-10
6623,False,The Peacemaker,en,1997-09-26
955916,False,Lift,en,2024-01-10
6623,False,The Peacemaker,en,1997-09-26
682,False,The Man with the Golden Gun,en,1974-12-04
795514,False,The Fallout,en,2021-03-17
441130,False,Wolfwalkers,en,2020-10-26
9531,False,Superman III,en,1983-06-17
1400837,False,Other Mommy,en,2026-10-08
10775,False,無間道,cn,2002-12-12
317442,False,THE LAST -NARUTO THE MOVIE-,ja,2014-12-06
1093995,False,Chief of Station,en,2024-05-02
10637,False,Remember the Titans,en,2000-09-29
522016,False,The 355,en,2022-01-05
71469,False,The Darkest Hour,en,2011-12-22
241,False,Natural Born Killers,en,1994-08-26
1535392,False,Malaikat Malam,ms,2026-03-26
51620,False,Death Race 2,en,2010-11-12
2605,False,Short Circuit,en,1986-05-09
257091,False,Get Hard,en,2015-03-26
10202,False,Bedtime Stories,en,2008-12-24
157,False,Star Trek III: The Search for Spock,en,1984-06-01
216282,False,Into the Storm,en,2014-08-06
185689,False,団鬼六　美女縄地獄,ja,1983-08-26
9316,False,องค์บาก,th,2003-01-31
466282,False,To All the Boys I've Loved Before,en,2018-08-17
323675,False,Ride Along 2,en,2016-01-14
7453,False,The Hitchhiker's Guide to the Galaxy,en,2005-04-28
820609,False,No One Will Save You,en,2023-09-21
16320,False,Serenity,en,2005-09-25
1736923,False,Yang Tersembunyi,en,2020-01-01
812037,False,L'Été dernier,fr,2023-09-13
9428,False,The Royal Tenenbaums,en,2001-10-05
2280,False,Big,en,1988-06-03
137093,False,Last Vegas,en,2013-10-31
842924,False,The Life of Chuck,en,2025-06-02
43194,False,Ulisse,it,1954-10-06
13345,False,西遊記第壹佰零壹回之月光寶盒,cn,1995-01-21
1426306,False,Titan: The OceanGate Submersible Disaster,en,2025-06-06
77805,False,Lovelace,en,2013-08-08
1502135,False,密档,zh,2026-08-28
1455079,False,"You, Me & Tuscany",en,2026-04-09
1455079,False,"You, Me & Tuscany",en,2026-04-09
13192,False,Moonwalker,en,1988-10-29
677213,False,आमा,ne,2020-02-21
938614,False,Late Night with the Devil,en,2024-03-19
505192,False,万引き家族,ja,2018-06-02
1029955,False,Kinds of Kindness,en,2024-05-30
46529,False,I Am Number Four,en,2011-02-18
75674,False,Act of Valor,en,2012-02-24
9007,False,Just Like Heaven,en,2005-09-16
1047041,False,名探偵コナン 黒鉄の魚影（サブマリン）,ja,2023-04-14
1542,False,Office Space,en,1999-02-19
1037113,False,Snack Shack,en,2024-03-15
1242434,False,Highest 2 Lowest,en,2025-08-14
8329,False,[REC],es,2007-11-23
1844,False,Entrapment,en,1999-04-29
352549,False,Coração Azul,pt,2015-01-01
913,False,The Thomas Crown Affair,en,1999-08-06
906126,False,La sociedad de la nieve,es,2023-12-15
499701,False,Dora and the Lost City of Gold,en,2019-08-08
62838,False,New Year's Eve,en,2011-12-08
10843,False,After Hours,en,1985-09-13
1280450,False,Stolen Girl,en,2025-09-04
487297,False,What Men Want,en,2019-02-08
356305,False,Why Him?,en,2016-12-22
1700944,False,"Love, Ngo",tl,2026-06-03
12208,False,Casino Royale,en,1967-04-18
71668,False,Piranha 3DD,en,2012-05-11
654974,False,Home Sweet Home Alone,en,2021-11-11
400650,False,Mary Poppins Returns,en,2018-12-13
14873,False,The Jungle Book 2,en,2003-02-07
193610,False,The Other Woman,en,2014-04-16
779782,False,The School for Good and Evil,en,2022-10-19
1251636,False,The Bloody Hundredth,en,2024-03-14
8065,False,21,en,2008-03-27
9346,False,Risky Business,en,1983-08-05
9101,False,Down Periscope,en,1996-03-01
4141,False,Shoot 'Em Up,en,2007-07-26
1466115,False,"오늘 밤, 세계에서 이 사랑이 사라진다 해도",ko,2025-12-24
34813,False,The Losers,en,2010-04-23
270487,False,"Hail, Caesar!",en,2016-02-05
834,False,Underworld: Evolution,en,2006-01-12
876792,False,劇場版 転生したらスライムだった件 紅蓮の絆編,ja,2022-11-25
9913,False,The Skeleton Key,en,2005-07-29
520758,False,Chicken Run: Dawn of the Nugget,en,2023-12-08
877817,False,Wolfs,en,2024-09-20
1417677,False,Bill Burr: Drop Dead Years,en,2025-03-13
794,False,The Omen,en,1976-06-25
87421,False,Riddick,en,2013-09-02
37703,False,唐伯虎點秋香,zh,1993-07-01
250286,False,Mama Europa,sl,2012-09-30
11713,False,精武門,zh,1972-03-22
13885,False,Sweeney Todd: The Demon Barber of Fleet Street,en,2007-12-21
68722,False,The Master,en,2012-09-14
1608445,False,Tarung: Unforgiven,ms,2026-05-07
9462,False,猛龍過江,cn,1972-12-30
17431,False,Moon,en,2009-06-12
11808,False,U.S. Marshals,en,1998-03-06
10998,False,Fatal Attraction,en,1987-09-18
51052,False,Arthur Christmas,en,2011-11-10
1965,False,A Perfect Murder,en,1998-06-05
1965,False,A Perfect Murder,en,1998-06-05
3597,False,I Know What You Did Last Summer,en,1997-10-17
107985,False,The World's End,en,2013-07-18
9671,False,Crocodile Dundee,en,1986-09-26
137116,False,Smurfs: The Lost Village,en,2017-03-23
376290,False,Miss Sloane,en,2016-11-25
567189,False,Tom Clancy's Without Remorse,en,2021-04-30
705559,False,Los novios de mi madre,es,2020-05-29
15144,False,Sixteen Candles,en,1984-05-04
975,False,Paths of Glory,en,1957-10-25
1333100,False,劇場版「進撃の巨人」完結編 THE LAST ATTACK,ja,2024-03-20
44943,False,Battle: Los Angeles,en,2011-03-08
11371,False,The Score,en,2001-07-13
9894,False,The Cable Guy,en,1996-06-10
491084,False,Shattered,en,2017-01-28
1308767,False,Young Washington,en,2026-07-02
1356039,False,Contraataque,es,2025-02-27
11968,False,Into the Blue,en,2005-09-30
521777,False,Good Boys,en,2019-08-14
10137,False,Stuart Little,en,1999-12-17
8092,False,This Boy's Life,en,1993-04-09
978,False,Seven Years in Tibet,en,1997-09-12
303857,False,ドラゴンボールZ 復活の「F」,ja,2015-04-18
72331,False,Abraham Lincoln: Vampire Hunter,en,2012-06-20
1465476,False,Lulu Is a Rhinoceros,en,2025-05-29
25195,False,Leap Year,en,2010-01-08
8688,False,Snake Eyes,en,1998-08-07
1400032,False,10DANCE,ja,2025-12-17
2323,False,Field of Dreams,en,1989-04-21
29039,False,The Arena,en,1974-03-13
15516,False,The Last House on the Left,en,1972-08-30
10047,False,Joan of Arc,en,1999-10-27
10776,False,Little Shop of Horrors,en,1986-12-19
72976,False,Lincoln,en,2012-11-09
35019,False,Nanny McPhee and the Big Bang,en,2010-03-26
1339876,False,मर्दानी 3,hi,2026-01-30
1632861,False,Why Love,en,
10200,False,The Day the Earth Stood Still,en,2008-12-10
1173558,False,O Lado Bom de Ser Traída,pt,2023-10-25
1010756,False,The Strangers: Chapter 2,en,2025-09-25
9255,False,Hot Shots! Part Deux,en,1993-05-21
50183,False,Восхождение,ru,1977-04-02
9395,False,Above the Law,en,1988-04-08
1163974,False,玉蒲团之极乐宝鉴,zh,1999-09-25
11527,False,Excalibur,en,1981-04-10
816,False,Austin Powers: International Man of Mystery,en,1997-05-02
136400,False,2 Guns,en,2013-08-02
12163,False,The Wrestler,en,2008-09-07
1075794,False,Leo,en,2023-11-17
167032,False,Curse of Chucky,en,2013-10-08
1465063,False,Forgotten Island,en,2026-09-16
10025,False,Just My Luck,en,2006-05-12
8836,False,The X-Files: I Want to Believe,en,2008-07-24
6950,False,Outbreak,en,1995-03-10
1514125,False,사이공 선셋,ko,2025-04-30
1484913,False,Ikka,hi,2026-07-10
1094138,False,Jackpot!,en,2024-08-13
28339,False,Hard to Die,en,1990-10-09
1688652,False,Gary,en,2026-05-05
708,False,The Living Daylights,en,1987-06-29
708,False,The Living Daylights,en,1987-06-29
1523433,False,Времена любви,ru,2026-08-08
76599,False,Ville à vendre,fr,1992-02-26
483,False,Wild at Heart,en,1990-08-17
431580,False,Abominable,en,2019-09-19
11469,False,Black Knight,en,2001-11-21
737057,False,수상한 진료실: 엄마친구의 특별한 치료,ko,2018-03-06
617502,False,Jolt,en,2021-07-15
10377,False,My Cousin Vinny,en,1992-03-13
424139,False,Halloween,en,2018-10-18
11974,False,The 'Burbs,en,1989-02-17
696026,False,착한처제 2019,ko,2019-06-05
796499,False,Army of Thieves,en,2021-10-29
407436,False,Mowgli: Legend of the Jungle,en,2018-11-25
758009,False,Shotgun Wedding,en,2022-12-28
192,False,The Name of the Rose,en,1986-09-24
17529,False,True Grit,en,1969-06-11
257785,False,Tulip Fever,en,2017-07-13
691,False,The Spy Who Loved Me,en,1977-07-07
15472,False,Män som hatar kvinnor,sv,2009-02-27
522478,False,Peter Rabbit 2: The Runaway,en,2021-03-25
457332,False,Hidden Strike,en,2023-07-06
504253,False,君の膵臓をたべたい,ja,2018-09-01
560210,False,내 학생의 엄마 3,ko,2018-02-05
768,False,From Hell,en,2001-02-08
419114,False,침대렐라,ko,2016-09-22
68,False,Brazil,en,1985-02-20
1580803,False,Susana y Elvira: Sin plan B,es,2026-05-28
2064,False,While You Were Sleeping,en,1995-04-21
177723,False,Paris By Night 76 - Xuân Tha Hương,vi,2004-10-30
77174,False,ParaNorman,en,2012-08-03
1285965,False,Dangerous Animals,en,2025-06-05
1491,False,The Illusionist,en,2006-08-18
8967,False,The Tree of Life,en,2011-05-17
6023,False,P.S. I Love You,en,2007-11-15
1375,False,Rocky V,en,1990-11-16
953669,False,Még egyet apuka kedvéért,hu,2021-11-30
28032,False,Thumbelina,en,1994-03-30
4478,False,Indecent Proposal,en,1993-04-07
134764,False,一路向西,cn,2012-09-20
617463,False,Uur Tsaigaasai,mn,2017-05-10
1401586,False,Sonic the Hedgehog 4,en,2027-03-11
527641,False,Five Feet Apart,en,2019-03-14
934632,False,Rebel Moon - Part Two: The Scargiver,en,2024-04-19
1127166,False,Fabbricante di lacrime,it,2024-04-03
6145,False,Fracture,en,2007-04-19
416153,False,Arctic Dogs,en,2019-11-01
2652,False,Hard Candy,en,2006-04-14
75174,False,The Grey,en,2012-01-26
15373,False,Role Models,en,2008-11-07
10228,False,劇場版ポケットモンスター ミュウツーの逆襲,ja,1998-07-18
656663,False,Jackass Forever,en,2022-02-01
9833,False,The Phantom of the Opera,en,2004-12-08
14864,False,The Hot Spot,en,1990-10-12
936,False,The Pink Panther,en,1963-12-18
329996,False,Dumbo,en,2019-03-27
10398,False,Double Jeopardy,en,1999-09-24
1075175,False,How to Have Sex,en,2023-11-02
458305,False,Vivarium,en,2019-09-07
41216,False,Legend of the Guardians: The Owls of Ga'Hoole,en,2010-07-10
41216,False,Legend of the Guardians: The Owls of Ga'Hoole,en,2010-07-10
19929,False,9to5: Days in Porn,en,2008-08-24
465086,False,The Grudge,en,2019-12-31
1147400,False,"Miraculous World : Paris, Les Aventures de Toxinelle et Griffe Noire",fr,2024-02-11
2085,False,Romeo Must Die,en,2000-03-22
280180,False,Beverly Hills Cop: Axel F,en,2024-06-20
284293,False,Still Alice,en,2014-12-05
594342,False,Sete Anos em Maio,pt,2019-04-09
11451,False,Herbie Fully Loaded,en,2005-06-19
381138,False,Animal Político,pt,2017-05-31
11797,False,Fright Night,en,1985-08-02
384521,False,The Cloverfield Paradox,en,2018-02-04
1409389,False,妖艶西遊記　破の巻,ja,1988-09-10
1293162,False,Thieves Highway,en,2025-11-07
458220,False,Palmer,en,2021-01-28
1646,False,Freedom Writers,en,2007-01-05
698,False,Moonraker,en,1979-06-26
1083862,False,バイオハザード：デスアイランド,ja,2023-06-22
479718,False,범죄도시,ko,2017-10-03
1738,False,Next,en,2007-04-25
244,False,King Kong,en,1933-04-07
11845,False,Intimacy,en,2001-01-20
11187,False,Child's Play 3,en,1991-08-30
365620,False,Ferrari,en,2023-12-14
605722,False,Long Distance,en,2024-07-12
36670,False,Never Say Never Again,en,1983-10-07
12207,False,醉拳二,cn,1994-02-03
901563,False,Close,fr,2022-11-01
1061378,False,Antes Ele Do Que Eu,pt,2022-12-12
2135,False,The Time Machine,en,2002-03-04
346672,False,Underworld: Blood Wars,en,2016-11-24
9766,False,Gridiron Gang,en,2006-09-15
1738437,False,Moms Guardian,en,2026-07-24
146216,False,RED 2,en,2013-07-18
833339,False,Speak No Evil,da,2022-03-17
9760,False,Epic Movie,en,2007-01-25
2616,False,Uncle Buck,en,1989-08-16
533642,False,Child's Play,en,2019-06-19
82881,False,Tangled Ever After,en,2012-01-13
619297,False,Sweet Girl,en,2021-08-18
581644,False,The Misfits,en,2021-06-03
2028,False,Say Anything...,en,1989-04-14
1122030,False,ऐल्फा,hi,2026-07-02
399019,False,The Beguiled,en,2017-06-23
109431,False,Identity Thief,en,2013-02-07
773352,False,徳川の女帝 大奥,ja,1988-08-27
11460,False,Red Eye,en,2005-08-10
663,False,Saw IV,en,2007-10-25
87516,False,Oldboy,en,2013-11-14
199450,False,にごりえ,ja,1953-11-23
26662,False,名探偵コナン ベイカー街（ストリート）の亡霊,ja,2002-04-20
97698,False,暴る！,ja,1978-11-18
492,False,Being John Malkovich,en,1999-10-29
204922,False,Before I Go to Sleep,en,2014-09-03
9975,False,Curious George,en,2006-02-10
44826,False,Hugo,en,2011-11-22
11281,False,Halloween II,en,1981-10-30
1498047,False,Abuela tremenda,es,2026-01-01
10428,False,Hackers,en,1995-09-14
36685,False,The Rocky Horror Picture Show,en,1975-08-14
646683,False,The Exorcism,en,2024-05-30
1263012,False,Dead Man's Wire,en,2026-01-09
599975,False,Countdown,en,2019-10-24
10040,False,Miss Congeniality 2: Armed and Fabulous,en,2005-03-11
1326106,False,怪獣８号 第1期総集編／同時上映「保科の休日」,ja,2025-03-28
1017163,False,범죄도시 4,ko,2024-04-24
21385,False,"Mickey, Donald, Goofy: The Three Musketeers",en,2004-08-04
8676,False,Fool's Gold,en,2008-02-07
16866,False,Planet 51,en,2009-11-19
198277,False,Begin Again,en,2014-06-27
429197,False,Vice,en,2018-12-25
419479,False,The Babysitter,en,2017-10-13
907,False,Doctor Zhivago,en,1965-12-22
1051896,False,Arcadian,en,2024-04-12
823482,False,Dream Scenario,en,2023-11-10
4806,False,Runaway Bride,en,1999-07-30
9327,False,The Nutty Professor,en,1996-06-28
603661,False,The Hating Game,en,2021-12-09
867,False,Sliver,en,1993-05-21
181886,False,Enemy,en,2014-03-14
5820,False,The Sentinel,en,2006-04-19
9481,False,The Bone Collector,en,1999-11-04
1023656,False,Latente,es,2021-10-04
80585,False,Rock of Ages,en,2012-06-13
585245,False,Clifford the Big Red Dog,en,2021-11-10
1400940,False,Clayface,en,2026-10-21
10673,False,Wall Street,en,1987-12-10
1241921,False,A Big Bold Beautiful Journey,en,2025-09-17
9313,False,The Man in the Iron Mask,en,1998-03-12
34016,False,She's Out of My League,en,2010-03-11
682012,False,Amélie et la métaphysique des tubes,fr,2025-06-25
652837,False,ジョゼと虎と魚たち,ja,2020-12-25
16119,False,Cinderella III: A Twist in Time,en,2007-02-06
394117,False,The Florida Project,en,2017-10-06
8488,False,Hitch,en,2005-02-11
37797,False,耳をすませば,ja,1995-07-15
868937,False,Nhung Con Voi Trong Thanh Pho,vi,2021-09-01
1213898,False,बॉर्डर २,hi,2026-01-23
333352,False,Eye in the Sky,en,2015-09-07
990412,False,Sob Influência,pt,2022-09-17
645886,False,The Unforgivable,en,2021-11-24
180299,False,The Raid 2: Berandal,id,2014-03-27
9262,False,My Mom's New Boyfriend,en,2008-04-30
1659389,False,ONE PIECE HEROINES,ja,2026-07-05
11238,False,Aladdin and the King of Thieves,en,1996-05-20
601666,False,I Care a Lot,en,2021-02-19
514999,False,Murder Mystery,en,2019-05-25
556678,False,Emma.,en,2020-02-13
1376704,False,Buy Now! The Shopping Conspiracy,en,2024-11-19
1451344,False,남편들,ko,2026-06-15
11416,False,The Mission,en,1986-09-06
10866,False,Joy Ride,en,2001-10-05
12096,False,The Pink Panther,en,2006-02-10
1708347,False,Sunrise Hotel,zh,2026-02-07
9384,False,Starsky & Hutch,en,2004-03-05
1406657,False,果てしなきスカーレット,ja,2025-11-21
14412,False,Body Heat,en,1981-08-28
60307,False,Diary of a Wimpy Kid: Rodrick Rules,en,2011-03-25
955555,False,범죄도시 3,ko,2023-05-31
612,False,Munich,en,2005-12-23
1424965,False,Ice Skater,en,2026-08-20
10030,False,Good Luck Chuck,en,2007-09-21
1736854,False,Potong,en,2020-01-01
1242501,False,Icefall,en,2025-10-16
1312150,False,Ricky Gervais: Mortality,en,2025-12-29
20760,False,Lilo & Stitch 2: Stitch Has a Glitch,en,2005-08-22
1328803,False,Prisoner of War,en,2025-09-19
1012201,False,劇場版ハイキュー!! ゴミ捨て場の決戦,ja,2024-02-16
799876,False,The Outfit,en,2022-02-25
643215,False,Astérix & Obélix : L'Empire du Milieu,fr,2023-02-01
10796,False,The One,en,2001-11-02
489999,False,Searching,en,2018-08-24
1354959,False,내 남편을 세워줘!,ko,2024-06-21
7347,False,Tropa de Elite,pt,2007-10-05
10877,False,Exit Wounds,en,2001-03-16
30112,False,苹果,zh,2007-11-08
153104,False,Wicked Minds,en,2003-03-01
9013,False,Midnight Run,en,1988-07-20
1384758,False,Ice Age: Boiling Point,en,2027-02-03
39939,False,Super Troopers,en,2001-02-15
7461,False,Vantage Point,en,2008-02-01
9326,False,Romancing the Stone,en,1984-03-30
542178,False,"The French Dispatch of the Liberty, Kansas Evening Sun",en,2021-10-21
1272,False,Sunshine,en,2007-04-05
458253,False,Missing Link,en,2019-04-04
37056,False,Letters to Juliet,en,2010-05-13
8487,False,Wild Wild West,en,1999-06-30
8224,False,8MM,en,1999-02-26
1293167,False,Exit Protocol,en,2025-11-07
267193,False,Grimsby,en,2016-02-24
393345,False,Cult of Chucky,en,2017-10-12
2291,False,Jacob's Ladder,en,1990-11-02
2310,False,Beowulf,en,2007-11-05
340666,False,Nocturnal Animals,en,2016-11-04
9279,False,Jingle All the Way,en,1996-11-21
54156,False,Premiers désirs,fr,1983-12-11
397567,False,신과함께-죄와 벌,ko,2017-12-20
104,False,Lola rennt,de,1998-08-20
23827,False,Paranormal Activity,en,2007-09-14
8068,False,Desperado,en,1995-08-25
8068,False,Desperado,en,1995-08-25
48138,False,Unknown,en,2011-02-16
1418156,False,Cold Feet,xx,2025-03-28
9292,False,Hudson Hawk,en,1991-05-23
9399,False,Lionheart,en,1990-06-07
9955,False,Blades of Glory,en,2007-03-30
543831,False,옆집 누나들,ko,2018-06-26
745048,False,La Momie,fr,2014-11-22
426889,False,Le Clitoris,fr,2017-08-24
818,False,Austin Powers in Goldmember,en,2002-07-26
818397,False,Memory,en,2022-04-28
1403735,False,లైలా,te,2025-02-14
10603,False,George of the Jungle,en,1997-07-15
168530,False,Ride Along,en,2014-01-07
8697,False,我是誰,cn,1998-01-17
554776,False,정사 : 처제의 사랑,ko,2018-07-26
986070,False,The Wrath of Becky,en,2023-05-26
9353,False,Nacho Libre,en,2006-06-16
9904,False,The Wild,en,2006-04-06
619778,False,Malignant,en,2021-09-01
606679,False,The High Note,en,2020-06-10
8461,False,Funny Games,en,2008-03-14
9535,False,Analyze This,en,1999-03-05
37430,False,Conan the Barbarian,en,2011-08-17
9303,False,Bound,en,1996-09-13
936245,False,히든페이스,ko,2024-11-20
760774,False,One Life,en,2023-12-21
9457,False,Deep Rising,en,1998-01-30
346685,False,The Girl on the Train,en,2016-10-05
369471,False,ダイアモンドは傷つかない,ja,1982-05-15
401469,False,Widows,en,2018-11-06
9268,False,Eraser,en,1996-06-21
1540365,False,Hippo's Revenge,en,2025-09-05
52451,False,The Three Musketeers,en,2011-08-31
9035,False,Slither,en,2006-03-31
470044,False,The Hate U Give,en,2018-10-19
4442,False,The Brothers Grimm,en,2005-08-26
631842,False,Knock at the Cabin,en,2023-02-01
44122,False,Amar,es,2009-02-27
1108354,False,"KALI, L'ange de la Vengeance",fr,2024-05-31
1108354,False,"KALI, L'ange de la Vengeance",fr,2024-05-31
568620,False,Snake Eyes: G.I. Joe Origins,en,2021-07-22
50433,False,L'alcova,it,1985-01-21
11975,False,The Rainmaker,en,1997-11-18
6877,False,Failure to Launch,en,2006-03-10
766319,False,Mariah Carey's Magical Christmas Special,en,2020-12-03
996821,False,You're Cordially Invited,en,2025-01-29
36095,False,キュア,ja,1997-12-27
10481,False,102 Dalmatians,en,2000-10-07
648579,False,The Unbearable Weight of Massive Talent,en,2022-04-20
38199,False,Unthinkable,en,2010-05-26
116,False,Match Point,en,2005-10-26
1319965,False,All of You,en,2025-09-26
1633263,False,Wonderful Nightmare,tl,2026-04-04
1589906,False,UFC 325: Volkanovski vs. Lopes 2,en,2026-01-31
10835,False,喋血雙雄,cn,1989-03-24
1246310,False,Madea's Destination Wedding,en,2025-07-10
497828,False,Triangle of Sadness,en,2022-09-18
678229,False,Nổi gió,vi,1966-01-01
9678,False,Little Nicky,en,2000-11-10
9678,False,Little Nicky,en,2000-11-10
294963,False,Bone Tomahawk,en,2015-10-23
730028,False,Världens vackraste pojke,sv,2021-07-30
287598,False,Hatholdas rózsakert,hu,1970-08-18
1378,False,Shortbus,en,2006-10-04
609,False,Poltergeist,en,1982-06-04
880841,False,Abandoned,en,2022-06-17
4176,False,Murder on the Orient Express,en,1974-11-22
929219,False,O Que as Mulheres Querem?,pt,2019-11-02
1445276,False,たまらないのは恋なのか,ja,2025-04-06
71880,False,Jack and Jill,en,2011-11-11
901,False,City Lights,en,1931-02-06
1254896,False,Beware the Boogeyman,en,2024-03-05
1083884,False,Signal One,en,2026-06-05
301,False,Rio Bravo,en,1959-03-08
8974,False,The War of the Worlds,en,1953-04-03
24238,False,Mary and Max,en,2009-04-09
77877,False,The Lucky One,en,2012-04-19
49021,False,Killer Elite,en,2011-09-22
8699,False,Anchorman: The Legend of Ron Burgundy,en,2004-06-28
15189,False,Hotel for Dogs,en,2009-01-16
7978,False,The Wolfman,en,2010-02-10
765245,False,Swan Song,en,2021-12-17
172226,False,In Secret,en,2014-02-21
82,False,Miami Vice,en,2006-07-27
539517,False,Constantine: City of Demons - The Movie,en,2018-10-04
11679,False,xXx: State of the Union,en,2005-04-27
1456349,False,Un simple accident,fr,2025-10-01
338762,False,Bloodshot,en,2020-03-05
480414,False,The Curse of La Llorona,en,2019-04-17
8390,False,"Definitely, Maybe",en,2008-02-08
243,False,High Fidelity,en,2000-03-17
82633,False,Lawless,en,2012-08-29
10761,False,Made of Honor,en,2008-04-30
592831,False,Megalopolis,en,2024-09-25
864370,False,咒,zh,2022-03-18
830788,False,The Invitation,en,2022-08-24
582014,False,Promising Young Woman,en,2020-12-13
2604,False,Born on the Fourth of July,en,1989-12-20
1484255,False,Trainwreck: Mayor of Mayhem,en,2025-06-16
8277,False,American Pie Presents: Beta House,en,2007-12-10
133805,False,Carrie,en,2013-10-16
24402,False,Emmanuelle,fr,1974-06-25
4133,False,Blow,en,2001-04-04
2252,False,Eastern Promises,en,2007-09-14
910571,False,Fair Play,en,2023-09-28
1014505,False,劇場版「オーバーロード」聖王国編,ja,2024-09-20
760161,False,Orphan: First Kill,en,2022-07-27
1083420,False,Adulthood,en,2025-09-19
22824,False,The Fourth Kind,en,2009-11-05
10314,False,She's All That,en,1999-01-29
11186,False,Child's Play 2,en,1990-11-09
363111,False,Wolves at the Door,en,2016-10-21
537996,False,The Ballad of Buster Scruggs,en,2018-11-09
1429520,False,Sidelined 2: Intercepted,en,2025-11-27
9056,False,警察故事,cn,1985-12-14
1272166,False,Ballad of a Small Player,en,2025-10-15
340837,False,A Cure for Wellness,en,2017-02-15
10957,False,The Black Cauldron,en,1985-07-24
1287729,False,Незримое,ru,2007-01-01
1134055,False,Kill Shot,bn,2023-08-15
11507,False,Body Double,en,1984-10-25
82682,False,Gangster Squad,en,2013-01-09
352821,False,Su precio... unos dólares,es,1970-09-10
81803,False,Primo amore,it,1978-11-10
1511417,False,Bāhubali: The Epic,te,2025-10-29
9032,False,Big Daddy,en,1999-06-25
118406,False,ROAD TO NINJA -NARUTO THE MOVIE-,ja,2012-07-28
1151272,False,Sirāt,es,2025-06-06
334533,False,Captain Fantastic,en,2016-07-08
10357,False,Volcano,en,1997-04-25
522518,False,A Dog's Journey,en,2019-05-03
986097,False,HIM,en,2025-09-18
152532,False,Dallas Buyers Club,en,2013-11-01
292047,False,トウキョーノワール,ja,2004-09-24
441282,False,Night Hunter,en,2019-08-08
280019,False,황제를 위하여,ko,2014-06-11
1628071,False,宗师叶问2,zh,2026-07-22
8452,False,The 6th Day,en,2000-11-17
10159,False,The Rundown,en,2003-09-26
339988,False,The Circle,en,2017-04-27
83899,False,You're Next,en,2013-08-22
121856,False,Assassin's Creed,en,2016-12-21
556694,False,Three Thousand Years of Longing,en,2022-08-24
664280,False,David Attenborough: A Life on Our Planet,en,2020-09-28
980026,False,Bastarden,da,2023-10-05
59962,False,This Means War,en,2012-02-14
966220,False,Снайпер. Білий ворон,uk,2022-05-03
303991,False,Demolition,en,2016-04-06
249070,False,Hitman: Agent 47,en,2015-08-20
59,False,A History of Violence,en,2005-09-23
535544,False,Downton Abbey,en,2019-09-12
9870,False,Forgetting Sarah Marshall,en,2008-04-17
1476928,False,Na Willa,id,2026-03-18
15092,False,Crank: High Voltage,en,2009-04-16
585216,False,Escape Room: Tournament of Champions,en,2021-07-01
379536,False,Été 85,fr,2014-06-25
4379,False,Monster-in-Law,en,2005-05-13
502033,False,Sound of Metal,en,2020-11-20
600583,False,The Power of the Dog,en,2021-10-25
974036,False,Ordinary Angels,en,2024-02-22
9896,False,Rat Race,en,2001-08-17
8286,False,La Femme infidèle,fr,1969-01-22
664767,False,Mortal Kombat Legends: Scorpion's Revenge,en,2020-04-12
10466,False,The Money Pit,en,1986-03-26
335777,False,The Nut Job 2: Nutty by Nature,en,2017-08-11
59861,False,Larry Crowne,en,2011-06-30
9386,False,In the Line of Fire,en,1993-07-08
1029529,False,無力の王,ja,1981-08-29
860,False,WarGames,en,1983-06-03
1355666,False,고백의 역사,ko,2025-08-28
1739910,False,Şekspir,az,2024-04-02
9344,False,Kids,en,1995-07-21
768362,False,Missing,en,2023-01-19
10014,False,A Nightmare on Elm Street Part 2: Freddy's Revenge,en,1985-11-01
242828,False,思い出のマーニー,ja,2014-07-19
1857,False,The Transformers: The Movie,en,1986-08-08
493416,False,Troy: The Odyssey,en,2017-10-15
16103,False,The Loneliness of the Long Distance Runner,en,1962-09-20
1589288,False,UFC 324: Gaethje vs. Pimblett,en,2026-01-24
12657,False,Soul Plane,en,2004-05-28
1015154,False,Luciérnagas en El Mozote,en,2025-12-11
9473,False,"South Park: Bigger, Longer & Uncut",en,1999-06-24
1096197,False,No Way Up,en,2024-01-18
22164,False,Blood and Bone,en,2009-02-07
12106,False,The Quick and the Dead,en,1995-02-09
814776,False,Bottoms,en,2023-08-25
1295400,False,Den sidste viking,da,2025-10-09
2157,False,Lost in Space,en,1998-04-03
16577,False,Astro Boy,en,2009-10-15
1736920,False,Isa & Bella,en,2020-01-01
798021,False,Family Switch,en,2023-11-30
13342,False,Fast Times at Ridgemont High,en,1982-08-13
11009,False,Saturday Night Fever,en,1977-12-16
23437,False,A Nightmare on Elm Street,en,2010-04-30
5994,False,The Family Man,en,2000-12-12
38357,False,Morning Glory,en,2010-11-10
2655,False,What Lies Beneath,en,2000-07-21
9954,False,The Covenant,en,2006-09-07
623,False,A Fish Called Wanda,en,1988-07-15
623,False,A Fish Called Wanda,en,1988-07-15
912916,False,The Other Zoey,en,2023-10-19
28528,False,The Harder They Fall,en,1956-05-08
2100,False,The Last Castle,en,2001-10-19
1008953,False,Incoming,en,2024-08-22
864168,False,Joy Ride,en,2023-06-22
11560,False,High Crimes,en,2002-04-05
9542,False,The Hitcher,en,1986-01-17
1439112,False,Muzzle: City of Wolves,en,2025-11-13
68730,False,Silence,en,2016-12-23
984249,False,Ruthless,en,2023-12-14
724209,False,Heart of Stone,en,2023-08-09
127690,False,Iszka utazása,en,2007-11-22
8843,False,The Cell,en,2000-08-18
19384,False,Dark Angel,en,1990-01-26
1249508,False,Grizzly Night,en,2026-01-30
1730821,False,레즈비언 부부의 아내 불륜,ko,2026-07-17
1291659,False,Le Mage du Kremlin,fr,2026-01-21
1433117,False,கர,ta,2026-04-30
258230,False,A Monster Calls,en,2016-10-07
10216,False,Species II,en,1998-04-10
488623,False,기억의 밤,ko,2017-11-29
642,False,Butch Cassidy and the Sundance Kid,en,1969-09-23
900667,False,ONE PIECE FILM RED,ja,2022-08-06
9559,False,A Perfect World,en,1993-11-24
807172,False,The Exorcist: Believer,en,2023-10-04
2654,False,In the Mouth of Madness,en,1995-02-03
203833,False,The Book Thief,en,2013-11-08
13333,False,死亡遊戲,cn,1978-03-23
438799,False,Overlord,en,2018-11-01
13417,False,Kronk's New Groove,en,2005-12-05
420821,False,Chip 'n Dale: Rescue Rangers,en,2022-05-20
932086,False,Horizon: An American Saga - Chapter 1,en,2024-06-26
10734,False,Escape from Alcatraz,en,1979-06-22
10559,False,Frequency,en,2000-04-28
615677,False,We Can Be Heroes,en,2020-12-25
651102,False,Chân Trời Tím,vi,1971-08-06
1630433,False,เส้นตาย สายลวง,th,2026-03-22
2671,False,リング,ja,1998-01-31
611914,False,The Courier,en,2019-11-22
2671,False,リング,ja,1998-01-31
611914,False,The Courier,en,2019-11-22
8005,False,Robin Hood: Men in Tights,en,1993-07-28
307663,False,Vice,en,2015-01-16
97367,False,The Place Beyond the Pines,en,2013-03-20
752397,False,Corazón Azul,pt,2021-04-27
1250880,False,西部狂野,zh,1992-02-27
1032892,False,In the Blink of an Eye,en,2026-01-26
670686,False,Father Father,en,2019-07-13
1069905,False,Jay Kelly,en,2025-11-14
1722754,False,스와핑 하던 날,ko,2017-01-10
1287536,False,Dora and the Search for Sol Dorado,en,2025-07-02
9718,False,Talladega Nights: The Ballad of Ricky Bobby,en,2006-08-04
21327,False,Ghost Rider: The Final Ride,en,2002-11-25
511809,False,West Side Story,en,2021-12-08
757725,False,Shadow Force,en,2025-05-01
487616,False,Curiosa,fr,2019-04-03
353070,False,Going in Style,en,2017-04-06
465136,False,Every Day,en,2018-02-22
83666,False,Moonrise Kingdom,en,2012-05-16
9618,False,Tango & Cash,en,1989-12-22
4437,False,2010,en,1984-12-06
1739956,False,Gulbadan,ur,1960-03-29
10590,False,We Were Soldiers,en,2002-03-01
13803,False,Amusement,en,2008-10-09
1634,False,Free Willy,en,1993-07-16
1043905,False,Dirty Angels,en,2024-12-11
9067,False,Tank Girl,en,1995-03-31
504608,False,Rocketman,en,2019-05-17
149871,False,かぐや姫の物語,ja,2013-11-23
9012,False,Jackass: The Movie,en,2002-10-25
718833,False,Bokshi,hi,2026-10-09
893228,False,Section 8,en,2022-09-23
21835,False,西遊記大結局之仙履奇緣,cn,1995-02-04
10658,False,Howard the Duck,en,1986-08-01
553,False,Dogville,en,2003-05-21
826,False,The Bridge on the River Kwai,en,1957-10-11
5966,False,Along Came Polly,en,2004-01-16
1226406,False,Love Hurts,en,2025-02-06
457335,False,Guns Akimbo,en,2020-02-27
5966,False,Along Came Polly,en,2004-01-16
1226406,False,Love Hurts,en,2025-02-06
457335,False,Guns Akimbo,en,2020-02-27
1264573,False,Lurker,en,2025-08-22
1301994,False,Nurse Abi,tl,2024-06-21
1730371,False,Skuad JPJ,en,2022-01-01
975044,False,Accident,en,2013-01-01
12783,False,The Duchess,en,2008-09-05
9778,False,Serendipity,en,2001-10-05
3594,False,The Number 23,en,2007-02-23
397469,False,새폴더 2,ko,2015-10-23
58431,False,Pride and Prejudice and Zombies,en,2016-02-04
3116,False,Midnight Cowboy,en,1969-05-25
1164,False,Babel,en,2006-10-26
1010600,False,The Strangers: Chapter 1,en,2024-05-15
507241,False,The Killer's Game,en,2024-09-12
330483,False,The Choice,en,2016-02-04
9886,False,Johnny Mnemonic,en,1995-05-26
426543,False,The Nutcracker and the Four Realms,en,2018-10-26
52520,False,Underworld: Awakening,en,2012-01-19
266647,False,Pan,en,2015-09-24
11358,False,Walking Tall,en,2004-04-02
11015,False,The Relic,en,1997-01-10
65057,False,The Descendants,en,2011-09-09
588648,False,Guardiana de dragones (Dragonkeeper),es,2024-04-11
11470,False,Jason X,en,2001-11-09
1027073,False,In the Land of Saints and Sinners,en,2023-10-06
1659087,False,180,en,2026-04-16
195589,False,Neighbors,en,2014-05-08
968,False,Dog Day Afternoon,en,1975-09-21
123553,False,The Mortal Instruments: City of Bones,en,2013-08-21
1739079,False,ბერიკაცები,ka,1975-01-01
431,False,Cube,en,1998-07-11
527660,False,"Yes, God, Yes",en,2020-07-24
9349,False,Universal Soldier,en,1992-07-10
464733,False,Trafficked,en,2017-10-06
1545403,False,La Coffurse,fr,2018-12-02
10189,False,Pineapple Express,en,2008-08-06
816904,False,Momias,es,2023-01-05
667216,False,Infinity Pool,en,2023-01-27
6488,False,Arachnophobia,en,1990-07-20
414947,False,Vállald önmagadat,hu,1975-02-20
493860,False,Thành Phố Những Tấm Gương,vi,2016-10-07
1633,False,Fried Green Tomatoes,en,1991-12-27
266856,False,The Theory of Everything,en,2014-11-07
9350,False,Cliffhanger,en,1993-05-28
1400272,False,As liñas descontinuas,gl,2026-02-27
1062807,False,劇場版 SPY×FAMILY CODE: White,ja,2023-12-22
1640,False,Crash,en,2005-05-06
1231914,False,여직원들 : 직장 연애사 3,ko,2023-11-25
333669,False,Bastille Day,en,2016-04-22
10402,False,Deuce Bigalow: Male Gigolo,en,1999-12-10
455476,False,Knights of the Zodiac,en,2023-04-27
482373,False,Don't Breathe 2,en,2021-08-12
11638,False,Guess Who,en,2005-03-25
17927,False,Fired Up!,en,2009-02-20
22972,False,Green Zone,en,2010-03-11
9800,False,Philadelphia,en,1993-12-22
664799,False,가슴 큰 처제,ko,2019-12-25
502235,False,동창회의 목적 3,ko,2018-02-20
428045,False,Тайна печати Дракона,ru,2019-08-16
1247,False,The Good Shepherd,en,2006-12-11
912378,False,ദൃഢം,ml,2026-05-08
534019,False,На разных берегах,ru,1926-04-01
1153576,False,Street Fighter,en,2026-10-14
323260,False,鴨王,cn,2015-01-29
1887,False,Marie Antoinette,en,2006-05-24
15255,False,Undisputed II: Last Man Standing,en,2006-04-11
46838,False,Tucker and Dale vs. Evil,en,2010-01-22
791155,False,Secret Headquarters,en,2022-08-12
10225,False,Jason Lives - Friday the 13th Part VI,en,1986-08-01
590223,False,Love and Monsters,en,2020-10-16
10847,False,Lord of the Flies,en,1990-03-16
15969,False,The Return of Jafar,en,1994-12-15
414287,False,Trót Yêu,vi,2015-10-16
1396965,False,名探偵コナン 隻眼の残像,ja,2025-04-18
10110,False,Empire of the Sun,en,1987-12-09
11230,False,醉拳,cn,1978-10-05
5279,False,Gosford Park,en,2001-12-26
1155281,False,封神第二部：战火西岐,zh,2025-01-29
1155281,False,封神第二部：战火西岐,zh,2025-01-29
1139713,False,The Radleys,en,2024-10-04
793602,False,애첩,ko,2020-12-24
1026436,False,Miller's Girl,en,2024-01-18
10663,False,The Waterboy,en,1998-11-06
179,False,The Interpreter,en,2005-04-08
11199,False,Wild Hogs,en,2007-03-02
9879,False,Striptease,en,1996-06-28
2642,False,Two Weeks Notice,en,2002-12-19
163940,False,El ambulante,es,2010-04-10
264644,False,Room,en,2015-10-16
9319,False,The Last Boy Scout,en,1991-12-13
9884,False,Collateral Damage,en,2002-02-06
1229343,False,비키니바: 맛있는서비스,ko,2020-11-26
624,False,Easy Rider,en,1969-06-26
184421,False,Во имя Бога,ru,1925-11-17
10214,False,Son of the Mask,en,2005-02-11
1383247,False,Badh,fr,2025-08-06
800939,False,Ticket to Paradise,en,2022-09-08
1535,False,Spy Game,en,2001-11-18
13397,False,The Year Without a Santa Claus,en,1974-12-10
692018,False,Svajo Mesca,ru,2015-11-19
11906,False,Suspiria,it,1977-02-01
19901,False,Daybreakers,en,2010-01-06
268920,False,Hot Pursuit,en,2015-05-08
85350,False,Boyhood,en,2014-06-05
785542,False,The Outrun,en,2024-01-19
13665,False,Arthur,en,1981-07-17
1160956,False,熊猫计划,zh,2024-10-01
12090,False,Just Married,en,2003-01-08
1440,False,Little Children,en,2006-10-06
22894,False,Legion,en,2010-01-21
2897,False,Around the World in 80 Days,en,1956-10-17
556574,False,Hamilton,en,2025-09-05
9285,False,Road Trip,en,2000-05-19
1560642,False,Colonial Rocks,en,
9257,False,S.W.A.T.,en,2003-08-08
10220,False,Rounders,en,1998-09-11
1477453,False,Trainwreck: The Astroworld Tragedy,en,2025-06-09
392,False,Chocolat,en,2000-12-22
10220,False,Rounders,en,1998-09-11
1477453,False,Trainwreck: The Astroworld Tragedy,en,2025-06-09
392,False,Chocolat,en,2000-12-22
882059,False,Boy Kills World,en,2024-04-24
474395,False,Teen Titans Go! To the Movies,en,2018-07-27
1101448,False,Unstoppable,en,2024-12-06
503,False,Poseidon,en,2006-05-03
73454,False,X,en,2011-11-23
637693,False,Spirit Untamed,en,2021-05-20
1290182,False,"그 시절, 우리가 좋아했던 소녀",ko,2025-02-21
591538,False,The Tragedy of Macbeth,en,2021-12-05
452244,False,La Leçon,fr,2016-08-01
80035,False,The Watch,en,2012-07-26
340933,False,Agontimé,pt,2019-01-01
524251,False,I See You,en,2019-09-11
271718,False,Trainwreck,en,2015-07-17
335117,False,맛있는 택배,ko,2015-04-02
5551,False,Space Cowboys,en,2000-08-04
9604,False,Red Heat,en,1988-06-17
4032,False,My Girl,en,1991-11-27
73456,False,Barbie: Princess Charm School,en,2011-08-11
1265063,False,After the Hunt,en,2025-10-09
1097870,False,Dear Santa,en,2024-11-24
8388,False,¡Three Amigos!,en,1986-12-12
616747,False,Haunted Mansion,en,2023-07-26
434203,False,Newness,en,2017-11-03
444996,False,ネオ チンピラ 鉄砲玉ぴゅ～,ja,1990-05-11
2817,False,On connaît la chanson,fr,1997-11-12
212261,False,Fotbollskrönikan EM 2012,sv,2012-08-05
384680,False,Hostiles,en,2017-12-22
660982,False,American Pie Presents: Girls' Rules,en,2020-10-06
855435,False,Faces of Death,en,2026-04-10
619803,False,범죄도시 2,ko,2022-05-18
197796,False,La Belle et la Bête,fr,2014-02-12
152584,False,La Vie d'Adèle - Chapitres 1 et 2,fr,2013-10-09
150,False,48 Hrs.,en,1982-12-07
1181107,False,The King of Kings,en,2025-04-07
1470329,False,世外,cn,2025-10-29
186,False,Lucky Number Slevin,en,2006-02-24
13485,False,Holiday Inn,en,1942-07-10
1738168,False,Bolle Piet,en,2024-11-23
530907,False,Друзья,ru,1934-01-01
292011,False,Richard Jewell,en,2019-12-13
866331,False,"Guachimontones, los límites del hombre y la naturaleza.",es,2016-01-01
1541871,False,Les vagues,fr,2025-09-12
8769,False,Christine,en,1983-12-09
5916,False,The Getaway,en,1972-12-13
1691,False,Hostel: Part II,en,2007-06-07
662702,False,엄마의 유혹 2,ko,2020-01-09
1484267,False,Trainwreck: P.I. Moms,en,2025-07-21
9044,False,Tristan & Isolde,en,2006-04-07
719128,False,아이돌 섹스: LA 교포녀,ko,2020-06-18
17379,False,Last Holiday,en,2006-01-13
1788,False,Footloose,en,1984-02-17
591274,False,Fear Street: 1978,en,2021-07-08
1255,False,괴물,ko,2006-07-27
1262815,False,The Choral,en,2025-11-07
5549,False,RoboCop 2,en,1990-06-22
419680,False,Daddy's Home 2,en,2017-11-09
9922,False,The Postman,en,1997-12-25
329833,False,Zoolander 2,en,2016-02-06
446894,False,Smallfoot,en,2018-09-20
1165366,False,La bataille de Gaulle: L'âge de fer,fr,2026-06-03
55931,False,The Animatrix,en,2003-05-09
625568,False,Unhinged,en,2020-07-16
601796,False,외계+인 1부,ko,2022-07-20
11497,False,All Dogs Go to Heaven,en,1989-11-17
145341,False,Pułkownik Kwiatkowski,pl,1996-05-10
70006,False,Never Back Down 2: The Beatdown,en,2011-09-13
2253,False,Valkyrie,en,2008-12-25
552676,False,Stranded,en,2017-12-20
11351,False,Jeepers Creepers 2,en,2003-08-08
499191,False,娼年,ja,2018-04-06
36239,False,Slaughtered Vomit Dolls,en,2006-02-14
31439,False,活着,zh,1994-05-18
27449,False,Baby Face,en,1933-07-13
978592,False,Sleeping Dogs,en,2024-03-21
14919,False,Batman: Mask of the Phantasm,en,1993-12-25
1086260,False,The Astronaut,en,2025-09-26
325659,False,Días de poder,es,2011-06-03
10860,False,Steel Magnolias,en,1989-11-15
11165,False,Tora! Tora! Tora!,en,1970-01-26
381,False,To Catch a Thief,en,1955-08-03
336,False,Giù la testa,it,1971-10-29
58151,False,Fright Night,en,2011-08-18
397770,False,The Birth,en,1981-05-16
44048,False,Unstoppable,en,2010-11-04
201088,False,Blackhat,en,2015-01-13
9454,False,EverAfter,en,1998-07-31
1725909,False,Asesino Perfecto,en,2026-07-24
399366,False,El secreto de Marrowbone,es,2017-10-27
10057,False,The Three Musketeers,en,1993-11-11
15655,False,The Tigger Movie,en,2000-02-11
353616,False,Pitch Perfect 3,en,2017-12-20
544401,False,Cherry,en,2021-02-26
1715,False,The Cider House Rules,en,1999-12-17
459003,False,Мавка: Лісова пісня,uk,2023-03-02
136418,False,Hummingbird,en,2013-05-07
417161,False,Miss Marple: The Mirror Crack'd from Side to Side,en,1992-12-27
1727,False,Bird on a Wire,en,1990-05-18
19899,False,Couples Retreat,en,2009-09-19
11644,False,Blow Out,en,1981-07-24
19,False,Metropolis,de,1927-01-10
530896,False,Дочь Гиляна,ru,1928-12-30
41283,False,Faster,en,2010-11-23
13313,False,Beauty and the Beast: The Enchanted Christmas,en,1997-11-11
8274,False,American Pie Presents: Band Camp,en,2005-11-23
1083637,False,ಕಾಂತಾರ: ಅಧ್ಯಾಯ - ೧,kn,2025-10-01
24128,False,Stop Making Sense,en,1984-10-19
233651,False,セックス・ライダー　濡れたハイウェイ,ja,1971-12-29
13002,False,Barbie in the 12 Dancing Princesses,en,2006-09-19
126963,False,ドラゴンボールZ 神と神,ja,2013-03-30
10344,False,The Fly II,en,1989-02-10
262,False,The King of Comedy,en,1982-12-18
1736878,False,Preto Pálido,pt,2015-01-01
417384,False,Scary Stories to Tell in the Dark,en,2019-08-08
281,False,Strange Days,en,1995-10-13
4148,False,Revolutionary Road,en,2008-12-19
527261,False,The Silence,en,2019-05-16
11529,False,Sweet Home Alabama,en,2002-09-26
574060,False,Gunpowder Milkshake,en,2021-07-14
582,False,Das Leben der Anderen,de,2006-03-23
10147,False,Bad Santa,en,2003-11-26
22073,False,Hoodlum,en,1997-08-27
8469,False,Animal House,en,1978-07-28
430412,False,O Porteiro do Dia,pt,2016-11-30
35044,False,Full Body Massage,en,1999-07-10
66,False,Absolute Power,en,1997-02-14
6415,False,Three Kings,en,1999-09-27
2046,False,The Gift,en,2000-12-22
466876,False,Gnome Alone,en,2017-11-02
11622,False,Blast from the Past,en,1999-02-12
635,False,Angel Heart,en,1987-03-06
18988,False,The Lion in Winter,en,1968-08-20
1412,False,"sex, lies, and videotape",en,1989-08-04
802663,False,The Bureau,fr,2020-12-01
672741,False,Till Death,en,2021-07-02
1364,False,Lucía y el sexo,es,2001-08-24
10065,False,The Amityville Horror,en,2005-04-14
10061,False,Escape from L.A.,en,1996-08-09
1364,False,Lucía y el sexo,es,2001-08-24
10065,False,The Amityville Horror,en,2005-04-14
10061,False,Escape from L.A.,en,1996-08-09
12123,False,Chain Reaction,en,1996-08-02
14254,False,The Uninvited,en,2009-01-30
1092,False,The Third Man,en,1949-08-31
10547,False,The Arrival,en,1996-05-31
2898,False,As Good as It Gets,en,1997-12-19
45032,False,Maslin Beach,en,1997-01-01
4349,False,The Kingdom,en,2007-08-22
280996,False,Mr. Holmes,en,2015-06-19
40345,False,Delirio caldo,it,1972-07-05
1381216,False,Gator Lake,en,2024-05-01
6537,False,El orfanato,es,2007-05-20
354287,False,War Machine,en,2017-05-26
10861,False,Maximum Risk,en,1996-09-13
301502,False,Blonde,en,2022-09-16
291145,False,Gardenia - Bevor der letzte Vorhang fällt,de,2014-11-13
621587,False,Next Goal Wins,en,2023-11-16
993708,False,The Threesome,en,2025-09-04
284536,False,The Gambler,en,2014-12-25
7305,False,Alive,en,1993-01-15
587496,False,The Rental,en,2020-07-23
10587,False,Police Academy 4: Citizens on Patrol,en,1987-04-02
430231,False,The Endless,en,2017-11-05
11979,False,Queen of the Damned,en,2002-02-10
638974,False,Murder Mystery 2,en,2023-03-28
12150,False,Sea of Love,en,1989-09-15
160593,False,Легенда о Девичьей башне,ru,1924-05-27
1443,False,The Virgin Suicides,en,2000-04-21
8007,False,Behind Enemy Lines,en,2001-11-30
933131,False,황야,ko,2024-01-26
33689,False,It Takes Two,en,1995-11-17
1737451,False,N/A,en,
20048,False,Confessions of a Shopaholic,en,2009-02-05
263109,False,Shaun the Sheep Movie,en,2015-02-05
1360610,False,The Menendez Brothers,en,2024-10-07
32985,False,Solomon Kane,en,2009-12-23
328425,False,The Gift,en,2015-07-31
1151949,False,The Shadow Strays,id,2024-09-10
618588,False,Arthur the King,en,2024-02-22
80794,False,滅門慘案之孽殺,zh,1993-10-28
657654,False,선배부부와 교환섹스,ko,2019-12-23
41515,False,Yogi Bear,en,2010-12-17
447200,False,Skyscraper,en,2018-07-11
1135873,False,GGS - Ganteng-Ganteng Sange,id,2023-05-28
10803,False,Logan's Run,en,1976-06-23
820,False,JFK,en,1991-12-20
1367817,False,Memória Imóvel,pt,2024-06-04
635910,False,The Last Voyage of the Demeter,en,2023-08-09
891699,False,Silent Night,en,2023-11-30
31651,False,The Field,en,1990-09-21
42337,False,Beau-père,fr,1981-09-16
223,False,Rebecca,en,1940-03-23
13939,False,Death Wish,en,1974-07-24
68147,False,Cineastes en acció,ca,2006-09-15
517814,False,کفرناحوم,ar,2018-09-20
1104844,False,劇場版ブルーロック -EPISODE 凪-,ja,2024-04-19
475,False,Bonnie and Clyde,en,1967-08-13
479787,False,버려진 청춘,ko,1982-09-24
49565,False,L'homme qui plantait des arbres,fr,1987-05-13
632727,False,Texas Chainsaw Massacre,en,2022-02-18
11087,False,The Hand That Rocks the Cradle,en,1992-01-10
788973,False,The Puppets Exploded,id,2019-12-25
277834,False,Moana,en,2016-10-13
15613,False,Fire in the Sky,en,1993-03-12
112949,False,Safe Haven,en,2013-02-07
504,False,Monster,en,2003-12-24
488143,False,Laboratory Conditions,en,2018-10-13
1398050,False,Driver's Ed,en,2025-09-13
1477566,False,Trainwreck: Balloon Boy,en,2025-07-14
2022,False,Mr. Deeds,en,2002-06-28
1461143,False,"Playground Safety: Simple as A, B, C",en,1976-01-01
1639,False,Speed 2: Cruise Control,en,1997-06-13
1300926,False,The Angry Birds Movie 3,en,2026-12-23
1181678,False,¿Quieres ser mi hijo?,en,2023-09-21
2039,False,Moonstruck,en,1987-12-16
614696,False,#살아있다,ko,2020-06-24
11678,False,Vertical Limit,en,2000-12-08
2619,False,Splash,en,1984-03-09
2039,False,Moonstruck,en,1987-12-16
614696,False,#살아있다,ko,2020-06-24
11678,False,Vertical Limit,en,2000-12-08
2619,False,Splash,en,1984-03-09
1251,False,Letters from Iwo Jima,en,2006-12-09
8592,False,Dick Tracy,en,1990-06-15
2320,False,Executive Decision,en,1996-03-15
8051,False,Punch-Drunk Love,en,2002-10-11
30421,False,倩女幽魂,cn,1987-07-18
9513,False,Garfield: A Tail of Two Kitties,en,2006-06-15
49494,False,The Eagle,en,2011-02-08
1683,False,The Reaping,en,2007-04-04
76649,False,Pompeii,en,2014-02-18
576004,False,Porno,en,2019-06-28
38142,False,秒速5センチメートル,ja,2007-03-03
13765,False,Scrooge,en,1970-11-05
1341137,False,A Great Awakening,en,2026-04-03
8643,False,The Exorcism of Emily Rose,en,2005-09-09
414218,False,Cầu Vồng Không Sắc,vi,2015-03-20
1739639,False,RAGEBAIT,en,2026-08-04
579,False,Jaws 2,en,1978-06-16
638507,False,How to Train Your Dragon: Homecoming,en,2019-12-03
461542,False,Levél Istenhez,hu,2014-10-12
50348,False,The Lincoln Lawyer,en,2011-03-17
74643,False,The Artist,fr,2011-10-12
68924,False,The Ice Storm,en,1997-09-27
1016121,False,Beautiful Disaster,en,2023-04-04
11259,False,Far and Away,en,1992-05-22
715756,False,性の劇薬,ja,2020-02-14
447543,False,A Batalha dos Aflitos - Os Bastidores de um Dia Inesquecível,pt,2006-09-18
817758,False,TÁR,en,2022-10-07
430417,False,Epidemia Nacional,pt,2020-06-18
97,False,Tron,en,1982-07-09
381890,False,美人鱼,zh,2016-02-08
8202,False,Æon Flux,en,2005-11-30
10497,False,Bitter Moon,en,1992-09-02
17899,False,Mentiras y gordas,es,2009-03-27
6038,False,Shanghai Knights,en,2003-02-06
11336,False,The Dead Zone,en,1983-10-21
1580,False,Rope,en,1948-02-01
258480,False,Carol,en,2015-11-20
10312,False,Patch Adams,en,1998-12-25
136558,False,Kingdom Come,en,2012-04-28
548,False,羅生門,ja,1950-08-26
252838,False,The Wedding Ringer,en,2015-01-16
8470,False,John Q,en,2002-02-15
293,False,A River Runs Through It,en,1992-10-09
1904,False,Memoirs of a Geisha,en,2005-12-06
1421552,False,熊猫计划之部落奇遇记,zh,2026-02-17
17692,False,Jaws 3-D,en,1983-07-22
17609,False,Antichrist,en,2009-05-20
1662317,False,The Crash,en,2026-05-14
2800,False,Rumor Has It...,en,2005-12-22
2924,False,Backdraft,en,1991-05-24
1104845,False,Plankton: The Movie,en,2025-03-08
302,False,Swimming Pool,en,2003-05-21
25,False,Jarhead,en,2005-11-04
19959,False,Surrogates,en,2009-09-24
290006,False,Love Dream,en,1988-04-28
12219,False,12 Angry Men,en,1998-05-01
1690,False,Hostel,en,2006-01-06
1131560,False,Susy: Una vedette en el Congreso,es,2023-10-26
1425122,False,A Very Jonas Christmas Movie,en,2025-11-10
10907,False,The Adventures of Robin Hood,en,1938-05-13
11074,False,Striking Distance,en,1993-09-17
1245398,False,Äkta skräck,sv,2024-09-06
7450,False,Titan A.E.,en,2000-06-16
455980,False,Tag,en,2018-05-30
244267,False,I Origins,en,2014-07-18
62214,False,Frankenweenie,en,2012-10-04
396461,False,Under the Silver Lake,en,2018-08-08
513691,False,The Debt Collector,en,2018-06-05
306,False,Beverly Hills Cop III,en,1994-05-24
22971,False,Dear John,en,2010-02-04
630004,False,Way Down,en,2021-03-04
1450599,False,K.O.,fr,2025-06-05
10493,False,Dead Calm,en,1989-04-07
6878,False,Homeward Bound: The Incredible Journey,en,1993-02-03
830784,False,"Lyle, Lyle, Crocodile",en,2022-10-07
530442,False,"My Teacher, My Obsession",en,2018-06-12
6878,False,Homeward Bound: The Incredible Journey,en,1993-02-03
530442,False,"My Teacher, My Obsession",en,2018-06-12
122705,False,El amarillo,es,2008-08-14
956842,False,Fly Me to the Moon,en,2024-07-10
487339,False,"Adyós, General",pt,1986-01-01
7442,False,Sleeping with the Enemy,en,1991-01-13
51608,False,아저씨,ko,2010-08-04
1421594,False,Trustorhärvan,sv,2026-08-05
297608,False,The Taking of Deborah Logan,en,2014-10-21
682826,False,내 친구의 딸,ko,2020-03-09
1422562,False,The Moment,en,2026-01-30
1151334,False,Eenie Meanie,en,2025-08-21
375366,False,The Girl with All the Gifts,en,2016-09-23
641490,False,Lễ Trưởng Thành Của Ê-Đi-Xơn,vi,2019-11-30
1216191,False,Oddity,en,2024-07-19
10665,False,The Strangers,en,2008-05-29
301337,False,Downsizing,en,2017-12-22
306819,False,The Danish Girl,en,2015-11-27
19186,False,The Parent Trap,en,1961-05-13
1306525,False,Abadi Nan Jaya,id,2025-10-22
615904,False,Marry Me,en,2022-02-09
421186,False,Almoço Executivo,pt,1996-01-01
522402,False,Finch,en,2021-11-04
586863,False,Les Misérables,fr,2019-11-14
715931,False,Emancipation,en,2022-12-02
1202479,False,Opus,en,2025-03-13
11827,False,Heavy Metal,en,1981-08-07
2140,False,Kiss of the Dragon,en,2001-07-06
873,False,The Color Purple,en,1985-12-18
308504,False,Last Knights,en,2015-04-03
241848,False,The Guest,en,2014-09-05
938090,False,윤율의 사내 불륜,ko,2021-09-07
11205,False,快餐車,cn,1984-08-17
503616,False,Second Act,en,2018-11-22
1550797,False,Prep & Landing: The Snowball Protocol,en,2025-11-27
29427,False,The Crazies,en,2010-02-26
4105,False,Black Rain,en,1989-09-22
516632,False,The Empty Man,en,2020-10-22
399360,False,Alpha,en,2018-08-17
536437,False,Hypnotic,en,2023-05-11
516632,False,The Empty Man,en,2020-10-22
399360,False,Alpha,en,2018-08-17
536437,False,Hypnotic,en,2023-05-11
8271,False,Disturbia,en,2007-03-27
717930,False,Kandahar,en,2023-05-25
703,False,Annie Hall,en,1977-04-19
10474,False,The Basketball Diaries,en,1995-04-21
134411,False,Snitch,en,2013-02-21
322240,False,Nine Lives,en,2016-08-03
625976,False,火口のふたり,ja,2019-08-23
5516,False,The Ladykillers,en,2004-03-25
3638,False,No Reservations,en,2007-06-15
97831,False,Once Is Not Enough,en,1975-06-20
15657,False,Tarzan II,en,2005-06-13
12184,False,The Other Boleyn Girl,en,2008-02-28
9038,False,The Heartbreak Kid,en,2007-10-05
381289,False,A Dog's Purpose,en,2017-01-19
96724,False,Anna Karenina,en,2012-09-06
1499071,False,寒戰1994,cn,2026-05-01
10024,False,My Sister's Keeper,en,2009-06-26
72358,False,A Thousand Words,en,2012-03-07
3580,False,Changeling,en,2008-10-24
1685,False,Beneath the Planet of the Apes,en,1970-04-23
1921,False,Sweet November,en,2001-02-16
894753,False,내로남불,ko,2020-01-01
591273,False,Fear Street: 1994,en,2021-06-28
378,False,Raising Arizona,en,1987-03-13
641,False,Requiem for a Dream,en,2000-10-06
1435092,False,Goodbye June,en,2025-12-12
790,False,The Fog,en,1980-02-01
4836,False,Layer Cake,en,2004-09-30
396194,False,Ennio,it,2022-02-17
597227,False,セカンド・ラブ,ja,1983-04-08
8856,False,The Karate Kid Part II,en,1986-06-18
552073,False,De Operateur,nl,2019-07-06
52462,False,The Pet,en,2006-05-17
14174,False,Lie with Me,en,2005-11-11
402897,False,The Death of Stalin,en,2017-10-20
762430,False,Retribution,en,2023-08-23
11589,False,Kelly's Heroes,en,1970-06-22
1145725,False,Tyler Perry's Duplicity,en,2025-03-19
433498,False,Papillon,en,2017-09-07
618344,False,Justice League Dark: Apokolips War,en,2020-05-05
713,False,The Piano,en,1993-05-18
1422227,False,Aşk Sadece Bir An,tr,2025-02-14
227306,False,Unbroken,en,2014-12-25
598387,False,The Tiger's Apprentice,en,2024-02-16
12120,False,My Stepmother Is an Alien,en,1988-12-09
439015,False,Slender Man,en,2018-05-17
547712,False,Sessão Especial,pt,2018-07-01
2112,False,Payback,en,1999-02-05
451,False,Leaving Las Vegas,en,1995-10-27
637920,False,7. Koğuştaki Mucize,tr,2019-10-10
9562,False,Timeline,en,2003-11-26
14239,False,Cool World,en,1992-07-10
313297,False,Kubo and the Two Strings,en,2016-08-18
305632,False,Muß man sich gleich scheiden lassen,de,1933-10-09
807196,False,Boiling Point,en,2021-07-05
11090,False,The Animal,en,2001-06-01
419704,False,Ad Astra,en,2019-09-17
11090,False,The Animal,en,2001-06-01
419704,False,Ad Astra,en,2019-09-17
26123,False,American Pie Presents: The Book of Love,en,2009-12-02
1715492,False,Shipwrecked: Nightmare at Sea,en,2026-07-10
19277,False,In Hell,en,2003-11-24
9667,False,The Jacket,en,2005-03-04
173185,False,20 Ans d'écart,fr,2013-03-06
94365,False,The Human Centipede 3 (Final Sequence),en,2015-05-22
539885,False,Ava,en,2020-07-02
10329,False,Congo,en,1995-06-09
12180,False,Star Wars: The Clone Wars,en,2008-08-05
403300,False,A Hidden Life,en,2019-08-27
422,False,8½,it,1963-02-14
9825,False,Lake Placid,en,1999-07-15
276832,False,Lição de Esqui,pt,2013-08-01
13969,False,First Daughter,en,2004-09-24
9394,False,Lo chiamavano Trinità...,it,1970-12-22
437557,False,Blockers,en,2018-03-14
1185528,False,射雕英雄传：侠之大者,zh,2025-01-29
10890,False,Stripes,en,1981-06-26
39323,False,ドラゴンボールZ たったひとりの最終決戦〜フリーザに挑んだZ戦士 孫悟空の父〜,ja,1990-10-17
10229,False,A Walk to Remember,en,2002-01-25
32856,False,Valentine's Day,en,2010-02-10
847,False,Willow,en,1988-05-20
491584,False,버닝,ko,2018-05-17
212915,False,Игра в любовь,ru,1935-11-09
1371151,False,Off the Grid,en,2025-06-27
11660,False,Following,en,1999-04-02
492409,False,Pıspısa xanım və Siçan bəy,az,1974-01-01
440471,False,Escape Plan 2: Hades,en,2018-06-05
1307078,False,My Oxford Year,en,2025-07-31
9610,False,Conan the Destroyer,en,1984-06-29
1284505,False,Vacances forcées,fr,2025-06-11
11618,False,The Haunting,en,1999-07-23
1307373,False,Wasteman,en,2026-02-20
1477565,False,Trainwreck: The Real Project X,en,2025-07-07
146889,False,A Fábrica,pt,2011-09-19
9691,False,Assassins,en,1995-10-06
11072,False,Blazing Saddles,en,1974-02-07
24122,False,The Rebound,en,2009-09-16
11072,False,Blazing Saddles,en,1974-02-07
24122,False,The Rebound,en,2009-09-16
1428,False,Once Upon a Time in Mexico,en,2003-09-11
1538497,False,Hexed,en,2026-11-25
130442,False,L'aimée,en,2007-01-04
575299,False,Верность,ru,2019-10-31
8326,False,Holes,en,2003-04-18
246403,False,Tusk,en,2014-09-19
597528,False,All Wives Party,en,2004-02-04
9823,False,Mortal Kombat: Annihilation,en,1997-11-11
1630,False,The People vs. Larry Flynt,en,1996-12-25
14168,False,3:10 to Yuma,en,1957-08-07
787752,False,Fresh,en,2022-03-03
24420,False,The Time Traveler's Wife,en,2009-08-14
581734,False,Nomadland,en,2021-01-29
1730,False,Inland Empire,en,2006-12-06
6068,False,Six Days Seven Nights,en,1998-06-12
7549,False,霍元甲,zh,2006-01-26
1077347,False,告白手記-私が濡れたあのSEX！,ja,1997-01-01
1074139,False,镜花风月一之怪谈,zh,1987-01-01
37707,False,Splice,en,2010-06-03
8840,False,DragonHeart,en,1996-05-31
523172,False,Late Night,en,2019-01-25
1389,False,Out of Sight,en,1998-06-26
9599,False,The Blob,en,1988-08-05
1268609,False,파반느,ko,2026-02-19
11000,False,The Birdcage,en,1996-03-03
1494,False,滿城盡帶黃金甲,zh,2006-12-14
132363,False,The Butler,en,2013-08-16
501907,False,A Beautiful Day in the Neighborhood,en,2019-09-07
972791,False,绿帽风云俱乐部,zh,1992-12-19
10204,False,Around the World in 80 Days,en,2004-06-16
244663,False,Mat ¾ (Mat Tiga Suku),ms,1964-01-01
4552,False,"장화, 홍련",ko,2003-06-13
1205110,False,ANNA ASTI. Путь Феникса,ru,2023-10-20
1907,False,The Beach,en,2000-02-03
8290,False,La Grande Vadrouille,fr,1966-12-08
10735,False,What a Girl Wants,en,2003-03-27
7516,False,Smokin' Aces,en,2006-12-09
545237,False,The Nest,en,2020-05-08
7516,False,Smokin' Aces,en,2006-12-09
545237,False,The Nest,en,2020-05-08
32292,False,ザ・ギニーピッグ マンホールの中の人魚,ja,1988-07-25
11838,False,呪怨,ja,2002-10-18
526,False,Ladyhawke,en,1985-03-27
284960,False,Darah dan Do'a,id,1950-09-30
776305,False,竜とそばかすの姫,ja,2021-07-16
225197,False,Miss Ameriguá,es,1994-05-19
1061798,False,Jim Queen,fr,2026-06-17
1678,False,ゴジラ,ja,1954-11-03
3563,False,I Now Pronounce You Chuck & Larry,en,2007-07-12
4477,False,The Devil's Own,en,1997-03-13
910,False,The Big Sleep,en,1946-08-22
11846,False,Father of the Bride,en,1991-12-20
533777,False,Первая комсомольская,ru,1931-07-02
215607,False,Алмас,ru,1936-12-25
1285669,False,LifeHack,en,2026-05-15
791523,False,Wildwood,en,2026-10-22
1608457,False,누나 친구 4,ko,2024-12-16
204407,False,Bosco d'amore,en,1981-09-08
5924,False,Papillon,en,1973-12-16
726759,False,Tetris,en,2023-03-15
11453,False,Deuce Bigalow: European Gigolo,en,2005-08-12
12159,False,What Dreams May Come,en,1998-10-02
710426,False,Deseo,es,2020-06-16
398173,False,The House That Jack Built,en,2018-10-04
47964,False,A Good Day to Die Hard,en,2013-02-06
698948,False,Thirteen Lives,en,2022-07-18
224141,False,Into the Woods,en,2014-12-24
238675,False,恋は緑の風の中,ja,1974-11-23
9574,False,Flubber,en,1997-11-26
1446616,False,तू या मैं,hi,2026-02-11
1427540,False,Free at Heart,de,2026-10-29
1182387,False,Armor,en,2024-10-30
1199399,False,Ekstāze,lv,2023-12-01
1525373,False,Babel,en,2025-10-09
58628,False,The Betsy,en,1978-02-02
10747,False,The Outlaw Josey Wales,en,1976-06-30
371893,False,El Clásico,ku,2015-10-17
293767,False,Billy Lynn's Long Halftime Walk,en,2016-11-10
556565,False,东进序曲,zh,1962-01-01
606870,False,The Survivor,en,2022-04-07
372754,False,同級生,ja,2016-02-20
2288,False,Closer,en,2004-12-03
446807,False,The Girl in the Spider's Web,en,2018-10-25
911661,False,Pela Força do Hábito,pt,2021-12-03
9294,False,Phenomenon,en,1996-07-05
15577,False,Crossing Over,en,2009-02-10
10649,False,The Enforcer,en,1976-12-16
205,False,Hotel Rwanda,en,2004-12-22
7984,False,In the Name of the Father,en,1993-12-27
4944,False,Burn After Reading,en,2008-09-05
13855,False,추격자,ko,2008-02-14
2665,False,Airplane II: The Sequel,en,1982-12-10
1111747,False,Vitamin Sea,id,
592,False,The Conversation,en,1974-04-12
3512,False,Under Siege 2: Dark Territory,en,1995-07-13
10045,False,Banlieue 13,fr,2004-11-09
7278,False,Meet the Spartans,en,2008-01-24
34433,False,ドラゴンボールＺ 燃え尽きろ!!熱戦・烈戦・超激戦,ja,1993-03-06
10925,False,The Return of the Living Dead,en,1985-04-25
83389,False,コクリコ坂から,ja,2011-07-16
3093,False,Basic Instinct 2,en,2006-03-29
1108566,False,Killer Heat,en,2024-09-25
10648,False,Magnum Force,en,1973-12-13
11824,False,Teen Wolf,en,1985-08-23
9708,False,The Wicker Man,en,2006-08-31
2309,False,Inkheart,en,2008-12-11
17903,False,쌍화점,ko,2008-12-30
916,False,Bullitt,en,1968-10-17
1199193,False,Pose,en,2026-02-25
408349,False,내 이웃의 아내,ko,2016-07-28
10975,False,飛鷹計劃,cn,1991-02-07
454992,False,The Spy Who Dumped Me,en,2018-08-02
73937,False,The Big Year,en,2011-10-13
1643,False,Ultimo tango a Parigi,it,1972-12-15
417870,False,Girls Trip,en,2017-07-21
13788,False,The Unborn,en,2009-01-09
549053,False,Last Christmas,en,2019-11-07
649,False,Belle de jour,fr,1967-05-24
549053,False,Last Christmas,en,2019-11-07
649,False,Belle de jour,fr,1967-05-24
1189962,False,毒岸,zh,2023-10-08
46503,False,All Good Things,en,2010-12-03
11353,False,Bowfinger,en,1999-08-12
454227,False,Outlaw King,en,2018-09-06
10017,False,The Wraith,en,1986-10-01
40096,False,O Auto da Compadecida,pt,2000-09-15
977294,False,Tin Soldier,en,2025-05-22
11596,False,Wes Craven's New Nightmare,en,1994-10-13
1737114,False,Camelia,en,2019-01-01
1243341,False,Z-O-M-B-I-E-S 4: Dawn of the Vampires,en,2025-07-10
12599,False,劇場版ポケットモンスター 幻のポケモン ルギア爆誕,ja,1999-07-17
1633032,False,Charred Memory,en,2024-10-25
259695,False,Live by Night,en,2016-12-25
46705,False,Blue Valentine,en,2010-12-26
1240815,False,그 술집의 사정 : 무삭제,ko,2021-08-27
256591,False,Focus,en,2015-02-25
13460,False,Doomsday,en,2008-03-14
1489931,False,Suzzanna: Santet Dosa di Atas Dosa,id,2026-03-18
11683,False,Land of the Dead,en,2005-06-18
3604,False,Flash Gordon,en,1980-12-05
592983,False,Spellbound,en,2024-11-22
1648584,False,The Nomophobe,en,2026-03-23
10780,False,Overboard,en,1987-12-16
777245,False,Women Talking,en,2022-12-23
1443762,False,Il falsario,it,2025-10-19
318883,False,Falusi románc,hu,2007-11-27
11007,False,Cheaper by the Dozen,en,2003-12-24
823766,False,The Wonder,en,2022-11-02
486589,False,레드슈즈,ko,2019-07-25
679057,False,가슴 큰 태희,ko,2020-02-27
228205,False,The Longest Ride,en,2015-04-09
1360829,False,ヴァージン・パンク Clockwork Girl,ja,2025-06-27
181886,False,Enemy,en,2014-03-14
77953,False,The Campaign,en,2012-08-09
11011,False,Ri¢hie Ri¢h,en,1994-12-19
524659,False,Crown Vic,en,2019-11-01
492105,False,新金瓶梅 第三集,cn,1996-03-22
579047,False,Reminiscence,en,2021-08-18
579047,False,Reminiscence,en,2021-08-18
2640,False,Heathers,en,1989-03-31
11357,False,Halloween 4: The Return of Michael Myers,en,1988-10-21
2082,False,Halloween,en,2007-08-31
9315,False,Flightplan,en,2005-09-22
752867,False,The Outwaters,en,2023-02-09
11419,False,Vegas Vacation,en,1997-02-13
68507,False,จันดารา,th,2001-09-28
274,False,The Silence of the Lambs,en,1991-02-14
10083,False,No Way Out,en,1987-08-14
1196573,False,She Rides Shotgun,en,2025-07-31
1081773,False,କନ୍ୟାଦାନ,or,2023-01-29
19673,False,Seksmisja,pl,1984-05-13
118412,False,ベルセルク 黄金時代篇Ⅱ ドルドレイ攻略,ja,2012-06-23
56288,False,Spy Kids: All the Time in the World,en,2011-08-18
862747,False,Los días en el sur,es,
269,False,À bout de souffle,fr,1960-03-16
32629,False,滿清十大酷刑,cn,1994-05-19
376660,False,The Edge of Seventeen,en,2016-11-18
152760,False,The Monuments Men,en,2014-01-24
2124,False,Color of Night,en,1994-08-19
263688,False,முகராசி,ta,1966-08-18
10589,False,After the Sunset,en,2004-11-12
20677,False,名探偵コナン 瞳の中の暗殺者,ja,2000-04-22
136835,False,No Good Deed,en,2014-09-10
391757,False,Never Back Down: No Surrender,en,2016-06-07
629176,False,Samaritan,en,2022-08-25
1227877,False,I Love Boosters,en,2026-05-21
5921,False,Nevada Smith,en,1966-06-10
2609,False,"Planes, Trains and Automobiles",en,1987-11-26
1288072,False,Keeper,en,2025-11-12
9091,False,Sudden Death,en,1995-10-27
1705729,False,Man of War,en,2026-07-03
256961,False,Paul Blart: Mall Cop 2,en,2015-04-16
1281195,False,Truly Naked,en,2026-04-15
13888,False,Return to the Blue Lagoon,en,1991-08-02
40807,False,50/50,en,2011-09-30
419478,False,Midnight Sun,en,2018-03-22
10634,False,Friday,en,1995-04-26
9571,False,Dazed and Confused,en,1993-09-24
40264,False,Vampires Suck,en,2010-08-18
11287,False,A League of Their Own,en,1992-07-01
10003,False,The Saint,en,1997-04-03
425001,False,The War with Grandpa,en,2020-08-27
361292,False,Suspiria,en,2018-10-26
1484262,False,Trainwreck: The Cult of American Apparel,en,2025-06-30
32029,False,The Domino Principle,en,1977-03-23
403,False,Driving Miss Daisy,en,1989-12-13
797,False,Persona,sv,1966-10-18
361890,False,Miramenometokéi,es,2002-09-01
9932,False,Analyze That,en,2002-12-06
701219,False,El hombre de la oficina,es,2019-08-15
2976,False,Hairspray,en,2007-07-19
472674,False,The Goldfinch,en,2019-09-12
7452,False,"The Cook, the Thief, His Wife & Her Lover",en,1989-10-13
47002,False,ラブレター,ja,1995-03-25
1996,False,Lara Croft: Tomb Raider - The Cradle of Life,en,2003-07-21
864,False,Cool Runnings,en,1993-10-01
2614,False,Innerspace,en,1987-07-01
9314,False,Nineteen Eighty-Four,en,1984-11-09
800815,False,The Pale Blue Eye,en,2022-12-22
1267319,False,사마귀,ko,2025-09-25
9090,False,"To Wong Foo, Thanks for Everything! Julie Newmar",en,1995-09-08
580,False,Jaws: The Revenge,en,1987-07-17
535167,False,流浪地球,zh,2019-02-05
590,False,The Hours,en,2002-12-27
143667,False,縄地獄,ja,1978-06-24
9972,False,Lock Up,en,1989-08-04
7364,False,Sahara,en,2005-04-06
11411,False,Superman IV: The Quest for Peace,en,1987-07-24
668482,False,Roald Dahl's Matilda the Musical,en,2022-11-25
1443151,False,Double Trouble,en,2026-10-09
1738598,False,舞台 「憂国のモリアーティ」-case 1-,ja,2020-02-02
860340,False,여친 엄마 3,ko,2019-03-22
854239,False,Till,en,2022-10-14
971606,False,Out of My Mind,en,2024-01-19
19585,False,G-Force,en,2009-07-24
212259,False,Fotbollskrönikan EM 1988,sv,1988-08-05
76617,False,Texas Chainsaw 3D,en,2013-01-03
1167366,False,ยูเรนัส 2324,th,2024-07-04
76617,False,Texas Chainsaw 3D,en,2013-01-03
1167366,False,ยูเรนัส 2324,th,2024-07-04
923667,False,九龍城寨之圍城,cn,2024-05-01
38322,False,"Big Mommas: Like Father, Like Son",en,2011-02-16
1571470,False,The Rats: A Witcher Tale,en,2025-10-29
833425,False,No Exit,en,2022-02-24
295400,False,Káin gyermekei,hu,2014-09-23
1662414,False,Propeller One-Way Night Coach,en,2026-05-15
1410082,False,Sniper: The Last Stand,en,2025-01-21
329440,False,The Forest,en,2016-01-07
811631,False,Infinite Storm,en,2022-03-25
623117,False,Siyah Güneş,tr,2019-08-12
1281,False,Bean,en,1997-07-03
11081,False,Taking Lives,en,2004-03-19
444539,False,The Bookshop,en,2017-11-10
331313,False,Keeping Up with the Joneses,en,2016-10-20
52629,False,El Infierno,es,2010-09-03
417555,False,Intolerância.doc,pt,2016-10-06
492101,False,新金瓶梅 第一集,cn,1996-03-08
302401,False,Snowden,en,2016-09-15
185058,False,Crush,en,2000-06-21
912908,False,Strays,en,2023-08-17
5038,False,Vicky Cristina Barcelona,en,2008-08-15
929130,False,ヒロインピンチオムニバス04　太陽の戦士レオーナV,ja,2013-08-23
1592947,False,Seks,en,2026-01-01
22582,False,Tom and Jerry: The Movie,en,1992-10-01
837335,False,La chimera,it,2023-10-12
664416,False,Beastie Boys Story,en,2020-04-24
9793,False,The Hills Have Eyes 2,en,2007-03-22
15371,False,ルパン三世 カリオストロの城,ja,1979-07-06
317627,False,地下尖兵,zh,1957-12-01
466081,False,The Informer,en,2019-08-30
649609,False,Renfield,en,2023-04-07
450890,False,Os Filmes que Eu Não Fiz,pt,2013-10-30
1647,False,The Recruit,en,2003-01-31
13967,False,Miss Potter,en,2006-12-03
11096,False,Hide and Seek,en,2005-01-27
654,False,On the Waterfront,en,1954-06-22
446696,False,Life Itself,en,2018-09-21
360776,False,くノ一忍法帖III 秘戯伝説の怪,ja,1993-05-21
446696,False,Life Itself,en,2018-09-21
360776,False,くノ一忍法帖III 秘戯伝説の怪,ja,1993-05-21
72387,False,Safe,en,2012-04-16
1725116,False,Simpsley,en,2026-07-03
744148,False,구멍동서 2,ko,2020-09-11
11045,False,Taxi,en,2004-10-06
119893,False,An American Girl: McKenna Shoots for the Stars,en,2012-07-14
9280,False,Femme Fatale,en,2002-04-30
1466120,False,데드 어게인,ko,2025-05-08
709134,False,سالفة صورة,ar,2014-01-01
188222,False,Entourage,en,2015-06-03
538818,False,Le masque d'horreur,fr,1912-05-24
10157,False,Police Academy 2: Their First Assignment,en,1985-03-28
9877,False,Urban Legend,en,1998-09-25
8879,False,Pale Rider,en,1985-06-28
551804,False,Freaky,en,2020-11-12
336933,False,¿Dónde quedó la bolita?,es,1993-04-07
144336,False,Sabotage,en,2014-03-28
893694,False,Eva,tl,2021-12-24
472451,False,Boy Erased,en,2018-09-24
43539,False,The Next Three Days,en,2010-11-18
13633,False,Bad Boys,en,1983-03-25
1290436,False,Ma frère,fr,2026-01-07
1636,False,Bedazzled,en,2000-10-19
16,False,Dancer in the Dark,en,2000-09-01
146198,False,Triple 9,en,2016-02-19
49953,False,A Turtle's Tale: Sammy's Adventures,en,2010-08-04
287,False,Bull Durham,en,1988-06-15
302429,False,Strange Magic,en,2015-01-23
937249,False,57 Seconds,en,2023-09-29
190292,False,Севиль,ru,1929-09-03
671725,False,Chompy & the Girls,en,2021-09-14
48988,False,Hall Pass,en,2011-02-25
6723,False,The Rookie,en,1990-12-07
137138,False,Fotbollskrönikan EM 2004,sv,2004-12-01
38303,False,You Again,en,2010-09-23
34000,False,The Million Pound Note,en,1954-01-07
16690,False,Return to Never Land,en,2002-02-14
473679,False,Abel Sánchez,es,1947-03-10
8408,False,Day of the Dead,en,1985-07-03
473679,False,Abel Sánchez,es,1947-03-10
8408,False,Day of the Dead,en,1985-07-03
167,False,K-PAX,en,2001-10-26
10947,False,High School Musical,en,2006-01-20
1548113,False,The Muppet Show,en,2026-02-03
582847,False,Eastern Army,en,2010-04-09
333464,False,Sámi Boddu,se,2013-10-11
1119090,False,Soy Frankelda,es,2025-10-23
709631,False,Cobweb,en,2023-07-19
251783,False,Pleasure or Pain,en,2013-09-05
11879,False,Near Dark,en,1987-10-02
9725,False,Friday the 13th Part 2,en,1981-05-01
259207,False,Le président,fr,2013-10-09
585032,False,사방지,ko,1988-10-29
413387,False,As Três,pt,
1038456,False,ONE on Prime Video 3: Lineker vs. Andrade,en,2022-10-21
21316,False,Leroy & Stitch,en,2006-06-23
104894,False,小鳥たちのいない花園,ja,1997-02-01
1739329,False,Dřevěná Marika,cs,2001-04-15
35552,False,Les Aventures extraordinaires d'Adèle Blanc-Sec,fr,2010-04-09
471506,False,Greta,en,2019-02-28
472815,False,Buddy Games,en,2019-11-18
743814,False,인민을 위해 복무하라,ko,2022-02-23
14199,False,The Adventures of Sharkboy and Lavagirl,en,2005-06-10
1732464,False,Juliet,en,2022-01-01
756397,False,Hitpig!,en,2024-11-01
1571594,False,La fotógrafa,es,2025-10-30
333667,False,Rock Dog,en,2016-07-08
7520,False,Cocktail,en,1988-07-29
9441,False,Stepmom,en,1998-12-25
7552,False,Fun with Dick and Jane,en,2005-12-21
653349,False,Vacation Friends,en,2021-08-27
303858,False,Money Monster,en,2016-05-12
11284,False,Freddy's Dead: The Final Nightmare,en,1991-09-05
1078446,False,Violent Night 2,en,2026-12-02
77617,False,名探偵コナン 沈黙の15分（クォーター）,ja,2011-04-16
11298,False,The Howling,en,1981-01-21
11452,False,National Lampoon's Van Wilder,en,2002-03-29
9272,False,The Good Son,en,1993-09-24
1634297,False,Sangue & Mármore,pt,2026-02-12
23172,False,The Spy Next Door,en,2010-01-15
1557357,False,Tutu Academy,xx,2025-10-04
4512,False,The Assassination of Jesse James by the Coward Robert Ford,en,2007-09-20
14136,False,The Love Bug,en,1968-12-23
1195631,False,William Tell,en,2025-01-17
845111,False,Les Trois Mousquetaires : Milady,fr,2023-12-13
850920,False,The Parenting,en,2025-03-12
16366,False,Joseph: King of Dreams,en,2000-11-07
21407,False,The Collector,en,2009-07-09
1073,False,Arlington Road,en,1999-03-19
11171,False,Mysterious Skin,en,2005-03-30
336882,False,Bølgen,no,2015-08-28
1325678,False,Sarah's Oil,en,2025-11-06
452371,False,Bạn Gái Tôi Là Sếp,vi,2017-02-03
1329471,False,Carolina Caroline,en,2026-06-05
5336,False,Salò o le 120 giornate di Sodoma,it,1976-01-10
11675,False,Halloween H20: 20 Years Later,en,1998-08-05
420814,False,Christopher Robin,en,2018-08-01
391907,False,동거의 목적,ko,2016-03-07
243688,False,Poltergeist,en,2015-05-20
780609,False,Men,en,2022-05-20
454619,False,Overboard,en,2018-04-13
2069,False,The Whole Nine Yards,en,2000-02-18
64330,False,Comment survivre à sa mère,en,2007-11-02
238215,False,The Cobbler,en,2014-09-11
445030,False,ノーゲーム・ノーライフ ゼロ,ja,2017-07-15
11412,False,The Long Kiss Goodnight,en,1996-10-11
11842,False,Soleil Rouge,fr,1971-09-15
272693,False,The DUFF,en,2015-02-20
733120,False,ハックツ美少女 Revolution 二葉エマ,ja,2018-12-13
20829,False,Funny People,en,2009-07-30
540901,False,Hustlers,en,2019-09-12
533026,False,Сова,ru,1924-09-12
773543,False,Соври мне правду,ru,2021-09-09
869548,False,Ngiring belasungkawa,id,2018-07-13
505948,False,I Am Mother,en,2019-06-07
263677,False,ரகசிய போலீஸ் 115,ta,1968-01-10
11533,False,Jason and the Argonauts,en,1963-06-13
791728,False,三十层楼上,zh,1986-04-01
11236,False,The Secret Garden,en,1993-08-13
292431,False,Love,fr,2015-07-15
51481,False,Mean Girls 2,en,2011-01-23
48171,False,The Rite,en,2011-01-28
339527,False,Solace,en,2015-09-03
9569,False,Hard to Kill,en,1990-02-09
4421,False,G.I. Jane,en,1997-08-19
98357,False,Broken City,en,2013-01-18
505600,False,Booksmart,en,2019-05-24
433502,False,The Aftermath,en,2019-03-01
593910,False,Cinderella,en,2021-09-03
512196,False,Happy Death Day 2U,en,2019-02-13
218746,False,젊은 엄마,ko,2013-07-31
691972,False,Hosci,ru,2015-10-10
558915,False,The Color Purple,en,2023-12-25
10779,False,The Frighteners,en,1996-07-19
10715,False,Looney Tunes: Back in Action,en,2003-11-14
339404,False,The Layover,en,2017-09-01
1114894,False,Star Trek: Section 31,en,2025-01-15
123,False,The Lord of the Rings,en,1978-11-15
10564,False,Where the Heart Is,en,2000-04-27
1599189,False,剑来院线剧场版 十三之争,zh,2026-05-01
212778,False,Chef,en,2014-05-08
8740,False,Spoorloos,nl,1988-10-27
598331,False,Rumble,en,2021-02-12
143,False,All Quiet on the Western Front,en,1930-04-29
1155818,False,ਸਤਲੁਜ,hi,2026-07-03
10837,False,DuckTales: The Movie - Treasure of the Lost Lamp,en,1990-08-03
14400,False,Largo Winch,fr,2008-12-17
71689,False,Phineas and Ferb The Movie: Across the 2nd Dimension,en,2011-08-05
61012,False,Silent Hill: Revelation 3D,en,2012-10-10
476292,False,さよならの朝に約束の花をかざろう,ja,2018-02-24
39202,False,名探偵コナン 迷宮の十字路,ja,2003-04-19
664553,False,What We Found,en,2020-07-31
5955,False,The Pledge,en,2001-01-19
192102,False,3 Days to Kill,en,2014-02-14
1072699,False,Druga Furioza,pl,2025-10-14
514207,False,Вторжение,ru,2020-02-27
10400,False,The Hurricane,en,1999-09-17
49009,False,The Way Back,en,2010-11-22
519010,False,Dolor y gloria,es,2019-03-22
11931,False,In Her Shoes,en,2005-10-07
793387,False,거룩한 밤: 데몬 헌터스,ko,2025-04-30
643686,False,ভণ্ড,bn,1998-05-15
1206008,False,Ella McCay,en,2025-12-11
23023,False,Tooth Fairy,en,2010-01-14
10538,False,Passenger 57,en,1992-11-06
386874,False,나쁜 수업,ko,2015-12-31
737568,False,The Doorman,en,2020-10-01
427900,False,Home Again,en,2017-09-07
6620,False,Sabrina,en,1954-09-01
12797,False,Ghost Town,en,2008-09-19
1139377,False,La Telaraña,es,2023-04-27
1022356,False,Déjà vu,fr,2007-10-16
26877,False,赤裸羔羊,cn,1992-12-03
1048241,False,My Spy The Eternal City,en,2024-07-18
18095,False,ドラゴンボールＧＴ 悟空外伝！ 勇気の証しは四星球,ja,1997-03-26
26691,False,Neuilly sa Mère !,fr,2009-08-12
1280015,False,Sunny Dancer,en,2026-08-12
4978,False,An American Tail,en,1986-11-21
692,False,Pink Flamingos,en,1972-03-17
9530,False,RV,en,2006-04-28
416494,False,Status Update,en,2018-02-09
15070,False,Undisputed,en,2002-07-17
1699820,False,Vibeland Chronicles,en,2026-01-02
371645,False,Hunt for the Wilderpeople,en,2016-01-22
11850,False,Invasion of the Body Snatchers,en,1978-12-20
744857,False,Cuando acecha la maldad,es,2023-10-05
492452,False,Ben Is Back,en,2018-12-05
1628367,False,कर्त्तव्य,hi,2026-05-15
169881,False,The Physician,en,2013-12-25
26850,False,Under Suspicion,en,1991-09-27
449503,False,Kill 'em All,en,2017-06-06
357096,False,I Spit on Your Grave III: Vengeance Is Mine,en,2015-10-01
541134,False,The Good Nurse,en,2022-10-19
1450527,False,Forbidden Fruits,en,2026-03-26
434555,False,The Possession of Hannah Grace,en,2018-11-29
12101,False,Soylent Green,en,1973-04-18
10234,False,Funny Games,de,1997-09-11
455839,False,Time Trap,en,2017-05-19
1530606,False,The Penthouse,en,2026-06-23
1530606,False,The Penthouse,en,2026-06-23
1470442,False,DISINI,en,2025-04-22
15196,False,Clue,en,1985-12-13
270483,False,Now and Forever,en,1983-06-23
1059128,False,Queer,en,2024-11-27
16113,False,The Delta Force,en,1986-02-14
25376,False,El secreto de sus ojos,es,2009-08-13
4909,False,The Day of the Jackal,en,1973-05-16
1507275,False,A Paw Patrol Christmas,en,2025-10-30
522924,False,The Art of Racing in the Rain,en,2019-08-08
1705,False,Battle for the Planet of the Apes,en,1973-06-15
705,False,All About Eve,en,1950-11-09
570297,False,黄山来的姑娘,zh,1984-12-01
17824,False,Private Resort,en,1985-05-03
927107,False,The Bricklayer,en,2023-12-14
878728,False,Buen día,es,2021-09-28
10651,False,The Dead Pool,en,1988-07-13
1362315,False,The Hand That Rocks the Cradle,en,2025-10-16
49526,False,Premium Rush,en,2012-08-24
8195,False,Ronin,en,1998-09-25
7229,False,Tais-toi !,fr,2003-10-22
961323,False,Nimona,en,2023-06-23
11517,False,Money Train,en,1995-11-21
53848,False,Ida regénye,hu,1934-03-15
1267217,False,Почему ты?,ru,2024-04-25
8814,False,Doom,en,2005-10-20
925623,False,Hero No. 1,ne,2019-09-13
1737344,False,Maska 2,az,2019-08-27
395000,False,젊은 엄마 4,ko,2016-04-28
37821,False,Killers,en,2010-06-04
11260,False,Meet Dave,en,2008-07-08
878361,False,Big George Foreman,en,2023-04-27
10403,False,The Player,en,1992-05-08
11897,False,How the West Was Won,en,1962-11-02
1022964,False,Candy Cane Lane,en,2023-11-29
1090,False,The Thirteenth Floor,en,1999-04-16
5156,False,Ladri di biciclette,it,1948-07-21
4413,False,The Brave One,en,2007-09-12
546121,False,Run,en,2020-11-20
926606,False,The Home,en,2025-07-24
546121,False,Run,en,2020-11-20
926606,False,The Home,en,2025-07-24
371462,False,Mammal,en,2016-04-01
11522,False,Pretty in Pink,en,1986-02-28
24150,False,Halloween II,en,2009-08-28
10906,False,Pet Sematary II,en,1992-08-28
667520,False,泣きたい私は猫をかぶる,ja,2020-06-18
431530,False,A Bad Moms Christmas,en,2017-08-04
1302733,False,Gaslit by My Husband: The Morgan Metzer Story,en,2024-06-09
1925,False,Agnes und seine Brüder,de,2004-10-13
1632,False,Mississippi Burning,en,1988-12-08
636706,False,Spaceman,en,2024-02-23
11092,False,Presumed Innocent,en,1990-07-27
1331375,False,Dominique,en,2024-10-11
4031,False,Les Valseuses,fr,1974-03-20
1493123,False,Кіллхаус,uk,2026-04-23
3989,False,Team America: World Police,en,2004-10-10
1083968,False,Locked,en,2025-03-20
227719,False,Project Almanac,en,2015-01-28
10222,False,Kickboxer,en,1989-04-20
13394,False,Shrek the Halls,en,2007-11-28
11069,False,Tremors 2: Aftershocks,en,1996-04-09
10708,False,Daddy Day Care,en,2003-05-09
50321,False,Mars Needs Moms,en,2011-03-09
11901,False,High Plains Drifter,en,1973-04-19
17422,False,颐和园,zh,2006-05-18
387846,False,청춘학당 2: 기생난입야사,ko,2016-03-03
13654,False,101 Dalmatians II: Patch's London Adventure,en,2003-03-02
26505,False,Arthur et la vengeance de Maltazard,fr,2009-11-26
639721,False,The Addams Family 2,en,2021-10-01
25704,False,Post Grad,en,2009-08-21
380912,False,Vão Livre,pt,2014-01-28
1111263,False,Джальма,uk,1929-02-26
398730,False,Lấy Vợ Sài Gòn,vi,2005-01-01
629851,False,寡妇的男人,zh,1993-06-09
804370,False,Arco,fr,2025-10-22
286565,False,Paper Towns,en,2015-06-18
44470,False,Ice Cream Man,en,1995-05-09
785663,False,Old Henry,en,2021-10-01
10714,False,The Jungle Book,en,1994-12-23
10714,False,The Jungle Book,en,1994-12-23
1468057,False,角頭－鬥陣欸,zh,2025-08-21
1006042,False,Nós Dois,pt,2022-11-18
800937,False,Senior Year,en,2022-05-11
574,False,The Man Who Knew Too Much,en,1956-05-16
663604,False,Follie di notte,it,1978-04-20
403119,False,47 Meters Down,en,2017-05-25
1099639,False,50대 묵은지 장모님의 유혹,ko,2023-02-03
1209293,False,Parejita Feliz,es,2023-10-10
37933,False,ゲド戦記,ja,2006-07-29
11368,False,Blood Simple,en,1985-01-18
552688,False,The Mother,en,2023-05-04
1497348,False,Alas Roban,id,2026-01-15
33542,False,紅番區,cn,1995-01-21
1126336,False,Anniversary,en,2025-10-29
1374534,False,Bad Boa's,nl,2025-07-10
404733,False,Overdrive,en,2017-06-16
603119,False,The Silencing,en,2020-07-18
8012,False,Get Shorty,en,1995-10-20
870360,False,The Day the Earth Blew Up: A Looney Tunes Movie,en,2024-08-01
870360,False,The Day the Earth Blew Up: A Looney Tunes Movie,en,2024-08-01
321697,False,Steve Jobs,en,2015-10-09
1264939,False,Nieobliczalna,pl,2024-05-09
455640,False,Csutak a mikrofon elött,hu,1977-05-02
12102,False,Kramer vs. Kramer,en,1979-12-07
830784,False,"Lyle, Lyle, Crocodile",en,2022-10-07
605116,False,Project Power,en,2020-08-14
14533,False,Gia,en,1998-09-22
839688,False,Terang Boelan,id,1937-12-08
16538,False,"I Love You, Man",en,2009-03-20
401246,False,The Square,sv,2017-08-25
123338,False,玉蒲團III官人我要,cn,1998-04-23
54989,False,Amor Estranho Amor,pt,1982-01-11
1739294,False,મારણ,gu,2026-07-31
458428,False,Operación Cannabis,es,2009-11-01
139038,False,A Haunted House,en,2013-01-11
1712439,False,เพื่อนรัก เพื่อนลับ,th,2026-07-23
5492,False,Gunner,en,2024-08-16
11132,False,Confessions of a Teenage Drama Queen,en,2004-02-17
1409646,False,Última Hora,pt,
119283,False,Parker,en,2013-01-23
3600,False,I Still Know What You Did Last Summer,en,1998-11-13
942922,False,80 for Brady,en,2023-02-03
759175,False,The Princess,en,2022-06-16
492166,False,Russell Howard: Recalibrate,en,2017-12-19
763,False,Braindead,en,1992-08-13
77930,False,Magic Mike,en,2012-06-28
611698,False,刺杀小说家,zh,2021-02-12
532671,False,The Prodigy,en,2019-02-06
110420,False,おおかみこどもの雨と雪,ja,2012-07-21
24740,False,The Entity,en,1982-09-30
38985,False,Sorcerer,en,1977-06-24
937746,False,Io capitano,it,2023-09-07
986299,False,Tan,vi,2021-01-25
1832,False,Dogma,en,1999-10-04
137104,False,Fotbollskrönikan EM 2000,sv,2000-12-01
13252,False,Cleaner,en,2007-09-11
1058694,False,Radical,es,2023-10-19
536869,False,Cats,en,2019-12-19
244761,False,The Captive,en,2014-09-05
244761,False,The Captive,en,2014-09-05
12093,False,Lilja 4-ever,sv,2002-08-23
1223142,False,흑형을 동경한 윗집 소녀,ko,2023-12-01
1591834,False,Familia a la deriva,es,2026-01-22
848187,False,Role Play,en,2023-12-14
10774,False,Network,en,1976-11-27
178809,False,The Colony,en,2013-04-12
367056,False,"Pūt, vējiņi!",lv,1973-09-01
10718,False,Torque,en,2004-01-16
1244531,False,Beast of War,en,2025-08-22
263132,False,3D 豪情,cn,2014-03-25
10153,False,Sphere,en,1998-02-13
351523,False,동창회의 목적,ko,2015-08-06
152737,False,August: Osage County,en,2013-12-26
5123,False,August Rush,en,2007-10-18
10431,False,War,en,2007-08-24
2067,False,Mission to Mars,en,2000-03-10
166666,False,3096 Tage,de,2013-02-21
1320660,False,पति पत्नी और वो दो,hi,2026-05-15
8738,False,The Final Countdown,en,1980-01-31
8738,False,The Final Countdown,en,1980-01-31
961268,False,발레리나,ko,2023-10-06
590995,False,The Craft: Legacy,en,2020-10-28
8374,False,The Boondock Saints,en,1999-01-22
242685,False,Arthur e o Infinito - Um Olhar Sobre o Autismo,pt,2012-11-13
502416,False,Ma,en,2019-05-29
83201,False,Puss in Boots: The Three Diablos,en,2012-02-07
9281,False,Witness,en,1985-02-08
575417,False,On the Rocks,en,2020-10-02
1103621,False,หลานม่า,th,2024-04-04
7303,False,Maid in Manhattan,en,2002-12-13
1160514,False,"Kobieta, która widziała śmierć",pl,1919-02-01
801,False,"Good Morning, Vietnam",en,1987-12-23
1522923,False,Safe House,en,2025-10-30
9529,False,Candyman,en,1992-10-16
430040,False,The Hurricane Heist,en,2018-02-28
538335,False,엄마의 유혹,ko,2018-07-31
317079,False,Nocturno de amor,es,1948-01-11
932420,False,Code 8 Part II,en,2024-02-27
20126,False,Profondo rosso,it,1975-03-07
1728092,False,Perempuan Itu,en,2022-01-01
179826,False,Odd Thomas,en,2013-01-29
1319522,False,โกฮัง..หัวใจโกโฮม,th,2026-04-02
357471,False,Enciclopédia,pt,2010-01-29
462768,False,Zombie Kids,en,2013-10-27
897160,False,용감한 시민,ko,2023-10-25
102362,False,Dead Man Down,en,2013-03-08
1235192,False,Wormtown,en,2025-09-27
657512,False,A Falta,pt,2019-12-18
230179,False,Big Game,en,2014-09-05
767985,False,Um Dia de Colera,pt,2019-06-13
421658,False,Final Score,en,2018-09-07
17581,False,劇場版 NARUTO -ナルト- 疾風伝 絆,ja,2008-08-02
880067,False,Strung,en,2026-06-18
702,False,A Streetcar Named Desire,en,1951-09-18
508763,False,A Dog's Way Home,en,2019-01-10
9822,False,Mighty Joe Young,en,1998-12-25
11422,False,Midway,en,1976-06-18
239678,False,This Is Where I Leave You,en,2014-09-10
1030448,False,ONE on Prime Video 2: Xiong vs. Lee III,en,2022-09-30
7183,False,Perfect Stranger,en,2007-04-11
2110,False,Wasabi,fr,2001-10-31
5550,False,RoboCop 3,en,1993-01-21
9029,False,What Happens in Vegas,en,2008-05-07
925,False,Do the Right Thing,en,1989-06-14
10436,False,The Age of Innocence,en,1993-09-10
64641,False,La ragazzina,it,1974-02-28
16619,False,Ordinary People,en,1980-09-19
1587964,False,They Fight,en,2026-06-08
178154,False,The American Angels: Baptism of Blood,en,
1418657,False,The Yeti,en,2026-04-04
1286818,False,Miles & Ellen,en,2024-05-10
602654,False,Horizon Line,en,2020-10-29
266396,False,The Gunman,en,2015-02-16
762968,False,Do Revenge,en,2022-09-14
10766,False,Damien - Omen II,en,1978-06-09
1571038,False,Dreamline,en,2025-10-26
529485,False,The Way Back,en,2020-03-05
809787,False,Mafia Mamma,en,2023-04-13
535,False,Flashdance,en,1983-04-14
809787,False,Mafia Mamma,en,2023-04-13
535,False,Flashdance,en,1983-04-14
1181540,False,Guns Up,en,2025-05-15
571265,False,デジモンアドベンチャー LAST EVOLUTION 絆,ja,2020-02-21
177472,False,Das Mädchen Johanna,de,1935-04-26
187349,False,董存瑞,zh,1955-01-30
485557,False,Talia,es,2017-03-14
17360,False,Escape to Victory,en,1981-06-17
297222,False,पीके,hi,2014-12-18
1530510,False,México 86,es,2026-05-21
11051,False,The Last Temptation of Christ,en,1988-05-28
660942,False,De uskyldige,no,2021-09-03
520946,False,100% Wolf,en,2020-06-26
1088766,False,Sisifus (Flying in a Cage),id,
8872,False,Wayne's World,en,1992-02-14
77883,False,The Possession,en,2012-08-30
10393,False,The Replacements,en,2000-08-11
948713,False,The Last Kingdom: Seven Kings Must Die,en,2023-04-14
40205,False,16 Wishes,en,2010-10-02
12589,False,Jimmy Neutron: Boy Genius,en,2001-12-14
413337,False,Girl in the Box,en,2016-09-10
10730,False,King Kong,en,1976-09-08
10354,False,True Crime,en,1999-03-19
11782,False,辣手神探,cn,1992-04-16
787781,False,Quiz Lady,en,2023-09-09
400027,False,მამა,ka,2015-08-10
328523,False,A vád,hu,1996-03-03
1425045,False,Brick,de,2025-07-02
254904,False,The November Man,en,2014-08-27
17809,False,精武英雄,zh,1994-12-22
425336,False,Loving Pablo,es,2017-12-14
4291,False,菊次郎の夏,ja,1999-06-05
967536,False,Quarto 16,en,2018-09-11
766067,False,Helena confronta um Guardião das Portas do Sonho: Teste,pt,2021-08-01
361068,False,História de Uma Pena,pt,2015-08-06
680716,False,누나의 일기,ko,2020-02-20
1167880,False,一代女皇艳史,zh,1987-10-10
1134463,False,Dreams: Sueños,es,2025-07-10
475430,False,Artemis Fowl,en,2020-05-29
1087822,False,Hellboy: The Crooked Man,en,2024-08-29
475430,False,Artemis Fowl,en,2020-05-29
1087822,False,Hellboy: The Crooked Man,en,2024-08-29
958006,False,The Kill Room,en,2023-09-14
630240,False,Titane,fr,2021-07-14
416144,False,Hotel Mumbai,en,2019-03-14
1057856,False,Chị Chị Em Em 2,vi,2023-10-12
82687,False,The Guilt Trip,en,2012-12-19
9042,False,The Cave,en,2005-08-26
457799,False,"Extremely Wicked, Shockingly Evil and Vile",en,2019-05-02
450162,False,Maturitá,es,2016-04-15
2142,False,Cop Land,en,1997-08-15
388375,False,Se Não...,pt,2015-04-25
713607,False,엄마친구 2020,ko,2020-06-05
173,False,"20,000 Leagues Under the Sea",en,1954-12-23
474764,False,The Lodge,en,2020-01-16
9591,False,That Thing You Do!,en,1996-10-04
594347,False,La Maison,fr,2019-04-07
109689,False,Tengo ganas de ti,es,2012-06-22
359364,False,Human,fr,2015-09-12
492611,False,The Turning,en,2020-01-23
464540,False,Operación Piroberta,es,2017-03-16
932430,False,Prom Pact,en,2023-03-30
1648,False,Bill & Ted's Excellent Adventure,en,1989-02-17
1934,False,Shakespeare in Love,en,1998-12-11
15167,False,Barbie in the Nutcracker,en,2001-09-30
957304,False,Drive-Away Dolls,en,2024-02-22
512895,False,Lady and the Tramp,en,2019-11-12
1341138,False,Spa Weekend,en,2026-08-20
1338972,False,Pitfall,en,2025-05-29
524369,False,The Many Saints of Newark,en,2021-09-22
210860,False,Mortdecai,en,2015-01-21
569060,False,云雾山中,zh,1959-01-01
845592,False,Tinku,en,1977-01-01
10756,False,The Haunted Mansion,en,2003-11-26
1139977,False,Desde Adentro,es,2017-01-01
614933,False,Atlas,en,2024-05-23
855376,False,妇女代表,zh,1953-01-01
809107,False,Z-O-M-B-I-E-S 3,en,2022-07-09
72710,False,The Host,en,2013-03-22
10488,False,Nim's Island,en,2008-04-03
10488,False,Nim's Island,en,2008-04-03
1883,False,Malcolm X,en,1992-11-18
11327,False,Midnight Express,en,1978-08-31
722149,False,Luther: The Fallen Sun,en,2023-02-24
2055,False,Open Range,en,2003-08-11
1880,False,Red Dawn,en,1984-08-10
645757,False,That Christmas,en,2024-11-27
11033,False,Dressed to Kill,en,1980-07-25
241251,False,The Boy Next Door,en,2015-01-23
1352755,False,Maintenance Required,en,2025-10-07
13205,False,Bambi II,en,2006-01-26
866,False,Finding Neverland,en,2004-10-29
9620,False,Paycheck,en,2003-12-25
147,False,Les Quatre Cents Coups,fr,1959-06-03
1104972,False,ସରଗପୁରରୁ ଆସିଚି଼ ପ୍ରିୟା,or,2023-03-26
415943,False,O Homem que Não Cabia em Brasília,pt,2016-09-12
846956,False,Rogue Agent,en,2022-08-12
22825,False,The Box,en,2009-10-29
25239,False,Day of the Woman,en,1978-11-02
746333,False,Super-héros malgré lui,fr,2022-02-02
340101,False,Their Finest,en,2017-02-19
127533,False,るろうに剣心,ja,2012-08-25
830,False,Forbidden Planet,en,1956-03-23
235572,False,До завтра,ru,1929-11-11
328111,False,The Secret Life of Pets,en,2016-06-18
1078600,False,Marked Men: Rule + Shaw,en,2025-01-22
82505,False,House at the End of the Street,en,2012-09-21
306215,False,Mr. Plant,en,2014-11-04
1370814,False,The Plague,en,2025-12-24
628922,False,Asphalt City,en,2023-05-12
2087,False,The Getaway,en,1994-02-11
1397832,False,La viuda negra,es,2025-05-30
84348,False,V/H/S,en,2012-07-28
9728,False,Friday the 13th Part III,en,1982-08-13
988078,False,A través del mar,es,2023-06-23
10535,False,Spy Hard,en,1996-05-24
137321,False,Winter's Tale,en,2014-02-13
10495,False,The Karate Kid Part III,en,1989-06-16
11185,False,"See No Evil, Hear No Evil",en,1989-05-12
371482,False,Reflections,en,2007-01-01
14506,False,The Adventures of Baron Munchausen,en,1988-12-07
155084,False,13 Sins,en,2014-04-11
13398,False,東京ゴッドファーザーズ,ja,2003-12-05
567811,False,10 Lives,en,2024-04-18
9053,False,DOA: Dead or Alive,en,2006-09-07
560050,False,Over the Moon,en,2020-10-16
1312871,False,Pintor at paraluman,tl,2024-08-16
565310,False,The Farewell,en,2019-07-12
16363,False,The Best Little Whorehouse in Texas,en,1982-07-23
9626,False,Red Sonja,en,1985-04-09
79218,False,Ice Age: A Mammoth Christmas,en,2011-11-24
9566,False,The Fan,en,1996-08-15
6439,False,Racing Stripes,en,2005-01-06
1278101,False,小小的我,zh,2024-12-27
460668,False,I Feel Pretty,en,2018-04-19
250170,False,"Mein Schatz, komm mit ans blaue Meer",de,1959-12-21
2787,False,Pitch Black,en,2000-02-18
12146,False,The Missing,en,2003-11-26
256835,False,Toy Story That Time Forgot,en,2014-12-02
300665,False,Leatherface,en,2017-09-14
300665,False,Leatherface,en,2017-09-14
610150,False,ドラゴンボール超 スーパーヒーロー,ja,2022-06-11
55341,False,Jeepers Creepers 3,en,2017-09-26
306837,False,Muktir Gaan,bn,1995-12-01
14813,False,Mickey's Christmas Carol,en,1983-10-19
784175,False,幸福,zh,1958-03-11
1283515,False,Verity,en,2026-09-30
163011,False,Tündér Lala,hu,1981-12-24
1088514,False,La habitación de al lado,es,2024-10-07
527435,False,The Christmas Chronicles,en,2018-11-22
332270,False,Битва за Севастополь,ru,2015-04-02
4517,False,Elizabeth: The Golden Age,en,2007-09-09
632617,False,C'mon C'mon,en,2021-11-19
16094,False,House Party,en,1990-01-20
110416,False,Song of the Sea,en,2014-06-23
11601,False,Stir of Echoes,en,1999-09-10
1128655,False,The Surfer,en,2025-04-11
5236,False,Kiss Kiss Bang Bang,en,2005-09-14
11282,False,Harold & Kumar Go to White Castle,en,2004-07-02
62837,False,Dolphin Tale,en,2011-09-22
65496,False,Mes chères études,fr,2010-01-18
82424,False,Small Fry,en,2011-11-23
1627796,False,Pansamantala,tl,2026-02-13
814338,False,Lady Chatterley's Lover,en,2022-11-22
420070,False,Человек в зелёном кимоно,ru,1992-02-11
42384,False,가루지기,ko,2008-04-30
500682,False,The Highwaymen,en,2019-03-15
9550,False,十面埋伏,zh,2004-07-16
21032,False,Balto,en,1995-12-22
1182634,False,El caníbal,es,2020-08-07
2207,False,16 Blocks,en,2006-03-01
461130,False,Code 8,en,2019-12-06
672322,False,るろうに剣心 最終章 The Beginning,ja,2021-06-04
187596,False,Walk of Shame,en,2014-05-02
10586,False,The Ghost and the Darkness,en,1996-10-11
846433,False,The Enforcer,en,2022-09-22
445761,False,Pimeällä polulla,fi,2014-01-01
621876,False,Flora & Ulysses,en,2021-02-19
12149,False,Frailty,en,2002-04-12
77459,False,Un monstre à Paris,fr,2011-10-12
12149,False,Frailty,en,2002-04-12
77459,False,Un monstre à Paris,fr,2011-10-12
245,False,About a Boy,en,2002-04-26
98008,False,Nerosubianco,it,1969-02-26
569400,False,草原上的人们,zh,1953-11-01
761053,False,Gabriel's Inferno: Part III,en,2020-11-19
1484453,False,Snoopy Presents: A Summer Musical,en,2025-08-14
1426964,False,Salve Geral: Irmandade,pt,2026-02-10
1231853,False,Lucid Love,id,2024-01-16
33997,False,Desert Flower,en,2009-09-24
23082,False,The Invention of Lying,en,2009-10-02
747600,False,Jamgyrdan Kiin,ky,2019-09-26
1044142,False,Wo ist mein Safe Space? Fünf Frauen gegen strukturellen Rassismus,de,2022-11-03
44935,False,ลองของ,th,2005-12-01
2313,False,Prime,en,2005-09-21
399713,False,三級薔薇之戀,cn,1991-12-12
1363899,False,女神降臨 Before,ja,2025-03-20
10650,False,Sudden Impact,en,1983-12-08
1497861,False,Las Estrellas,es,2012-05-12
1451486,False,ഉയിർ,ml,2026-06-26
1497861,False,Las Estrellas,es,2012-05-12
1451486,False,ഉയിർ,ml,2026-06-26
9885,False,Wolf Creek,en,2005-09-16
11862,False,Father of the Bride Part II,en,1995-12-08
1219739,False,Witte Wieven,nl,2024-01-25
262391,False,Qu'est-ce qu'on a fait au Bon Dieu ?,fr,2014-04-16
1551546,False,Heartbreak Hotel,da,2025-09-24
1316391,False,Mind Cage,id,
5723,False,Once,en,2007-03-23
751741,False,Night at the Museum: Kahmunrah Rises Again,en,2022-12-08
471456,False,Я вернусь,ru,1935-01-01
10366,False,Universal Soldier: The Return,en,1999-08-05
1064307,False,Spermageddon,no,2024-12-28
36819,False,Time Bandits,en,1981-07-13
845783,False,Baghead,en,2023-12-28
1712,False,Giant,en,1956-11-08
484718,False,Coming 2 America,en,2021-03-04
54318,False,The Water Horse,en,2007-12-25
10610,False,The Medallion,en,2003-08-15
570480,False,Trouble,en,2019-08-08
1007973,False,"Philippe-Alain Michaud, le réel traversé par la fiction",fr,2016-01-01
921452,False,Jeanne du Barry,fr,2023-05-16
1400336,False,Focker-in-Law,en,2026-11-25
438864,False,Pega Ladrão,pt,1957-06-06
1529513,False,蛊降,zh,2026-03-19
128607,False,Sagrado Corazón,en,2007-01-01
98567,False,十二生肖,cn,2012-12-20
289325,False,Niewolnica zmysłów,pl,1914-01-02
203,False,Mean Streets,en,1973-10-14
299,False,Ocean's Eleven,en,1960-08-10
1063877,False,Don't Move,en,2024-10-24
1226299,False,Dilig,tl,2024-01-30
393850,False,Senza vergogna,it,1986-03-19
2623,False,An Officer and a Gentleman,en,1982-07-28
1737011,False,Kontra,en,2021-01-01
1254808,False,Nouvelle Vague,fr,2025-10-08
438808,False,White Boy Rick,en,2018-09-14
54270,False,新世紀エヴァンゲリオン劇場版 DEATH(TRUE)²／Air／まごころを､君に,ja,1998-03-07
1413097,False,Melania,en,2026-01-30
445651,False,The Darkest Minds,en,2018-07-25
72197,False,The Pirates! In an Adventure with Scientists!,en,2012-03-12
10537,False,The Doors,en,1991-03-01
1092936,False,La valle dei sorrisi,it,2025-09-17
278986,False,গাঙ্গর,bn,2011-01-01
829402,False,Ultraman: Rising,en,2024-06-14
138363,False,Fotbollskrönikan EM 1992,sv,1992-12-01
1109143,False,Vik2Ria Secret,ms,2023-06-15
375834,False,"It's Called 'Murder', Baby",en,1983-06-15
15137,False,ヱヴァンゲリヲン新劇場版：序,ja,2007-09-01
326,False,Snakes on a Plane,en,2006-08-17
1090596,False,Bloco dos Corações Valentes,pt,2023-04-01
424488,False,Megan Leavey,en,2017-06-09
13515,False,Mirrors,en,2008-08-14
1039471,False,Все сначала!..,ru,1975-07-07
570652,False,国庆十点钟,zh,1956-12-01
262841,False,Monster Trucks,en,2016-12-21
11676,False,Nothing to Lose,en,1997-07-18
1291559,False,余命一年の僕が、余命半年の君と出会った話。,ja,2024-06-26
6519,False,The Dukes of Hazzard,en,2005-08-05
17993,False,Henry & June,en,1990-09-28
338947,False,Hellraiser,en,2022-09-28
411873,False,The Little Hours,en,2017-06-30
1479178,False,Se meg,no,2025-10-10
618416,False,Penguin Bloom,en,2021-01-21
1021679,False,ベルサイユのばら,ja,2025-01-31
1161617,False,Code 3,en,2025-09-12
328387,False,Nerve,en,2016-06-27
1139829,False,Orion and the Dark,en,2024-02-01
674670,False,Qarakoz,ru,2020-03-26
10623,False,Cradle 2 the Grave,en,2003-02-28
926899,False,The House,en,2022-01-14
178,False,Blown Away,en,1994-07-01
11963,False,Three Days of the Condor,en,1975-09-24
110143,False,Graffiante desiderio,it,1993-06-09
265712,False,STAND BY ME ドラえもん,ja,2014-08-08
11428,False,Sleepwalkers,en,1992-04-10
1212855,False,Fight or Flight,en,2025-04-03
1128650,False,誤判,cn,2024-12-08
734635,False,Desconforto Entre os Dedos,pt,2017-03-01
1225093,False,ජංගි හොරා,si,2021-12-23
734635,False,Desconforto Entre os Dedos,pt,2017-03-01
1225093,False,ජංගි හොරා,si,2021-12-23
748787,False,Schachnovelle,de,2021-09-23
454458,False,UglyDolls,en,2019-05-01
64,False,Hable con ella,es,2002-03-15
1139566,False,A través de mi ventana 3: A través de tu mirada,es,2024-02-23
11393,False,The Natural,en,1984-05-11
381255,False,Éperdument,fr,2016-03-02
10016,False,Ghosts of Mars,en,2001-08-14
11228,False,Daylight,en,1996-12-06
332,False,Inspector Gadget,en,1999-07-23
220,False,East of Eden,en,1955-04-10
59860,False,Monte Carlo,en,2011-07-01
744594,False,White Noise,en,2022-11-25
1302904,False,Practical Magic 2,en,2026-09-09
14139,False,Los cronocrímenes,es,2007-11-01
862968,False,Pain Hustlers,en,2023-10-20
1647341,False,Tres Mans,es,
250480,False,The Many Adventures of Winnie the Pooh,en,1977-03-11
1338660,False,Primavera Preta,pt,2024-09-07
778855,False,Chickenhare and the Hamster of Darkness,en,2022-02-16
1143319,False,Puppy Love,en,2023-08-22
933088,False,The Abandon,en,2024-07-19
906221,False,Magic Mike's Last Dance,en,2023-02-09
12516,False,夢,ja,1990-05-11
832,False,M - Eine Stadt sucht einen Mörder,de,1931-05-11
623491,False,The Babysitter: Killer Queen,en,2020-09-10
11349,False,Cape Fear,en,1962-04-12
9826,False,The Phantom,en,1996-06-06
916405,False,An Cailín Ciúin,ga,2022-05-12
75638,False,Red Lights,en,2012-03-02
576712,False,Everybody’s Everything,en,2019-11-12
12201,False,Edge of Darkness,en,2010-01-28
986425,False,Un Nome Scritto Nell'Acqua,it,2021-11-02
328688,False,Orang Minyak,ms,2007-11-15
13683,False,Tarzan & Jane,en,2002-06-24
1526650,False,泥娃娃,zh,2025-10-09
417261,False,Forever My Girl,en,2018-01-26
1317088,False,The Assessment,en,2025-03-21
735632,False,Facing the same direction,en,2014-10-12
17335,False,Obsessed,en,2009-02-26
10052,False,Dragonfly,en,2002-02-22
15015,False,Barbie as Rapunzel,en,2002-10-01
447362,False,Life in a Year,en,2020-11-27
1655595,False,A Pirata,pt,2026-02-03
41210,False,The Switch,en,2010-08-20
9501,False,Crying Freeman,en,1995-04-23
1858,False,Transformers,en,2007-06-27
1405,False,Greed,en,1924-12-04
133121,False,バイオハザード ダムネーション,ja,2012-09-25
507076,False,Climax,fr,2018-09-19
526019,False,Like a Boss,en,2020-01-09
1509546,False,El limonero,es,2019-05-01
27579,False,The American,en,2010-08-31
42188,False,Never Let Me Go,en,2010-03-18
3112,False,The Night of the Hunter,en,1955-07-26
71,False,Billy Elliot,en,2000-09-28
271969,False,Ben-Hur,en,2016-08-17
182560,False,Dark Places,en,2015-04-08
1426297,False,Play Dead,en,2025-03-29
1426297,False,Play Dead,en,2025-03-29
14367,False,Adventures in Babysitting,en,1987-07-01
436917,False,Orizaba,pt,
1017478,False,ONE on Prime Video 1: Moraes vs. Johnson II,en,2022-08-27
460555,False,红海行动,zh,2018-02-16
809139,False,徐秋影案件,zh,1958-07-29
29536,False,El sexo está loco,es,1981-01-01
696967,False,Pyrale,fr,2020-04-25
852096,False,We Have a Ghost,en,2023-02-24
449563,False,Isn't It Romantic,en,2019-02-13
1738612,False,Shakespeare,es,2015-04-30
12572,False,"New York, I Love You",en,2008-09-06
243352,False,Where Hope Grows,en,2014-04-06
529216,False,Durante la tormenta,es,2018-11-30
11820,False,Mona Lisa Smile,en,2003-12-19
265705,False,Młody las,pl,1934-04-19
239571,False,The Best of Me,en,2014-10-15
1741109,False,WWE SummerSlam 2026: Saturday,en,2026-08-01
1125,False,Dreamgirls,en,2006-12-25
440918,False,Teen Spirit,en,2019-04-12
11986,False,37°2 le matin,fr,1986-04-09
72356,False,Sade,fr,2000-08-23
1159206,False,Father Mother Sister Brother,en,2025-12-01
798362,False,The Marsh King's Daughter,en,2023-09-28
263698,False,வேட்டைக்காரன்,ta,1964-01-13
1739873,False,Destinies,uz,2012-06-13
43959,False,Soul Surfer,en,2011-04-08
3035,False,Frankenstein,en,1931-11-21
58224,False,Mr. Popper's Penguins,en,2011-06-17
607731,False,Eden Hotel,it,2018-08-05
552643,False,아내의 애인2,ko,2018-06-14
820446,False,Downton Abbey: A New Era,en,2022-04-27
335796,False,Ouija: Origin of Evil,en,2016-10-20
8984,False,Disclosure,en,1994-12-09
832502,False,The Monkey King,en,2023-07-30
351460,False,Death Note,en,2017-08-25
455730,False,突破乌江,zh,1961-01-01
10514,False,The Andromeda Strain,en,1971-03-12
1049942,False,Bambi: The Reckoning,en,2025-07-11
11825,False,Police Academy 5: Assignment Miami Beach,en,1988-03-17
41233,False,Step Up 3D,en,2010-08-04
11208,False,Wicker Park,en,2004-09-03
685274,False,機動戦士ガンダム 閃光のハサウェイ,ja,2021-06-11
14207,False,The Librarian: Quest for the Spear,en,2004-07-12
12118,False,Police Academy 3: Back in Training,en,1986-03-20
1574,False,Chicago,en,2002-12-10
1116465,False,传说,zh,2024-07-05
4808,False,Charade,en,1963-12-01
593,False,Солярис,ru,1972-03-20
1240875,False,음란산장 : 수상한 약장수,ko,2023-05-11
11231,False,The Next Karate Kid,en,1994-07-18
484468,False,Le Chant du loup,fr,2019-02-20
8881,False,Che: Part One,en,2008-09-05
2657,False,Pleasantville,en,1998-09-17
18162,False,Land of the Lost,en,2009-06-05
333354,False,Extortion,en,2017-01-02
11653,False,神話,zh,2005-05-11
12498,False,Sling Blade,en,1996-08-30
1429,False,25th Hour,en,2002-12-19
325133,False,Neighbors 2: Sorority Rising,en,2016-05-04
2355,False,Reign Over Me,en,2007-03-22
29187,False,La monaca nel peccato,it,1986-08-09
10617,False,黃飛鴻,cn,1991-08-15
581462,False,Ostrich Politic,en,2018-11-15
11198,False,城市獵人,cn,1993-01-14
460885,False,Mandy,en,2018-09-13
1276704,False,53 domingos,es,2026-03-26
2486,False,Eragon,en,2006-12-14
10407,False,Housesitter,en,1992-06-12
1316427,False,7 كلاب,ar,2026-05-27
16052,False,Selena,en,1997-03-21
550776,False,Believe Me: The Abduction of Lisa McVey,en,2018-09-30
5919,False,The Towering Inferno,en,1974-12-14
50022,False,Super Troopers 2,en,2018-04-19
1687,False,Escape from the Planet of the Apes,en,1971-05-20
2043,False,Along Came a Spider,en,2001-04-06
1279596,False,The Little Mermaid,en,2024-12-16
669671,False,Night Teeth,en,2021-10-20
28874,False,サマーウォーズ,ja,2009-08-01
53653,False,監獄風雲,cn,1987-11-13
53653,False,監獄風雲,cn,1987-11-13
594149,False,Ínsula,es,2019-04-07
13688,False,長江七號,cn,2008-01-30
2926,False,The Three Musketeers,en,1973-12-11
1007499,False,عطسة,ar,2011-02-12
460790,False,Starship Troopers: Traitor of Mars,en,2017-08-21
1557848,False,Uykucu,tr,2025-10-29
8874,False,My Best Friend's Wedding,en,1997-06-19
471564,False,부부의 스폰서,ko,2016-09-09
837,False,Videodrome,en,1983-02-04
177,False,The Fisher King,en,1991-09-20
704673,False,Trigger Warning,en,2024-06-20
454527,False,Benedetta,fr,2021-07-09
939335,False,Muzzle,en,2023-09-29
1172971,False,Не лечится,ru,2023-08-18
20737,False,Air Bud,en,1997-08-01
1099975,False,ମନ ମ୍ୟୁଜିୟମ୍,or,2023-03-24
287903,False,Krampus,en,2015-11-26
11418,False,National Lampoon's European Vacation,en,1985-07-25
373219,False,Lección Zaragoza,es,2014-09-23
8869,False,Eight Legged Freaks,en,2002-07-17
463257,False,The Peanut Butter Falcon,en,2019-08-09
1406,False,City Slickers,en,1991-06-07
241843,False,Cooties,en,2014-10-10
2362,False,Westworld,en,1973-08-15
2018,False,The Wedding Planner,en,2001-01-26
823625,False,Blacklight,en,2022-02-10
11878,False,用心棒,ja,1961-04-25
4380,False,Shall We Dance?,en,2004-10-15
9622,False,Beverly Hills Ninja,en,1997-01-17
17467,False,力王,cn,1991-10-05
891147,False,La fuga,es,2021-10-27
74308,False,Detachment,en,2011-04-24
11802,False,Space Chimps,en,2008-06-25
829051,False,About My Father,en,2023-05-25
54663,False,Starting Over,en,1979-10-05
10868,False,The Accused,en,1988-10-14
9080,False,Spies Like Us,en,1985-12-06
848416,False,Жених и невеста,ru,1971-04-12
1016084,False,BlackBerry,en,2023-02-13
976576,False,Emmanuelle,en,2024-09-25
426563,False,Holmes & Watson,en,2018-12-25
9405,False,Double Team,en,1997-04-04
1055623,False,舞男真面目,en,1994-03-03
8764,False,Top Secret!,en,1984-06-22
15283,False,平成狸合戦ぽんぽこ,ja,1994-07-16
1647409,False,Desperada,tl,2026-03-23
1440049,False,Preschool,en,2026-03-17
325348,False,Hardcore Henry,en,2015-09-12
9570,False,The Black Hole,en,1979-12-19
11471,False,英雄本色,cn,1986-08-02
71688,False,The Iron Lady,en,2011-12-26
683420,False,Border Pursuit,zh,2019-01-01
587412,False,ಕೆ.ಜಿ.ಎಫ್: Chapter 2,kn,2022-04-14
1531028,False,Todo Kayod,tl,2025-09-16
924482,False,The Ledge,en,2022-02-18
6283,False,MouseHunt,en,1997-12-19
3683,False,Flags of Our Fathers,en,2006-10-19
272878,False,Max,en,2015-06-25
14223,False,Wind Chill,en,2007-05-18
42658,False,Helen of Troy,en,1956-01-26
375846,False,Bad Sister,en,2015-08-24
10987,False,Halloween: The Curse of Michael Myers,en,1995-09-29
2023,False,Hidalgo,en,2004-02-04
254172,False,Fathers and Daughters,en,2015-10-01
1677,False,Ray,en,2004-10-29
191728,False,Un voyageur,en,2013-05-16
76285,False,Percy Jackson: Sea of Monsters,en,2013-08-07
1710,False,Copycat,en,1995-10-27
38317,False,Zookeeper,en,2011-07-06
279429,False,За монастырской стеной,ru,1928-01-15
1365,False,Monster's Ball,en,2001-12-26
10166,False,The Witches,en,1990-05-25
719410,False,刻在你心底的名字,zh,2020-09-30
12481,False,唐山大兄,zh,1971-10-23
10676,False,Halloween III: Season of the Witch,en,1982-10-22
13389,False,Righteous Kill,en,2008-09-11
912161,False,Vida Observável,pt,2021-12-06
5,False,Four Rooms,en,1995-12-09
10160,False,A Nightmare on Elm Street: The Dream Child,en,1989-08-11
5,False,Four Rooms,en,1995-12-09
10160,False,A Nightmare on Elm Street: The Dream Child,en,1989-08-11
931349,False,Ash,en,2025-03-20
99,False,Todo sobre mi madre,es,1999-04-16
1308972,False,Big Baby,en,2025-10-09
987917,False,Old Dads,en,2023-10-20
300673,False,The Finest Hours,en,2016-01-27
15080,False,おもひでぽろぽろ,ja,1991-07-20
7508,False,तारे ज़मीन पर,hi,2007-12-21
881727,False,Tusind timer,da,2022-09-01
528549,False,룸싸롱 여대생들,ko,2018-03-29
85446,False,Step Up Revolution,en,2012-07-26
2114,False,Final Fantasy: The Spirits Within,en,2001-07-02
387426,False,Okja,en,2017-06-28
1340076,False,Untitled Home Invasion Romance,en,2026-01-27
11152,False,The Ruins,en,2008-04-02
13004,False,Barbie and the Diamond Castle,en,2008-09-03
515195,False,Yesterday,en,2019-06-26
476299,False,Ghostland,en,2018-03-14
234004,False,Ratchet & Clank,en,2016-04-13
1001311,False,Sous la Seine,fr,2024-06-04
1124599,False,La Mèche,fr,2023-05-09
1664580,False,The Listing,en,
10768,False,The Final Conflict,en,1981-03-20
1401281,False,The Testament of Ann Lee,en,2025-12-25
1241634,False,सैयारा,hi,2025-07-18
8491,False,Weekend at Bernie's,en,1989-07-05
64639,False,Straw Dogs,en,2011-09-16
12919,False,Can't Buy Me Love,en,1987-08-14
6069,False,The Witches of Eastwick,en,1987-06-12
114168,False,Perras,es,2011-03-04
23047,False,Season of the Witch,en,2011-01-07
446791,False,All the Money in the World,en,2017-12-21
454293,False,Night School,en,2018-09-27
11078,False,National Security,en,2003-01-17
382517,False,Open Season: Scared Silly,en,2015-12-18
872712,False,Rush: Cinema Strangiato - R40+ Director's Cut,en,2021-09-09
14636,False,The Condemned,en,2007-04-27
1105602,False,새엄마는 열아홉,ko,2020-12-20
1059703,False,VÍRUS,en,2022-12-09
987686,False,A Family Affair,en,2024-06-27
2179,False,Tenacious D in The Pick of Destiny,en,2006-11-22
779816,False,White Bird,en,2023-10-25
1537,False,Changing Lanes,en,2002-04-07
103332,False,Ruby Sparks,en,2012-07-25
10985,False,The New Guy,en,2002-05-10
2099,False,Raw Deal,en,1986-06-06
295693,False,The Boss Baby,en,2017-03-23
256040,False,బాహుబలి:ద బిగినింగ్,te,2015-07-10
911835,False,숙모,ko,2021-07-28
11888,False,Snow Dogs,en,2002-01-18
1366906,False,The Gates,en,2026-03-13
242512,False,Ouija,en,2014-10-24
221,False,Rebel Without a Cause,en,1955-10-27
556984,False,The Trial of the Chicago 7,en,2020-09-25
347201,False,BORUTO -NARUTO THE MOVIE-,ja,2015-08-07
520023,False,Bodies Bodies Bodies,en,2022-08-05
17898,False,Silver Bullet,en,1985-10-10
1000413,False,炉火正红,zh,1962-01-01
246741,False,What We Do in the Shadows,en,2014-06-19
929563,False,Big City Greens the Movie: Spacecation,en,2024-06-06
5680,False,Elvira: Mistress of the Dark,en,1988-09-30
9558,False,King of New York,en,1990-07-18
109421,False,Side Effects,en,2013-02-07
459910,False,Braven,en,2018-02-01
518244,False,Scandalous Sex,en,2004-01-01
16270,False,Career Opportunities,en,1991-03-29
390845,False,맛있는 비행,ko,2015-11-01
1257633,False,L’espera,ca,2022-07-01
23631,False,Machete,en,2010-09-01
81481,False,도가니,ko,2011-09-22
6644,False,El Dorado,en,1966-12-17
664469,False,Amsterdam,en,2022-09-27
1738909,False,Mohlat,en,1998-11-13
10021,False,The Secret of My Success,en,1987-04-10
690930,False,A Stay,en,2018-08-31
336000,False,The Glass Castle,en,2017-08-11
1040,False,Il gattopardo,it,1963-03-27
576784,False,Конёк-Горбунок,ru,2021-02-18
1572073,False,The Deadly Little Mermaid,en,2026-03-06
1572073,False,The Deadly Little Mermaid,en,2026-03-06
500840,False,I'm Thinking of Ending Things,en,2020-08-28
1076446,False,Kodama,en,2023-03-11
1738068,False,REENCUENTRO REENCARNADO,es,2026-06-21
10908,False,Inferno,en,1999-09-25
1392501,False,Lamas,tl,2024-12-17
760873,False,Tides,de,2021-08-26
239529,False,ルパン三世VS名探偵コナン THE MOVIE,ja,2013-12-07
974250,False,Greedy People,en,2024-08-23
594151,False,Le pays,fr,2019-04-08
437899,False,Cápsulas,en,2012-02-17
8409,False,A Man Apart,en,2003-04-04
12448,False,The Hunchback of Notre Dame II,en,2002-02-06
11864,False,Enemy Mine,en,1985-12-12
64807,False,Grudge Match,en,2013-12-25
15515,False,The 7th Voyage of Sinbad,en,1958-12-05
23759,False,Centurion,en,2010-02-15
10303,False,The Jewel of the Nile,en,1985-08-01
13455,False,Push,en,2009-02-04
1101010,False,Superhéroe,es,2016-01-01
1278162,False,พนอ,th,2025-01-16
37645,False,L'Immortel,fr,2010-03-23
339877,False,Loving Vincent,en,2017-06-22
13836,False,Race to Witch Mountain,en,2009-03-13
440339,False,A kékszakállú herceg vára,en,1981-01-01
10249,False,The Rocketeer,en,1991-06-21
50456,False,Hanna,en,2011-04-07
9396,False,Crocodile Dundee II,en,1988-05-19
349092,False,いんらん家族　義母の寝室,ja,1991-01-12
289720,False,Outcast,en,2014-09-26
14817,False,Good Burger,en,1997-07-25
171763,False,Ruta de la luna,es,2012-08-25
1341422,False,Gli occhi degli altri,it,2026-03-19
18215,False,Boxing Helena,en,1993-03-22
4550,False,친절한 금자씨,ko,2005-07-29
1732182,False,Heartbreak Island,en,2025-11-01
357057,False,El adiós,es,2015-09-13
10529,False,Outlander,en,2008-04-24
111083,False,El cuerpo,es,2012-12-21
551,False,The Poseidon Adventure,en,1972-12-01
111083,False,El cuerpo,es,2012-12-21
551,False,The Poseidon Adventure,en,1972-12-01
1732537,False,Mr Millennium,en,2021-01-01
13673,False,Christmas with the Kranks,en,2004-11-24
264999,False,Magic Mike XXL,en,2015-07-01
14362,False,Out for Justice,en,1991-04-12
959429,False,Lonely Planet,en,2024-10-10
172760,False,特區愛奴,cn,1992-01-01
1483525,False,가능한 사랑,ko,2026-09-23
11521,False,Little Man Tate,en,1991-09-06
1171345,False,2대1 출장마사지 2,ko,2023-06-07
91118,False,Tiga Abdul,ms,1964-04-22
869626,False,Marcel the Shell with Shoes On,en,2022-06-24
800345,False,카터,ko,2022-08-05
10364,False,Catch-22,en,1970-06-24
294682,False,リトル・フォレスト 夏・秋,ja,2014-08-30
82650,False,Diary of a Wimpy Kid: Dog Days,en,2012-08-02
894169,False,Vendetta,en,2022-05-17
70410,False,La Femme publique,fr,1984-06-16
59965,False,Abduction,en,2011-09-22
1226120,False,Jadi bikin?,en,2021-12-18
107501,False,Tarsan Kota,id,1974-09-04
11398,False,The Art of War,en,2000-08-25
1196656,False,Sugar Baby,tl,2023-11-24
1729766,False,Lorong Hidup,en,2022-01-01
62215,False,Melancholia,en,2011-03-16
9357,False,One Hour Photo,en,2002-08-21
1151534,False,Nowhere,es,2023-09-29
1588,False,Bring It On,en,2000-08-25
429469,False,Velha Casa,pt,2016-12-18
10131,False,A Nightmare on Elm Street 4: The Dream Master,en,1988-08-19
700548,False,내 학생의 엄마 4,ko,2019-10-11
11887,False,High School Musical 3: Senior Year,en,2008-10-11
454603,False,Tokaji aszú,hu,1941-02-14
1204892,False,Picture This,en,2025-03-05
131219,False,"Nyugattól keletre, avagy a média diszkrét bája",hu,1994-03-03
891,False,All the President's Men,en,1976-04-09
848123,False,Black Site,en,2022-05-05
41498,False,ONE PIECE FILM STRONG WORLD,ja,2009-12-12
11536,False,The Misfits,en,1961-02-01
192690,False,Act Naturally,en,2011-03-22
1412113,False,오징어 게임: 시즌2 제작 이야기,ko,2025-01-02
18835,False,Private School,en,1983-06-29
310593,False,Youth – La giovinezza,it,2015-05-20
263737,False,நாம்,ta,1953-03-02
23202,False,Trick 'r Treat,en,2007-12-09
1340110,False,Redux Redux,en,2025-12-28
784130,False,La nuit aux amants,fr,2021-12-16
2749,False,15 Minutes,en,2001-03-01
9703,False,The Last Legion,en,2007-04-19
10447,False,No Escape,en,1994-04-29
827931,False,Time Cut,en,2024-10-29
15357,False,Banlieue 13 - Ultimatum,fr,2009-02-18
10539,False,James and the Giant Peach,en,1996-04-12
11654,False,The Hunger,en,1983-04-29
1168719,False,Silent Friend,de,2026-01-15
11587,False,The Exorcist III,en,1990-08-17
625505,False,Maldita Lembrança,pt,2016-06-23
22897,False,It's Complicated,en,2009-12-23
1709713,False,Pink Ozs,en,2026-06-13
1672,False,Le Professionnel,fr,1981-10-21
770254,False,Back to the Outback,en,2021-12-03
398222,False,용주골,ko,2015-11-19
11335,False,Popeye,en,1980-12-12
821881,False,The Swimmers,en,2022-09-08
249164,False,If I Stay,en,2014-08-21
7553,False,Waiting...,en,2005-10-07
4929,False,Hang 'em High,en,1968-04-12
369557,False,Sing Street,en,2016-03-11
1737477,False,Steady,en,2024-07-23
9730,False,Friday the 13th: The Final Chapter,en,1984-04-13
222936,False,Aloha,en,2015-05-29
389053,False,The Do-Over,en,2016-05-27
8346,False,My Big Fat Greek Wedding,en,2002-04-19
451997,False,불한당: 나쁜 놈들의 세상,ko,2017-05-17
1429488,False,abantesma,pt,2024-12-09
1207077,False,Elisa,es,2023-10-07
34806,False,The Back-Up Plan,en,2010-04-23
1715820,False,Ghost Story,en,
4551,False,Be Cool,en,2005-03-04
1207077,False,Elisa,es,2023-10-07
34806,False,The Back-Up Plan,en,2010-04-23
1715820,False,Ghost Story,en,
4551,False,Be Cool,en,2005-03-04
232,False,Rumble Fish,en,1983-10-09
1007501,False,فلان,ar,2012-11-01
1139195,False,ଲାଗିଲା ରଙ୍ଗ ଗୋଲାପି ଗୋଲାପି,or,2023-06-09
1736830,False,EQUILIBRIVM II,pt,2026-07-23
76489,False,The Three Stooges,en,2012-04-13
1245347,False,Twinless,en,2025-09-04
760883,False,Blood Red Sky,de,2021-07-23
1057368,False,The Sessions,es,2020-11-17
401561,False,Mom and Dad,en,2018-01-19
963,False,The Maltese Falcon,en,1941-10-18
8054,False,The Imaginarium of Doctor Parnassus,en,2009-10-01
565028,False,Candyman,en,2021-08-25
723234,False,Papá,es,2019-12-04
1624564,False,Libang Libu,ms,2026-04-23
1051,False,The French Connection,en,1971-10-09
16318,False,색즉시공,ko,2002-12-12
108072,False,Delitto carnale,it,1983-04-05
1496061,False,Polvo Livre,pt,2025-06-10
16000,False,Ben 10: Race Against Time,en,2008-02-11
946848,False,"Прощавай, кіно!",uk,1995-06-01
6073,False,The Mexican,en,2001-03-01
19457,False,The Yards,en,2000-04-27
996154,False,Black Lotus,en,2023-04-12
525661,False,Bombshell,en,2019-12-13
1160018,False,KILL,hi,2024-07-03
68335,False,Now & Later,en,2009-02-18
9918,False,Glory Road,en,2006-01-13
1003154,False,Поки тут тихо,uk,2022-08-15
1739592,False,სოლო სალამურისათვის,ka,1975-01-01
1473024,False,情窦初开,cn,1967-11-16
311438,False,Christmas Oratorio,en,2012-12-20
1474048,False,LUPIN THE IIIRD 銭形と2人のルパン,ja,2025-06-20
476926,False,The Titan,en,2018-03-30
257094,False,Holland,en,2025-03-09
10363,False,Plein soleil,fr,1960-03-10
1315044,False,女僵尸,zh,1941-01-01
1315044,False,女僵尸,zh,1941-01-01
1381071,False,ゴジラ-0.0,ja,2026-11-03
632920,False,La bruja del fósforo paseante,es,2018-10-01
518068,False,신과함께-인과 연,ko,2018-08-01
1740090,False,Lazarus,en,2026-08-01
380723,False,Պեպո,hy,1935-06-15
13477,False,When in Rome,en,2010-01-29
1735545,False,The Immortal,en,
10592,False,Hart's War,en,2002-02-15
1033254,False,Combate Global 55: Súper Clásico Part II,en,2022-10-07
407451,False,A Wrinkle in Time,en,2018-03-08
10510,False,Miracle on 34th Street,en,1994-11-18
9607,False,Super Mario Bros.,en,1993-05-28
1850,False,Man on the Moon,en,1999-12-22
491480,False,The Boy Who Harnessed the Wind,en,2019-02-14
3595,False,Ransom,en,1996-11-08
483074,False,霓虹灯下的哨兵,zh,1964-10-23
3132,False,Bad Company,en,2002-06-07
274479,False,Joy,en,2015-12-24
1739311,False,Drachenfangen,de,2026-05-29
1428862,False,Cortafuego,es,2026-02-19
11232,False,Kate & Leopold,en,2001-12-25
1575136,False,Nan Ginen,en,2025-11-01
86837,False,Amour,fr,2012-09-20
17466,False,Death Warrant,en,1990-09-14
1049638,False,Rye Lane,en,2023-03-17
923939,False,The Wonderful Story of Henry Sugar,en,2023-09-20
487680,False,The Kitchen,en,2019-08-08
663637,False,El Gran Vairitosky,es,2014-09-11
1781,False,An Inconvenient Truth,en,2006-05-24
718838,False,Mothering Sunday,en,2021-11-12
11829,False,...continuavano a chiamarlo Trinità,it,1971-10-21
406761,False,Hotel Artemis,en,2018-06-07
10226,False,Haute Tension,fr,2003-06-18
14191,False,Aquamarine,en,2006-03-03
263742,False,அந்தமான்  கைதி,ta,1952-03-13
644538,False,Thành Phố Ngủ Gật,vi,2019-11-21
595586,False,Causeway,en,2022-10-28
1378534,False,Aparição,pt,2024-10-27
8386,False,How High,en,2001-12-21
1378534,False,Aparição,pt,2024-10-27
8386,False,How High,en,2001-12-21
434468,False,António Um Dois Três,pt,2019-03-28
2755,False,About Schmidt,en,2002-12-12
1169537,False,बटवारा १९४७,hi,2026-08-13
11977,False,Caddyshack,en,1980-07-25
63492,False,What's Your Number?,en,2011-09-30
11034,False,The Great Gatsby,en,1974-03-27
1451867,False,Ghost Elephants,en,2026-02-27
9407,False,Red Corner,en,1997-10-30
1658653,False,消失的人,zh,2026-05-01
962,False,The Gold Rush,en,1925-07-13
312199,False,禁忌游戏之迷藏,zh,2013-10-11
2163,False,Breakdown,en,1997-05-02
1103995,False,ନାରୀ ନୁହେଁ ତୁ ଅର୍ଦ୍ଧନାରୀ,or,2023-03-24
11893,False,Runaway Train,en,1985-11-15
1077280,False,Die Hart,en,2023-02-22
132344,False,Before Midnight,en,2013-04-05
39108,False,ドラゴンボールZ 龍拳爆発!!悟空がやらねば誰がやる,ja,1995-07-15
287193,False,Chuyện tử tế,vi,1987-10-01
452970,False,劇場版 マジンガーZ ／ INFINITY,ja,2017-10-27
14564,False,Rings,en,2017-02-01
9948,False,The Fox and the Hound 2,en,2006-11-09
419116,False,러시아 엄마,ko,2016-07-28
11509,False,Silverado,en,1985-07-10
1172676,False,Poison,en,2023-09-29
1294809,False,Я виноват 2,ru,2001-10-09
1588860,False,Happy Ending,tl,2025-12-30
226,False,Boys Don't Cry,en,1999-09-02
828613,False,About Fate,en,2022-09-08
2332,False,Taxi 2,fr,2000-03-25
8975,False,The Marine,en,2006-10-13
259694,False,How to Be Single,en,2016-02-08
27585,False,Rabbit Hole,en,2010-12-16
1128846,False,Good Boy,en,2023-06-22
654754,False,Billie Eilish: The World's a Little Blurry,en,2021-02-26
533444,False,Waves,en,2019-11-15
317637,False,萬水千山,zh,1959-09-25
852257,False,Saat Lakh,ur,1957-10-11
13466,False,October Sky,en,1999-02-19
11439,False,The Ghost Writer,en,2010-02-12
1302822,False,Legale wiet,nl,2021-12-06
11086,False,The Majestic,en,2001-12-21
457136,False,Mary Queen of Scots,en,2018-12-07
452832,False,Serenity,en,2019-01-24
22244,False,Society,en,1990-03-30
758866,False,ドライブ・マイ・カー,ja,2021-08-18
23488,False,Dorian Gray,en,2009-09-09
11520,False,Grumpy Old Men,en,1993-12-25
921636,False,The Out-Laws,en,2023-07-07
615643,False,Minari,en,2021-02-12
15301,False,Twilight Zone: The Movie,en,1983-06-24
1523667,False,69,tl,2025-08-22
419743,False,Disobedience,en,2018-04-24
52795,False,映画ドラえもん のび太の新魔界大冒険 〜7人の魔法使い〜,ja,2007-03-10
5137,False,Sky Captain and the World of Tomorrow,en,2004-09-17
18148,False,東京物語,ja,1953-11-03
822653,False,劇場版 魔法少女まどか☆マギカ〈ワルプルギスの廻天〉,ja,2026-08-28
10489,False,Cujo,en,1983-08-10
891621,False,Wild Horse Nine,en,2026-11-04
1073383,False,清宫性史4之神医妙药,zh,2002-01-01
9359,False,Maverick,en,1994-05-20
651,False,M*A*S*H,en,1970-02-18
1045938,False,G20,en,2025-04-10
2239,False,Hallam Foe,en,2007-08-30
1364608,False,Anemone,en,2025-10-02
1121070,False,Supermarket Affairs,en,2023-02-05
10283,False,Friday the 13th Part VIII: Jason Takes Manhattan,en,1989-07-28
1576198,False,Madulas,en,2025-11-14
1367575,False,A Line of Fire,en,2025-04-05
1497843,False,风尘女郎,zh,1975-01-01
11134,False,警察故事 III：超級警察,cn,1992-07-04
726684,False,"Miraculous World : Shanghai, la légende de Ladydragon",fr,2021-05-15
15417,False,Every Which Way but Loose,en,1978-12-16
1245833,False,Lumen - Акустика (Концерт в центре им. Вс. Мейерхольда),ru,2014-09-05
702525,False,Bigfoot Family,en,2020-07-23
28118,False,The Gruffalo,en,2009-12-25
433501,False,City of Lies,en,2018-09-06
27064,False,Mishima: A Life in Four Chapters,ja,1985-09-20
1600661,False,Fuego terciopelo,es,2026-06-21
345914,False,The House,en,2017-06-29
1658217,False,Sawsawan,tl,2026-04-10
597922,False,The Greatest Beer Run Ever,en,2022-09-23
792471,False,相约在凤尾竹下,zh,1984-10-01
842934,False,Poker Face,en,2022-11-16
339984,False,Miracles from Heaven,en,2016-03-17
6341,False,Blue Thunder,en,1983-02-05
1623617,False,S!CKO,cn,2025-05-16
1551,False,Flatliners,en,1990-08-10
20770,False,But I'm a Cheerleader,en,2000-07-07
758679,False,Mothers' Instinct,en,2024-01-11
1737563,False,Scammer,en,2021-01-01
1476740,False,Influencers,en,2025-07-26
345920,False,Collateral Beauty,en,2016-12-15
1138515,False,Jalan Pulang,id,2017-01-07
721983,False,Passeio Noturno,pt,2015-11-21
8850,False,The Shadow,en,1994-07-01
12531,False,L'Appartement,fr,1996-07-27
9788,False,Accepted,en,2006-08-18
204208,False,ოთარაანთ ქვრივი,ka,1957-07-06
204208,False,ოთარაანთ ქვრივი,ka,1957-07-06
52212,False,Miranda,it,1985-10-15
15356,False,The Girl Next Door,en,2007-07-19
4961,False,Mimic,en,1997-08-22
1048979,False,Paranoia Pop: El Musical,es,2020-10-29
14035,False,Meatballs,en,1979-06-28
1407861,False,The Bayou,en,2025-01-31
136753,False,Mùi cỏ cháy,vi,2012-04-24
849266,False,Punga (Guajuru),en,2022-08-02
810171,False,The Valet,en,2022-05-11
109443,False,Anchorman 2: The Legend Continues,en,2013-12-18
29926,False,Dead Boyz Don't Scream,en,2006-11-02
10015,False,Heartbreak Ridge,en,1986-12-05
454294,False,The Kid Who Would Be King,en,2019-01-16
6312,False,Le Pacte des loups,fr,2001-01-31
18892,False,Jawbreaker,en,1999-01-30
127984,False,Dad,az,1984-01-01
10172,False,Are We Done Yet?,en,2007-04-04
424711,False,Le calde notti di Poppea,it,1969-01-01
555285,False,"Are You There God? It's Me, Margaret.",en,2023-03-29
10172,False,Are We Done Yet?,en,2007-04-04
424711,False,Le calde notti di Poppea,it,1969-01-01
555285,False,"Are You There God? It's Me, Margaret.",en,2023-03-29
961484,False,Last Seen Alive,en,2022-05-12
940139,False,Here,en,2024-10-30
134375,False,Home Alone: The Holiday Heist,en,2012-12-03
526051,False,Look Away,en,2018-10-12
437068,False,택시운전사,ko,2017-08-02
1373445,False,V/H/S/Halloween,en,2025-09-19
636303,False,Los Fabulosos Cadillacs: La luz del ritmo,es,2008-01-01
1739671,False,Juk.,en,2026-05-02
425148,False,Show Dogs,en,2018-05-18
9663,False,Starman,en,1984-12-13
862551,False,Me Time,en,2022-08-26
10669,False,Deliverance,en,1972-08-18
354279,False,Charming,en,2018-03-26
9824,False,Mystery Men,en,1999-08-06
249,False,The War of the Roses,en,1989-12-08
176379,False,Банда батьки Кныша,ru,1924-05-29
10199,False,The Tale of Despereaux,en,2008-12-18
461846,False,야한누나들,ko,2016-01-01
57431,False,The Sitter,en,2011-12-09
458740,False,Dias de Trovão,pt,2015-08-28
9385,False,Les 12 travaux d'Astérix,fr,1976-06-26
1577,False,Resident Evil: Apocalypse,en,2004-09-10
533256,False,"Око за око, газ за газ",ru,1925-01-25
4566,False,Michael Clayton,en,2007-09-28
71859,False,We Need to Talk About Kevin,en,2011-09-28
299819,False,Cô gái trên sông,vi,1987-04-01
8987,False,The River Wild,en,1994-09-30
33909,False,Wall Street: Money Never Sleeps,en,2010-09-20
37786,False,Sex and the City 2,en,2010-05-26
567354,False,conversa de telefone,pt,2021-09-25
959604,False,L'Amour ouf,fr,2024-10-16
44865,False,一代宗師,zh,2013-01-10
9762,False,Step Up,en,2006-08-11
9040,False,Serpico,en,1973-12-18
17835,False,Threads,en,1984-09-23
306947,False,The Invitation,en,2016-04-08
1738664,False,Jasur,uz,2012-01-10
13283,False,Barbie as the Island Princess,en,2007-09-17
1590846,False,V. Shantaram,hi,2026-11-18
10423,False,Dragon: The Bruce Lee Story,en,1993-05-07
1642,False,The Net,en,1995-07-28
5511,False,Le Samouraï,fr,1967-10-25
538438,False,El pozo,es,2016-01-01
1693442,False,Monay,tl,2026-05-22
1480,False,Touch of Evil,en,1958-03-30
449985,False,Triple Threat,en,2019-03-19
10326,False,Forever Young,en,1992-12-16
1141182,False,Die Alone,en,2024-09-27
10413,False,Nowhere to Run,en,1993-01-15
709089,False,Billy Blennis,pt,2018-06-12
1740374,False,Baitee,ur,1964-07-31
1737371,False,Haunted Henry,en,2025-10-26
1515899,False,Billie Eilish - Hit Me Hard and Soft: The Tour (Live in 3D),en,2026-05-06
253350,False,La cugina,it,1974-07-26
1312867,False,Backrider,tl,2024-08-13
1046090,False,周處除三害,zh,2023-10-06
12160,False,Wyatt Earp,en,1994-06-24
1312867,False,Backrider,tl,2024-08-13
1046090,False,周處除三害,zh,2023-10-06
12160,False,Wyatt Earp,en,1994-06-24
390054,False,Sand Castle,en,2017-04-21
318781,False,Colonia Dignidad – Es gibt kein Zurück,de,2016-02-12
944401,False,Dogman,fr,2023-09-27
1305715,False,过家家,zh,2026-01-01
1399525,False,Rose of Nevada,en,2026-04-24
1249289,False,Alarum,en,2025-01-16
1148713,False,El correo,es,2024-01-19
744746,False,Caveat,en,2021-10-20
8880,False,Che: Part Two,en,2008-12-12
9433,False,The Edge,en,1997-09-06
569896,False,相思女子客店,zh,1985-01-01
783534,False,Vào Đời,vi,2021-01-20
378018,False,The Void,en,2016-09-22
2517,False,誰も知らない,ja,2004-08-07
13009,False,Zombie Strippers!,en,2008-04-18
994108,False,All of Us Strangers,en,2023-12-22
922,False,Dead Man,en,1995-12-23
394291,False,Capítulo 66,es,1994-03-01
30018,False,마더,ko,2009-05-28
15854,False,Kung Fu Panda: Secrets of the Furious Five,en,2008-11-08
180863,False,T2 Trainspotting,en,2017-01-27
567646,False,극한직업,ko,2019-01-23
567797,False,The Dry,en,2021-01-01
1540867,False,SAQUON,en,2025-10-09
39103,False,ドラゴンボールZ 激突!!100億パワーの戦士たち,ja,1992-03-07
184346,False,Deliver Us from Evil,en,2014-07-01
483390,False,Tarp Savęs,lt,2016-10-13
1102400,False,Лимерівна,uk,1955-08-21
534171,False,동창회의 목적 2,ko,2017-08-31
1129141,False,Habitación 23,es,2005-01-01
436279,False,Az állampolgár,hu,2017-01-26
605886,False,To Catch a Killer,en,2023-04-06
51482,False,DEATH NOTE リライト ～幻視する神～,ja,2007-08-31
34480,False,The Descent: Part 2,en,2009-10-14
429300,False,Adrift,en,2018-05-31
1083472,False,Miss Nothing,en,2020-09-01
277547,False,Playing It Cool,en,2014-09-26
18501,False,Gamer,en,2009-09-03
972230,False,Maybe I Do,en,2023-01-27
23048,False,Hot Tub Time Machine,en,2010-03-26
53445,False,The Unloved,en,2009-05-17
241254,False,The Prince,en,2014-08-22
11576,False,"It's a Mad, Mad, Mad, Mad World",en,1963-11-07
10073,False,Date Movie,en,2006-02-17
855095,False,The Righteous,es,2024-07-04
6217,False,Cat People,en,1982-04-02
451228,False,Com o Terceiro Olho na Terra da Profanação,pt,2017-03-29
13155,False,Return to Oz,en,1985-06-21
4255,False,The Party at Kitty and Stud's,en,1970-02-10
9021,False,The Santa Clause 2,en,2002-09-29
309886,False,Blood Father,fr,2016-08-11
497036,False,Les Grecs,fr,2006-04-21
290764,False,Tracers,en,2015-01-15
1310568,False,Murder at the Embassy,en,2025-11-14
293646,False,The 33,en,2015-08-06
1382406,False,惊天大营救,zh,2024-12-05
1122403,False,ମଥାରେ ଦେଇ ପାଟ ଓଢ଼ଣୀ,or,2011-12-31
1310568,False,Murder at the Embassy,en,2025-11-14
293646,False,The 33,en,2015-08-06
1382406,False,惊天大营救,zh,2024-12-05
1122403,False,ମଥାରେ ଦେଇ ପାଟ ଓଢ଼ଣୀ,or,2011-12-31
18126,False,Hannah Montana: The Movie,en,2009-04-10
16353,False,องค์บาก 2,th,2008-12-04
1738606,False,OODA,en,
791,False,The Fog,en,2005-10-14
4518,False,Elizabeth,en,1998-09-13
431071,False,Mad Families,en,2017-01-12
912,False,The Thomas Crown Affair,en,1968-06-26
75629,False,ヱヴァンゲリヲン新劇場版:Q,ja,2012-11-17
7304,False,Running Scared,en,2006-01-06
1738856,False,FC Barcelona's US Tour 2017: The Movie,es,2017-08-05
763633,False,"처제는, 처제와, 처제의...",ko,2019-01-01
169209,False,Empire State,en,2013-09-03
10628,False,Kangaroo Jack,en,2003-01-17
340945,False,USS Indianapolis: Men of Courage,en,2016-09-22
10074,False,Hot Rod,en,2007-08-03
910393,False,Nouzdah,fa,2021-06-01
1663082,False,The Last Supper,en,2025-10-23
432573,False,Al-hilm,ar,2005-09-01
479,False,Shaft,en,2000-06-15
419446,False,Sangre en la boca,es,2016-08-25
523139,False,In the Tall Grass,en,2019-09-20
14249,False,Revenge,en,1990-02-16
1154538,False,Nirvanna the Band the Show the Movie,en,2026-02-02
226857,False,Endless Love,en,2014-02-12
1631821,False,Pinball,en,2026-03-06
244506,False,Camp X-Ray,en,2014-10-17
343674,False,Gerald's Game,en,2017-09-29
417830,False,Diary of a Wimpy Kid: The Long Haul,en,2017-05-19
387732,False,Mujeres infieles 2,es,2003-03-14
854663,False,O형수박가슴가정부,ko,2021-01-08
15016,False,Barbie of Swan Lake,en,2003-09-27
1579528,False,Moon Child,fr,
1738895,False,Asian Tour 2025: The Movie,es,2025-08-11
64720,False,Take Shelter,en,2011-09-30
6972,False,Australia,en,2008-11-18
606234,False,Archive,en,2020-08-13
64720,False,Take Shelter,en,2011-09-30
6972,False,Australia,en,2008-11-18
606234,False,Archive,en,2020-08-13
152747,False,All Is Lost,en,2013-08-23
20762,False,The Substitute,en,1996-04-19
535581,False,The Dead Don't Die,en,2019-05-15
80389,False,Get the Gringo,en,2012-03-15
19976,False,Les Anges exterminateurs,fr,2006-09-13
1049,False,Sommersby,en,1993-02-05
154,False,Star Trek II: The Wrath of Khan,en,1982-06-04
694282,False,El Pacto,en,2015-07-01
12088,False,Fortress,en,1992-12-18
16296,False,Killer Klowns from Outer Space,en,1988-05-27
701952,False,여친 엄마2,ko,2018-08-30
350312,False,బాహుబలి 2: ది కన్ క్లూజన్,te,2017-04-27
576,False,The Wild Bunch,en,1969-06-19
9641,False,Cheaper by the Dozen 2,en,2005-12-21
366672,False,Paws of Fury: The Legend of Hank,en,2022-07-14
44729,False,ワンピース the movie オマツリ男爵と秘密の島,ja,2005-03-05
2001,False,We Own the Night,en,2007-10-12
425174,False,Господа Скотинины,ru,1927-01-10
1117898,False,The Cat in the Hat,en,2026-09-18
724934,False,এই ঘর এই সংসার,bn,1996-04-05
760204,False,The Lair,en,2022-10-28
109,False,Trois couleurs : Blanc,fr,1994-01-26
27154,False,해피 엔드,ko,1999-12-11
2768,False,American Gigolo,en,1980-02-01
474412,False,사촌여동생,ko,2017-07-12
15139,False,The Pagemaster,en,1994-11-23
1207123,False,白蛇3：浮生,zh,2024-07-30
35030,False,La joven,en,1960-09-05
1078401,False,豬八戒救美大戰金錢豹,zh,1959-10-30
28808,False,名探偵コナン 世紀末の魔術師,ja,1999-04-17
332411,False,I Am Wrath,en,2016-04-14
1551070,False,Closing Act,en,2025-10-14
3536,False,U-571,en,2000-04-20
351938,False,Nevermore - Três Pesadelos e Um Delírio de Edgar Allan Poe,pt,2011-06-10
416148,False,Rocco,fr,2016-11-30
878677,False,O Nascimento,pt,2009-01-01
12309,False,Bachelor Party,en,1984-06-29
416148,False,Rocco,fr,2016-11-30
878677,False,O Nascimento,pt,2009-01-01
12309,False,Bachelor Party,en,1984-06-29
12227,False,White Fang,en,1991-01-18
1462791,False,Проданий апетит,uk,1928-03-05
1172674,False,The Rat Catcher,en,2023-09-28
458083,False,탐하다: 욕망의 섬,ko,2017-05-04
69668,False,Dream House,en,2011-09-29
1716842,False,Latina,tl,2026-06-19
1722197,False,V4.04,fr,
696021,False,여친 언니 2,ko,2020-01-09
9763,False,Goal!,en,2005-09-29
1694,False,Re-Animator,en,1985-10-18
475210,False,How It Ends,en,2018-07-13
20676,False,Deep Cover,en,1992-04-15
200505,False,Draft Day,en,2014-04-11
38319,False,Your Highness,en,2011-04-08
11400,False,The New World,en,2005-12-25
943134,False,Le Règne animal,fr,2023-10-04
1215918,False,Blackwater Lane,en,2024-06-21
890216,False,Pacífico,es,2026-07-08
1234000,False,시아버지를 농락한 며느리,ko,2023-02-03
10281,False,Friday the 13th Part VII - The New Blood,en,1988-05-13
526811,False,Passion simple,fr,2021-01-14
27573,False,The Bounty Hunter,en,2010-03-16
39105,False,ドラゴンボールZ 銀河ギリギリ!! ぶっちぎりの凄い奴,ja,1993-07-10
782206,False,Զանգեզուր,hy,1938-05-23
915523,False,Wildflower,en,2023-03-17
1071639,False,平野と鍵浦,ja,2023-02-17
482617,False,내 여자의 엄마,ko,2016-05-18
329058,False,Boi Aruá,pt,1985-12-04
14030,False,"Hello, Dolly!",en,1969-12-12
9447,False,Babe: Pig in the City,en,1998-11-25
428449,False,A Ghost Story,en,2017-04-24
71670,False,Hostel: Part III,en,2011-12-22
400106,False,Bright,en,2017-12-22
47931,False,Tropa de Elite 2,pt,2010-10-08
100241,False,"I, Frankenstein",en,2014-01-22
1477166,False,Das Bose,es,2025-05-22
15764,False,Sophie's Choice,en,1982-12-08
100241,False,"I, Frankenstein",en,2014-01-22
1477166,False,Das Bose,es,2025-05-22
15764,False,Sophie's Choice,en,1982-12-08
1102493,False,Small Things Like These,en,2024-11-01
384677,False,Set It Up,en,2018-06-15
514968,False,Nagyi projekt,hu,2017-07-11
1730283,False,Sempurna Mencintaimu,en,2022-01-01
511322,False,The Good Liar,en,2019-11-08
1147710,False,하이재킹,ko,2024-06-21
757683,False,planetarian～雪圏球～,ja,2021-01-29
455236,False,Accident Man,en,2018-02-06
11258,False,Hard Rain,en,1998-01-16
921462,False,L'INVITÉE,fr,2020-04-09
254473,False,Brick Mansions,en,2014-04-22
10552,False,Cat's Eye,en,1985-04-12
94348,False,Alex Cross,en,2012-10-18
2637,False,The Mothman Prophecies,en,2002-01-25
766798,False,Madres paralelas,es,2021-10-08
1112915,False,ଧୋ'ରେ ବାବୁ ଧୋ',or,2023-04-14
808023,False,The Virtuoso,en,2021-04-30
14684,False,School Ties,en,1992-09-18
109410,False,42,en,2013-04-12
39107,False,ドラゴンボールZ 復活のフュージョン!! 悟空とベジータ,ja,1995-03-04
281606,False,桥,zh,1949-01-02
437,False,Cube 2: Hypercube,en,2002-04-15
369958,False,A Place to Call Home,en,1987-02-07
1366763,False,Cold Feet,en,2024-10-11
78698,False,Big Miracle,en,2012-02-02
675797,False,..و متى أنام ؟,ar,2020-03-16
262024,False,Coffea arábiga,es,1968-01-01
2788,False,Reality Bites,en,1994-02-18
526702,False,Black Beauty,en,2020-11-27
1192209,False,Arca de Noé,pt,2024-01-05
86838,False,Seven Psychopaths,en,2012-10-12
486832,False,Them That Follow,en,2019-08-02
176983,False,ONE PIECE FILM Z,ja,2012-12-15
144,False,Der Himmel über Berlin,de,1987-09-23
7735,False,Die Welle,de,2008-03-13
1072876,False,Self Reliance,en,2024-01-03
1631,False,Une vraie jeune fille,fr,1976-06-01
1215532,False,Hopper et le secret de la marmotte,en,2025-09-19
609313,False,Badlands,en,2019-06-15
9696,False,殺し屋1,ja,2001-12-22
8665,False,K-19: The Widowmaker,en,2002-07-19
535366,False,Jango,pt,2017-10-19
136911,False,The Factory,en,2012-10-20
1252428,False,狂蟒之灾,zh,2024-03-01
803,False,Nuit et Brouillard,fr,1956-05-22
8066,False,Stay,en,2005-09-24
183011,False,Justice League: The Flashpoint Paradox,en,2013-07-30
39486,False,Secretariat,en,2010-08-20
307977,False,Fuera Del Aire: La Película,es,2014-11-28
351339,False,Anthropoid,en,2016-08-12
20982,False,劇場版 NARUTO -ナルト- 疾風伝,ja,2007-08-04
1323678,False,Yesteryear,en,
25643,False,Love Happens,en,2009-09-18
12610,False,Osmosis Jones,en,2001-08-10
301804,False,Before I Wake,en,2016-04-07
10934,False,Under the Tuscan Sun,en,2003-09-20
16620,False,La Bamba,en,1987-07-24
301804,False,Before I Wake,en,2016-04-07
10934,False,Under the Tuscan Sun,en,2003-09-20
16620,False,La Bamba,en,1987-07-24
18329,False,春光乍洩,cn,1997-05-30
11128,False,Ladder 49,en,2004-10-01
10019,False,Mannequin,en,1987-02-13
463602,False,Slumber,en,2017-12-01
13151,False,Scooby-Doo on Zombie Island,en,1998-09-22
896536,False,The Legend of Ochi,en,2025-04-18
11880,False,Dog Soldiers,en,2002-05-10
1500099,False,Versa,en,2025-04-15
1452267,False,cocoon～ある夏の少女たちより～,ja,2026-09-04
844398,False,Shattered,en,2022-01-14
67120,False,满清禁宫奇案,cn,1994-02-10
1727761,False,عروسہ,ur,1993-05-14
110,False,Trois couleurs : Rouge,fr,1994-05-12
1215532,False,Hopper et le secret de la marmotte,en,2025-09-19
567342,False,Петр Великий,xx,1910-01-19
160588,False,Blue Jasmine,en,2013-08-01
10935,False,Heaven's Gate,en,1980-11-19
13812,False,Quarantine,en,2008-10-10
13655,False,Camp Rock,en,2008-06-20
1169516,False,Welcome to the Jungle,hi,2026-06-25
667739,False,The Man from Toronto,en,2022-12-23
16617,False,Mindhunters,en,2004-05-07
365427,False,Tropykaos,pt,2018-04-05
243683,False,Step Up All In,en,2014-07-15
1006407,False,五号机要员,zh,1984-06-01
15276,False,Barely Legal,en,2003-05-15
16808,False,劇場版ポケットモンスター アドバンスジェネレーション ポケモンレンジャーと蒼海の王子 マナフィ,ja,2006-07-15
17134,False,12 Rounds,en,2009-03-19
866463,False,Reptile,en,2023-09-29
11894,False,Curly Sue,en,1991-10-25
1432474,False,Nimrods,en,2026-08-06
697276,False,Remo Largo - Ein Leben für unsere Kinder,de,2015-12-01
344980,False,Ília,pt,2014-12-08
517909,False,The Laundromat,en,2019-09-27
26299,False,Clambake,en,1967-12-04
1569627,False,"Terry McMillan Presents: His, Hers & Ours",en,2025-10-01
285989,False,ராஜகுமாரி,ta,1947-04-11
722913,False,Malcolm & Marie,en,2021-01-29
14560,False,Paul Blart: Mall Cop,en,2009-01-15
1263421,False,範馬刃牙VSケンガンアシュラ,ja,2024-06-05
13363,False,The Man from Earth,en,2007-06-10
1734750,False,Studio Awie,en,2018-01-01
1739850,False,Elektrický nůž,cs,2000-04-10
439051,False,"Rosas no Céu, Milagres na Terra",pt,1955-06-09
652751,False,心泉,zh,1982-01-01
1100848,False,絶倫！透明変態人間 セカンド童貞と魔法の薬,ja,2016-09-02
1266791,False,Alter ego,fr,2026-03-04
9829,False,United 93,en,2006-04-28
291276,False,Unlocked,en,2017-04-27
1006846,False,谁戴这朵花,zh,1979-04-20
11006,False,Smokey and the Bandit,en,1977-05-27
1534336,False,El Mar,es,2025-09-05
143663,False,黒薔薇夫人,ja,1978-04-01
2900,False,The Astronaut's Wife,en,1999-08-27
712504,False,Na Imensidão dos Teus Olhos,pt,2018-11-25
1535695,False,El Túnel,es,2025-10-01
7090,False,Ken Park,en,2003-01-30
449992,False,The Night Comes For Us,id,2018-10-05
379,False,Miller's Crossing,en,1990-09-21
1371023,False,चाँद मेरा दिल,hi,2026-05-22
1081422,False,Kunwari Dulhan,hi,1991-01-01
10664,False,[REC]²,es,2009-09-15
1129598,False,Prey,en,2024-03-15
598285,False,Стриптиз и война,be,2019-04-12
118957,False,Bait,en,2012-09-05
228066,False,Victor Frankenstein,en,2015-11-10
1517868,False,Maddie's Secret,en,2026-06-19
10577,False,Dracula 2000,en,2000-12-22
9009,False,Dark Water,en,2005-07-08
1155089,False,Justice League: Crisis on Infinite Earths Part One,en,2024-01-08
374552,False,Retratos de Identificação,pt,2014-09-12
142061,False,"Batman: The Dark Knight Returns, Part 2",en,2013-01-03
739366,False,주부 딜러,ko,2020-08-27
485681,False,Bécassine,fr,1940-09-03
9058,False,Only You,en,1994-03-04
502682,False,Book Club,en,2018-05-18
10404,False,大红灯笼高高挂,zh,1991-12-18
10404,False,大红灯笼高高挂,zh,1991-12-18
481543,False,Drop Everything,en,2017-10-02
10028,False,Honey,en,2003-12-05
58244,False,Upside Down,en,2012-09-27
77663,False,Killing Season,en,2013-07-12
852363,False,18 모델 리카의 화려한 외출,ko,2020-09-28
460877,False,烽火少年,zh,1975-01-01
3489,False,88 Minutes,en,2007-02-14
548473,False,Color Out of Space,en,2020-01-24
415010,False,Les affamés,fr,2017-09-23
261421,False,बादल द्वार,hi,1994-09-28
534490,False,Avengement,en,2019-05-24
1142397,False,Robo Comercial,es,2023-06-16
24226,False,The Verdict,en,1982-12-08
568467,False,Ammonite,en,2020-11-13
2137,False,風雲：雄霸天下,zh,1998-07-18
8328,False,Step Up 2: The Streets,en,2008-02-14
1122381,False,ଏକା ଏକା,or,2011-12-31
60243,False,جدایی نادر از سیمین,fa,2011-02-15
10253,False,디 워,ko,2007-08-01
10253,False,디 워,ko,2007-08-01
400710,False,Flatliners,en,2017-09-28
54065,False,Bámbola,it,1996-09-01
18937,False,Quest for Camelot,en,1998-05-15
1079274,False,ନୀଳ ମାଷ୍ଟରାଣୀ,or,1996-12-30
10060,False,Get Rich or Die Tryin',en,2005-11-09
300681,False,Replicas,en,2018-10-25
333385,False,Mr. Right,en,2016-02-29
121986,False,Frances Ha,en,2013-05-17
9612,False,Coneheads,en,1993-07-23
11024,False,Scooby-Doo 2: Monsters Unleashed,en,2004-03-24
1167271,False,Weekend in Taipei,en,2024-09-19
8859,False,"Dude, Where's My Car?",en,2000-12-15
12775,False,Flesh + Blood,en,1985-08-30
573699,False,白蛇：缘起,zh,2019-01-11
1029235,False,Azrael,en,2024-09-27
1211472,False,September 5,en,2024-11-07
15856,False,House on Haunted Hill,en,1959-01-01
302156,False,Criminal,en,2016-04-07
9564,False,Astérix & Obélix contre César,fr,1999-02-03
878608,False,狂野时代,zh,2025-11-22
979588,False,متلازمة البطن المسطح,ar,2022-06-02
738652,False,Copshop,en,2021-09-09
6171,False,Dreamcatcher,en,2003-03-21
801937,False,"Silent Night, Deadly Night",en,2025-12-10
51533,False,让子弹飞,zh,2010-12-20
14405,False,Beverly Hills Chihuahua,en,2008-10-03
1087304,False,Почти как все,ru,2023-03-16
1032425,False,The Dead Don't Hurt,en,2024-05-01
414001,False,The Mercy,en,2018-02-09
1480382,False,صوت هند رجب,ar,2025-09-10
488,False,The African Queen,en,1952-01-07
58231,False,Mardi Gras: Spring Break,en,2011-09-23
400136,False,バイオハザード ヴェンデッタ,ja,2017-05-27
18487,False,The Taking of Pelham 1 2 3,en,2009-06-10
9585,False,Not Without My Daughter,en,1991-01-11
1739189,False,Крайний мёд,ru,2026-08-06
10027,False,Unleashed,en,2005-02-02
1495723,False,Metruk Adam,tr,2025-08-22
11003,False,The Wedding Singer,en,1998-02-13
1495723,False,Metruk Adam,tr,2025-08-22
11003,False,The Wedding Singer,en,1998-02-13
225914,False,Spider-Man,en,1977-09-14
687,False,Dead Man Walking,en,1995-12-29
881164,False,Boston Strangler,en,2023-03-16
638134,False,Pets United,en,2019-11-08
174772,False,Europa Report,en,2013-06-27
466508,False,В дни Октября,ru,1958-01-01
736483,False,We Are All Bad,it,2019-09-12
1137844,False,Mayday,en,2026-09-03
1327782,False,Sacha,es,2017-01-01
171424,False,The Green Inferno,en,2014-09-04
8998,False,Friends with Money,en,2006-04-07
1241755,False,TL,tl,2024-03-30
39324,False,ドラゴンボールZ 絶望への反抗!! 残された超戦士・悟飯とトランクス,ja,1993-02-24
16281,False,Creepshow,en,1982-11-10
11595,False,Another 48 Hrs.,en,1990-06-08
82525,False,Savages,en,2012-07-06
468224,False,Tolkien,en,2019-05-03
1589335,False,Noyoner Alo,bn,1982-03-25
82525,False,Savages,en,2012-07-06
468224,False,Tolkien,en,2019-05-03
1589335,False,Noyoner Alo,bn,1982-03-25
87567,False,The Big Wedding,en,2013-04-25
10161,False,My Left Foot: The Story of Christy Brown,en,1989-04-07
1727739,False,لیڈر,ur,1990-09-07
77985,False,Maria's Lovers,en,1984-07-15
11286,False,The Cannonball Run,en,1981-06-19
36728,False,劇場版 NARUTO -ナルト- 疾風伝 火の意志を継ぐ者,ja,2009-08-01
10633,False,In the Heat of the Night,en,1967-08-02
399173,False,The Assignment,en,2016-06-08
878348,False,A Busca do Eu e o Silêncio,pt,2021-09-09
9263,False,Now and Then,en,1995-10-20
398175,False,Brawl in Cell Block 99,en,2017-09-23
13920,False,Radio,en,2003-10-24
17610,False,Year One,en,2009-06-18
224598,False,ಸಿಂಪಲ್ ಆಗ್ ಒಂದ್ Love Story,kn,2013-09-28
13051,False,Max Payne,en,2008-10-15
10757,False,कभी ख़ुशी कभी ग़म,hi,2001-12-14
9431,False,Bordello of Blood,en,1996-08-16
13078,False,The Babysitters,en,2008-05-09
1306573,False,Estranhas Luzes,pt,2024-11-06
489925,False,Eighth Grade,en,2018-01-19
1511733,False,Anak Jerapah,id,2026-06-01
119892,False,西遊記之大鬧天宮,zh,2014-01-09
322921,False,镇海保卫战,zh,2013-01-01
14462,False,The Manchurian Candidate,en,2004-07-30
11948,False,戦場のメリークリスマス,ja,1983-05-28
520172,False,Happiest Season,en,2020-11-26
11431,False,Fever Pitch,en,2005-04-06
941294,False,Người tình,vi,2022-02-18
16672,False,砂の女,ja,1964-02-15
9427,False,The Full Monty,en,1997-08-13
609972,False,Paranormal Activity: Next of Kin,en,2021-10-29
304357,False,Woman in Gold,en,2015-03-20
476292,False,さよならの朝に約束の花をかざろう,ja,2018-02-24
48460,False,Vražda v hotelu Excelsior,cs,1971-10-08
8293,False,Howards End,en,1992-03-13
10956,False,Joe Dirt,en,2001-04-10
1492608,False,John Candy: I Like Me,en,2025-09-04
8293,False,Howards End,en,1992-03-13
10956,False,Joe Dirt,en,2001-04-10
1492608,False,John Candy: I Like Me,en,2025-09-04
585244,False,I Still Believe,en,2020-03-12
1290948,False,La cabaña,es,2024-12-29
1126720,False,Sıcak Yatak,tr,2021-11-04
723369,False,Sulev Nõmmik,et,1987-11-20
82990,False,Paranormal Activity 4,en,2012-10-17
1165369,False,La Bataille de Gaulle : J’écris ton nom,fr,2026-06-26
267,False,Carne trémula,es,1997-10-10
643586,False,Willy's Wonderland,en,2021-02-12
79137,False,Russell Howard: Right Here Right Now,en,2011-11-14
542224,False,Gretel & Hansel,en,2020-01-30
366962,False,Nehéz kesztyük,hu,1957-01-01
676547,False,Prey for the Devil,en,2022-10-23
1191876,False,From the Ashes,en,2027-06-01
454054,False,Кров,uk,2016-10-27
2155,False,Reindeer Games,en,2000-02-25
9322,False,Nikita,fr,1990-02-21
11524,False,Thief,en,1981-03-27
445629,False,Fighting with My Family,en,2019-02-14
9687,False,Keeping Mum,en,2005-12-02
254981,False,Tolerância,pt,2000-10-01
1156869,False,性迷宮,en,1994-01-01
996243,False,Dos y un Sueño,es,2022-07-05
401478,False,Death Race: Beyond Anarchy,en,2018-10-02
256924,False,Danny Collins,en,2015-03-19
2662,False,House of 1000 Corpses,en,2003-04-11
387843,False,정사: 위험한 성적유희,ko,2014-11-27
982745,False,Raiva,pt,2019-10-08
39013,False,Winter's Bone,en,2010-06-11
1065124,False,O mar também é seu,en,2023-01-25
1239146,False,Woody Woodpecker Goes to Camp,en,2024-04-12
9966,False,The Messengers,en,2007-02-02
800787,False,A Good Person,en,2023-03-23
930600,False,The Deliverance,en,2024-08-16
26388,False,Buried,en,2010-09-24
20856,False,Aliens in the Attic,en,2009-07-30
1847,False,The Long Goodbye,en,1973-03-08
7288,False,Duplex,en,2003-09-26
9966,False,The Messengers,en,2007-02-02
800787,False,A Good Person,en,2023-03-23
930600,False,The Deliverance,en,2024-08-16
26388,False,Buried,en,2010-09-24
20856,False,Aliens in the Attic,en,2009-07-30
1847,False,The Long Goodbye,en,1973-03-08
7288,False,Duplex,en,2003-09-26
543753,False,상류사회,ko,2018-08-29
359882,False,Inquisición y libertad,es,1982-01-01
14635,False,The Rookie,en,2002-03-25
1403040,False,UFC 312: Du Plessis vs. Strickland 2,en,2025-02-08
129139,False,The To Do List,en,2013-07-24
8617,False,Prom Night,en,2008-04-10
635731,False,Pig,en,2021-07-16
10951,False,玻璃樽,cn,1999-02-12
26736,False,Wizards of Waverly Place: The Movie,en,2009-08-28
935259,False,馬蘭花,zh,1961-02-01
1022690,False,Ricky Stanicky,en,2024-03-07
42888,False,How Do You Know,en,2010-12-17
20533,False,Jonah Hex,en,2010-06-18
254302,False,High-Rise,en,2015-11-22
14370,False,Real Genius,en,1985-08-07
38117,False,Beastly,en,2011-01-21
547341,False,Khi vắng bà,vi,1985-01-01
667257,False,Cosas imposibles,es,2021-06-17
106520,False,Buaya putih,id,1982-02-01
392301,False,"Adéu, Barcelona",ca,2016-05-27
1173347,False,Любовь навсегда,ru,2023-08-19
1015606,False,Obi-Wan Kenobi: A Jedi's Return,en,2022-09-07
1107216,False,Falcon Express,fr,2025-07-02
21519,False,A計劃,cn,1983-12-22
1284460,False,Alpha,fr,2025-08-20
7095,False,Jack,en,1996-08-09
13497,False,Drumline,en,2002-12-13
594328,False,Phineas and Ferb the Movie: Candace Against the Universe,en,2020-06-14
899739,False,Mentega Terbang,ms,2020-10-02
938092,False,다 받아주는 콜센터,ko,2021-10-05
12609,False,"Hjælp, jeg er en fisk",da,2000-10-06
10823,False,Children of the Corn,en,1984-03-09
42297,False,Burlesque,en,2010-11-23
5852,False,Angel Eyes,en,2001-05-18
1721769,False,Le labo,fr,2026-06-27
978796,False,Bagman,en,2024-09-20
5143,False,Hannah and Her Sisters,en,1986-02-07
989662,False,A Different Man,en,2024-08-24
1061990,False,シティーハンター,ja,2024-04-24
81773,False,Col cuore in gola,it,1967-11-16
505706,False,Der Goldene Handschuh,de,2019-02-21
342281,False,Une famille à louer,fr,2015-08-19
426934,False,Poseí2,es,2011-08-11
40164,False,Quiet Please!,en,1945-12-22
604605,False,HELLO WORLD,ja,2019-09-20
970947,False,The Shrouds,en,2025-04-03
446333,False,Понедельник начинается в субботу,ru,1965-01-01
11615,False,The Life of David Gale,en,2003-02-21
21733,False,飛龍猛將,cn,1988-02-11
250574,False,Creep,en,2014-03-08
131186,False,Európa kemping,hu,1992-03-13
919207,False,서울의 봄,ko,2023-11-22
404,False,The Straight Story,en,1999-10-15
1163258,False,12वीं फेल,hi,2023-08-11
463598,False,La bête,fr,2013-01-31
103328,False,Holy Motors,fr,2012-07-02
9952,False,Rescue Dawn,en,2007-06-23
1644042,False,Tres viudas,es,2026-02-28
1509579,False,Gayong 2,ms,2026-04-09
717728,False,Jeepers Creepers: Reborn,en,2022-09-15
9410,False,Great Expectations,en,1998-01-30
373854,False,Présence,en,2013-07-17
895165,False,Vom Ende und Anfang,de,2021-08-05
1497,False,Teenage Mutant Ninja Turtles II: The Secret of the Ooze,en,1991-03-22
704459,False,Die Deutschen und ihre Männer - Bericht aus Bonn,de,1990-11-06
1568490,False,용한 소녀,ko,2025-11-08
11706,False,War and Peace,en,1956-08-21
40662,False,Batman: Under the Red Hood,en,2010-07-27
23742,False,Cop Out,en,2010-02-26
4599,False,Raising Helen,en,2004-05-27
477968,False,Família Alcântara,pt,2005-07-07
429474,False,Esperando Cecília,pt,2016-12-17
455512,False,Pod bluzką,pl,2008-01-01
23742,False,Cop Out,en,2010-02-26
4599,False,Raising Helen,en,2004-05-27
477968,False,Família Alcântara,pt,2005-07-07
429474,False,Esperando Cecília,pt,2016-12-17
455512,False,Pod bluzką,pl,2008-01-01
11050,False,Terms of Endearment,en,1983-11-20
10808,False,Dr. Dolittle 2,en,2001-06-22
448312,False,Másik Magyarország,hu,2013-11-07
806,False,The Omen,en,2006-06-06
15804,False,牯嶺街少年殺人事件,zh,1991-07-27
351211,False,Blair Witch,en,2016-09-15
1738738,False,Discman,en,2026-07-03
7007,False,Rising Sun,en,1993-07-30
80280,False,[REC]³ Génesis,es,2012-03-30
25793,False,Precious: Based on the Novel 'Push' by Sapphire,en,2009-11-06
872906,False,जवान,hi,2023-09-07
298382,False,The Dressmaker,en,2015-10-29
179144,False,La grande bellezza,it,2013-05-21
22683,False,Gifted Hands: The Ben Carson Story,en,2009-02-07
12193,False,Four Christmases,en,2008-11-26
4244,False,The Kid,en,2000-07-07
1055432,False,camrip,zh,2022-11-30
442567,False,A válogatás,hu,1970-02-19
13830,False,Shottas,en,2002-02-27
728949,False,Nightbitch,en,2024-12-06
99099,False,徳川女刑罰史,ja,1968-09-28
21057,False,海がきこえる,ja,1993-10-09
1315161,False,Joe Rogan: Burn the Boats,en,2024-08-03
3034,False,Young Frankenstein,en,1974-12-15
483980,False,Z-O-M-B-I-E-S,en,2018-02-16
365942,False,The Space Between Us,en,2017-01-26
342326,False,Légionnaires du Christ: Scandale au Vatican,fr,2013-05-01
13490,False,Welcome Home Roscoe Jenkins,en,2008-02-08
1149167,False,Cash Out 2: High Rollers,en,2025-03-14
1127110,False,Diablo,en,2025-06-13
1428299,False,Achilles Returns,en,2026-05-25
858683,False,冬日河,zh,2020-12-01
140823,False,Saving Mr. Banks,en,2013-11-29
13682,False,Pooh's Heffalump Movie,en,2005-02-11
9624,False,On Deadly Ground,en,1994-02-18
1149167,False,Cash Out 2: High Rollers,en,2025-03-14
1127110,False,Diablo,en,2025-06-13
1428299,False,Achilles Returns,en,2026-05-25
858683,False,冬日河,zh,2020-12-01
140823,False,Saving Mr. Banks,en,2013-11-29
13682,False,Pooh's Heffalump Movie,en,2005-02-11
9624,False,On Deadly Ground,en,1994-02-18
287604,False,Mérsékelt égöv,hu,1970-08-18
1364953,False,Mārama,en,2026-04-17
1660526,False,Please,en,2026-06-22
1094223,False,Rumku Jhumana,or,2013-04-19
829799,False,Paradise City,en,2022-11-11
10035,False,100 Girls,en,2000-09-01
1738019,False,Gebroken Kabul,nl,2020-07-02
354859,False,The Promise,en,2016-12-02
14164,False,Dragonball Evolution,en,2009-03-12
838,False,American Graffiti,en,1973-08-11
833326,False,Rien à foutre,fr,2022-03-02
303746,False,Тимур Новиков. Ноль объект,ru,2014-01-01
1528834,False,Venado tuerto,es,2019-08-23
1318917,False,Rüzgara Bırak,tr,2025-01-09
242643,False,Batman: Assault on Arkham,en,2014-08-12
188207,False,The Legend of Hercules,en,2014-01-10
287424,False,Maggie,en,2015-05-08
16007,False,デスノート,ja,2006-06-17
9448,False,The Big Hit,en,1998-04-24
666,False,Central do Brasil,pt,1998-04-03
736526,False,Troll,no,2022-11-30
9061,False,Just Cause,en,1995-02-17
12476,False,The Hidden,en,1987-10-30
805327,False,Look Both Ways,en,2022-08-16
313072,False,Его превосходительство,ru,1928-03-20
4507,False,"Jamón, jamón",es,1992-09-03
998846,False,Back to Black,en,2024-04-11
931,False,Don't Look Now,en,1973-10-11
1013723,False,Buckle Up a.k.a. Baklap,nl,2022-04-08
394741,False,Stan & Ollie,en,2018-12-28
6472,False,Guarding Tess,en,1994-03-11
1098979,False,স্বপ্নের নায়ক,bn,1997-07-04
1427980,False,Manifesting Uno,en,
39691,False,Cats & Dogs: The Revenge of Kitty Galore,en,2010-07-29
614939,False,Bros,en,2022-09-30
42269,False,C'eravamo tanto amati,it,1974-12-21
86829,False,Inside Llewyn Davis,en,2013-10-18
1977,False,The Grudge 3,en,2009-05-12
890771,False,The Black Demon,en,2023-04-26
429189,False,Wonder Wheel,en,2017-12-01
22843,False,ヱヴァンゲリヲン新劇場版：破,ja,2009-06-26
11449,False,The Amityville Horror,en,1979-07-27
859,False,Dangerous Liaisons,en,1988-12-21
838636,False,Её право,ru,1931-12-01
9075,False,Zwartboek,nl,2006-09-14
1605554,False,"Interior, Noche",es,2024-05-23
916192,False,夏へのトンネル、さよならの出口,ja,2022-09-09
651623,False,Wasted Waste,pt,2018-02-01
200085,False,감기,ko,2013-08-14
393519,False,Grave,fr,2017-03-10
727333,False,Come from Away,en,2021-09-09
15916,False,天使のたまご,ja,1985-12-22
29204,False,American Pop,en,1981-02-13
200085,False,감기,ko,2013-08-14
393519,False,Grave,fr,2017-03-10
727333,False,Come from Away,en,2021-09-09
15916,False,天使のたまご,ja,1985-12-22
29204,False,American Pop,en,1981-02-13
5375,False,Fred Claus,en,2007-11-09
1401459,False,Fjord,ro,2026-06-13
17111,False,ชัตเตอร์ กดติดวิญญาณ,th,2004-09-09
1465785,False,L'euphonie,fr,2025-04-26
727497,False,La herida y el cuchillo (Notas para un film sobre García Wehbi),es,2019-04-07
362191,False,Ressurgentes — Um Filme de Ação Direta,pt,2014-10-24
511817,False,Wendell & Wild,en,2022-10-21
13531,False,Empire Records,en,1995-09-22
424781,False,Sorry to Bother You,en,2018-07-06
509598,False,Mr. Jones,en,2019-10-03
17165,False,劇場版 BLEACH Fade to Black 君の名を呼ぶ,ja,2008-12-13
1281826,False,One Fast Move,en,2024-08-07
65086,False,The Woman in Black,en,2012-02-03
1254032,False,FÉLIX,es,2023-10-20
1000931,False,南海的早晨,zh,1964-12-01
1006745,False,祭红,zh,1979-12-01
521,False,Dial M for Murder,en,1954-05-29
592390,False,Yeşil Bölge,tr,2017-01-01
14365,False,Killing Me Softly,en,2002-05-10
11545,False,Rushmore,en,1998-12-11
711,False,Finding Forrester,en,2000-12-21
9086,False,Young Guns II,en,1990-08-01
583481,False,Cinéma,fr,1997-12-12
14695,False,Havoc,en,2005-10-16
338,False,"Good Bye, Lenin!",de,2003-02-13
22954,False,Invictus,en,2009-12-11
1109377,False,El hombre más fuerte del mundo,es,2023-04-22
18707,False,夏日福星,cn,1985-08-15
257943,False,Quiéreme más,es,2013-05-30
157845,False,The Rover,en,2014-06-04
10437,False,The Muppet Christmas Carol,en,1992-12-11
9560,False,A Walk in the Clouds,en,1995-05-27
509635,False,Alone,en,2020-09-10
547565,False,The Night House,en,2021-07-15
210203,False,The Favourite Game,en,2003-02-28
920708,False,వారణాసి,te,2027-04-07
11586,False,Exorcist II: The Heretic,en,1977-06-17
280002,False,The Remaining,en,2014-08-25
24873,False,Death Wish 3,en,1985-11-01
2026,False,Hostage,en,2005-03-09
340382,False,進撃の巨人 ATTACK ON TITAN エンド オブ ザ ワールド,ja,2015-09-01
9085,False,Harlem Nights,en,1989-11-17
979924,False,On the Line,en,2022-10-31
9929,False,Astérix et Cléopâtre,fr,1968-12-19
9030,False,The Eye,en,2008-02-01
522118,False,Salarié oriental,fr,2015-01-20
13770,False,Backroads,en,1977-06-27
1404404,False,クレヨンしんちゃん 超華麗！灼熱のカスカベダンサーズ,ja,2025-08-08
317557,False,Queen of Katwe,en,2016-09-23
360784,False,Hidden,en,2015-09-15
26390,False,Brooklyn's Finest,en,2010-03-04
339202,False,Mozart: La Clemenza di Tito,it,2005-06-01
746381,False,예쁜 여동생 2,ko,2020-09-08
1057010,False,Lunar Light,id,2022-06-20
583083,False,The Kissing Booth 2,en,2020-07-24
1404404,False,クレヨンしんちゃん 超華麗！灼熱のカスカベダンサーズ,ja,2025-08-08
317557,False,Queen of Katwe,en,2016-09-23
360784,False,Hidden,en,2015-09-15
26390,False,Brooklyn's Finest,en,2010-03-04
339202,False,Mozart: La Clemenza di Tito,it,2005-06-01
746381,False,예쁜 여동생 2,ko,2020-09-08
1057010,False,Lunar Light,id,2022-06-20
583083,False,The Kissing Booth 2,en,2020-07-24
1222796,False,Иностранка,ru,1937-01-01
928270,False,Heatwave,en,2022-01-17
985602,False,My Mother's Wedding,en,2025-08-08
1030293,False,原谅,zh,2015-07-30
467012,False,Pengabdi Setan,id,2017-09-28
11546,False,Police Academy: Mission to Moscow,en,1994-06-09
1658209,False,Maid's Obsession,tl,2026-03-27
938150,False,Wardriver,en,2026-03-04
1451303,False,10 segundos,es,2004-09-01
732300,False,კრიმინალები,ka,2015-08-01
1811,False,Nowhere,en,1997-05-09
7972,False,Before the Devil Knows You're Dead,en,2007-09-26
482766,False,Ábel Amerikában,hu,1998-02-05
15071,False,The Contractor,en,2007-05-11
580192,False,Царская невеста,ru,2018-11-15
8976,False,A Lot Like Love,en,2005-04-21
410554,False,First Kill,en,2017-07-21
663558,False,新神榜：哪吒重生,zh,2021-02-06
848200,False,Cura Brochero,es,2016-10-13
11114,False,Pete's Dragon,en,1977-11-03
865030,False,Lily,en,2024-01-31
797095,False,Mond,ru,2020-03-15
1736999,False,Sang Pewaris,en,2020-01-01
400214,False,Operación Tiburón,es,1965-01-01
925359,False,Peel,en,2016-09-22
8982,False,ต้มยำกุ้ง,th,2005-08-11
754609,False,Mrs. Harris Goes to Paris,en,2022-07-15
581859,False,Da 5 Bloods,en,2020-06-12
13483,False,Awake,en,2007-11-28
13446,False,Withnail & I,en,1987-06-19
10973,False,Creature from the Black Lagoon,en,1954-03-05
1570617,False,Pequeno País,pt,
773804,False,비뇨기과 여의사들3,ko,2020-12-03
1356670,False,Heldin,de,2025-02-27
1740777,False,Drywall,en,2026-08-01
1311076,False,Seguridad Laboral,es,
9043,False,The Family Stone,en,2005-12-15
760747,False,I onde dager,no,2021-07-30
1501204,False,나는 노리개다,ko,2025-06-14
861035,False,Sema ceļojumi,lv,2022-08-19
739986,False,True Spirit,en,2023-01-26
1678248,False,X Factor,bn,2007-12-22
1586003,False,Maragap Humbayang,id,2025-05-07
1429605,False,F Valentine's Day,en,2026-02-12
347031,False,Swiss Army Man,en,2016-06-24
47648,False,武狀元蘇乞兒,cn,1992-12-17
1741545,False,WWE SummerSlam 2026: Sunday,en,2026-08-02
501624,False,Girl in the Bunker,en,2018-01-12
828,False,The Day the Earth Stood Still,en,1951-09-18
1245,False,The Remains of the Day,en,1993-11-05
671757,False,Día 6eis,es,2016-04-30
13168,False,Smiley Face,en,2007-11-16
595743,False,SAS: Red Notice,en,2021-08-11
1088914,False,ବ୍ରେକ୍ ଅପ୍ ବାଲା ଲଭ୍ ଷ୍ଟୋରୀ,or,2023-02-19
11519,False,1941,en,1979-12-14
10684,False,Courage Under Fire,en,1996-07-04
551929,False,Die Zauberflöte,de,2018-09-14
1049443,False,Dead Flies,pt,2023-03-25
12100,False,Windtalkers,en,2002-06-07
273186,False,Revolução Industrial,pt,2014-04-01
1739918,False,ಅಣ್ಣ From Mexico,kn,2026-12-24
23566,False,Barbie and the Three Musketeers,en,2009-09-15
77866,False,Contraband,en,2012-01-12
666380,False,Transetropical,pt,2021-03-16
568091,False,Fractured,en,2019-09-22
257679,False,Holt vidék,hu,1972-04-06
10576,False,Psycho II,en,1983-06-03
1371727,False,Sing: Thriller,en,2024-10-15
523777,False,Next Gen,en,2018-09-07
382322,False,Batman: The Killing Joke,en,2016-07-24
14337,False,Primer,en,2004-10-08
4959,False,The International,en,2009-02-03
397691,False,Tokío,es,2014-06-21
734724,False,Escena final,es,2019-03-13
1738244,False,Black Market,en,2026-09-26
334524,False,Gold,en,2016-02-03
606856,False,Togo,en,2019-12-20
616651,False,Stillwater,en,2021-07-29
766475,False,See How They Run,en,2022-09-09
1492,False,1492: Conquest of Paradise,en,1992-08-09
774741,False,Diary of a Wimpy Kid,en,2021-12-02
1737003,False,Misteri Mona,en,2020-01-01
434853,False,Space/Time,en,2025-06-25
255718,False,Barbie: The Pearl Princess,en,2014-02-15
647,False,Final Fantasy VII: Advent Children,ja,2005-07-14
16269,False,賭神,cn,1989-12-14
736240,False,海辺の彼女たち,ja,2020-09-19
592863,False,Respect,en,2021-08-12
440161,False,The Sisters Brothers,en,2018-09-19
1092954,False,fábula,es,2012-01-01
2990,False,Pacific Heights,en,1990-09-28
1737291,False,Qayıdış,az,2016-05-26
1737291,False,Qayıdış,az,2016-05-26
16633,False,Somewhere in Time,en,1980-10-02
1623376,False,ブルーロック,ja,2026-08-06
1725,False,West Side Story,en,1961-12-13
630392,False,The Cursed,en,2021-07-28
974663,False,200% Wolf,en,2024-07-04
83770,False,On the Road,en,2012-05-22
1195518,False,The Unholy Trinity,en,2025-06-13
440546,False,Tékasztorik,hu,2017-02-11
790204,False,Das Ende der Unschuld,de,2021-01-24
403092,False,La redención,es,2015-10-31
457916,False,À ton âge le chagrin c'est vite passé,fr,2017-05-11
40181,False,Sa Majesté Minor,fr,2007-10-10
157209,False,Oedipus orca,it,1977-04-04
1121025,False,百夜縫生,zh,2023-05-06
11209,False,The Alamo,en,1960-10-23
28355,False,Case 39,en,2009-08-13
21135,False,L'eclisse,it,1962-04-13
310111,False,Brasil Santo - Retratos da Fé,pt,2009-02-10
1576386,False,Closing Shift,en,2026-04-11
310111,False,Brasil Santo - Retratos da Fé,pt,2009-02-10
1576386,False,Closing Shift,en,2026-04-11
10218,False,Swingers,en,1996-10-18
9701,False,North Country,en,2005-02-12
1140211,False,Llodrigons,es,2023-06-15
665074,False,Foreign Volunteers: In the Hell of Raqqa,en,2019-10-10
1737361,False,Gopçu,az,2019-11-19
337703,False,La tortue rouge,fr,2016-03-27
202438,False,ＸＸ　美しき獲物,ja,1996-05-17
477018,False,Les Traducteurs,fr,2019-12-20
981567,False,LIMP,en,2022-05-29
246080,False,Black Sea,en,2014-12-05
433134,False,De la mutabilité de toute chose et de la possibilité d'en changer certaines,fr,2011-12-01
507441,False,Sea Fever,en,2020-03-06
12117,False,Instinct,en,1999-06-04
9905,False,Shallow Grave,en,1994-12-22
332062,False,Años luz,es,2013-01-01
668461,False,Slumberland,en,2022-11-18
458746,False,Ópiumkeringő,hu,1943-06-17
11687,False,Les Visiteurs,fr,1993-01-27
845,False,Strangers on a Train,en,1951-06-27
607259,False,Fatherhood,en,2021-06-18
13461,False,Melissa P.,it,2005-11-18
326501,False,Sábado À Noite,pt,2007-01-05
1739930,False,Heraldry Paranormal,en,2026-08-29
514593,False,You Should Have Left,en,2020-06-18
46169,False,Twitches Too,en,2007-10-12
502012,False,Thị Trấn Yên Tĩnh,vi,1986-01-30
283552,False,The Light Between Oceans,en,2016-09-02
197158,False,Pornô!,pt,1981-01-01
260268,False,El último bolero,es,2014-03-21
1600028,False,La celda de los milagros,es,2025-12-25
106747,False,Machete Kills,en,2013-09-12
203739,False,Vampire Academy,en,2014-02-07
662050,False,Naplemente délben,en,1979-01-01
181310,False,Новые сказки Шахерезады,ru,1987-08-10
586353,False,Мастер и Маргарита,ru,2024-01-25
44564,False,The Dilemma,en,2011-01-13
359117,False,Santa Monica,pt,2015-10-15
10388,False,The Limey,en,1999-10-08
181310,False,Новые сказки Шахерезады,ru,1987-08-10
586353,False,Мастер и Маргарита,ru,2024-01-25
44564,False,The Dilemma,en,2011-01-13
359117,False,Santa Monica,pt,2015-10-15
10388,False,The Limey,en,1999-10-08
16314,False,3 Ninjas,en,1992-08-07
65055,False,Shark Night 3D,en,2011-09-02
523773,False,Little Italy,en,2018-08-24
73134,False,Tendres Cousines,fr,1980-11-19
1379266,False,国宝,ja,2025-06-06
418879,False,The Current War,en,2018-02-01
425376,False,Кармелюк,uk,1931-09-06
1236861,False,Amiga Virtual,pt,2021-01-18
9584,False,Convoy,en,1978-06-27
1581613,False,Reconnected,en,2025-11-03
1337288,False,Qorxu altında,az,2017-03-18
843847,False,Jerry & Marge Go Large,en,2022-10-20
56715,False,Just Visiting,en,2001-04-06
767858,False,El cielo está rojo,es,2020-11-20
40394,False,Salon Kitty,it,1976-03-02
843847,False,Jerry & Marge Go Large,en,2022-10-20
56715,False,Just Visiting,en,2001-04-06
767858,False,El cielo está rojo,es,2020-11-20
40394,False,Salon Kitty,it,1976-03-02
11652,False,Invincible,en,2006-08-25
393624,False,Official Secrets,en,2019-08-30
8373,False,Transformers: Revenge of the Fallen,en,2009-06-19
310629,False,বৃত্তের বাইরে,bn,2009-09-13
1186563,False,The Friend,en,2025-03-28
1202442,False,Colônia Contra-Ataca: 2ª Temporada - Saga Vinet,pt,2014-09-20
831438,False,The Seed,en,2021-10-05
59053,False,La Riffa,it,1991-11-15
1968,False,Fools Rush In,en,1997-02-14
17494,False,Unlawful Entry,en,1992-06-26
106754,False,天使のはらわた 赤い教室,ja,1979-01-06
1128703,False,Las órdenes,es,2023-05-04
49020,False,Submarine,en,2011-03-18
286594,False,Utazás Jakabbal,hu,1972-08-12
103331,False,Der Kapitän,de,1971-10-28
157547,False,Oculus,en,2014-04-03
21452,False,名探偵コナン 14番目の標的,ja,1998-04-18
1611977,False,Housemaid,en,2026-01-06
1377237,False,Runner,en,2026-09-10
77887,False,Hawaiian Vacation,en,2011-06-16
1143643,False,Entre Silêncios,pt,2023-06-29
11450,False,Quiz Show,en,1994-08-25
257346,False,アベンジャーズ コンフィデンシャル：ブラック・ウィドウ ＆ パニッシャー,ja,2014-04-19
1730592,False,Umar Mukhtar,ur,1997-07-27
853376,False,별장하녀들,ko,2021-05-21
1109255,False,Parthenope,it,2024-10-24
58008,False,L'infermiera di notte,it,1979-02-07
55846,False,Blitz,en,2011-05-20
19101,False,A Little Princess,en,1995-05-10
836225,False,The Exorcism of God,en,2022-03-11
11873,False,The Color of Money,en,1986-10-17
1902,False,Abre los ojos,es,1997-12-19
707505,False,Il Debito,it,2020-05-22
1257406,False,Zwei Staatsanwälte,ru,2025-10-03
57737,False,Barbie: A Fairy Secret,en,2011-03-01
9443,False,Chariots of Fire,en,1981-05-15
836225,False,The Exorcism of God,en,2022-03-11
11873,False,The Color of Money,en,1986-10-17
1902,False,Abre los ojos,es,1997-12-19
707505,False,Il Debito,it,2020-05-22
1257406,False,Zwei Staatsanwälte,ru,2025-10-03
57737,False,Barbie: A Fairy Secret,en,2011-03-01
9443,False,Chariots of Fire,en,1981-05-15
1239251,False,Megamind vs. the Doom Syndicate,en,2024-03-01
555138,False,اوَّل فِلِم,ar,2018-07-20
13310,False,Låt den rätte komma in,sv,2008-10-24
927864,False,Májusi körhinta,hu,1962-05-01
13767,False,The Santa Clause 3: The Escape Clause,en,2006-11-02
610375,False,Sparrow,pt,2019-09-01
625450,False,Tall Girl,en,2019-09-13
10135,False,Road House,en,1989-05-19
424121,False,Apostle,en,2018-09-21
1947,False,An Unfinished Life,en,2005-09-09
118451,False,은교,ko,2012-04-25
1363903,False,女神降臨 After,ja,2025-05-01
1015296,False,Raízes,pt,2021-01-01
1619483,False,True Love,en,2024-03-10
2661,False,Batman,en,1966-07-30
26428,False,Agora,en,2009-05-17
323676,False,The Boss,en,2016-04-07
286619,False,Fügefalevél,hu,1966-08-12
534179,False,엄마친구들,ko,2017-05-01
476968,False,"Paul, Apostle of Christ",en,2018-03-22
272108,False,淫獣エイリアン,ja,1997-01-24
20481,False,Nightbreed,en,1990-02-16
663260,False,Boîte noire,fr,2021-09-08
614,False,Smultronstället,sv,1957-08-28
157843,False,Queen of the Desert,en,2015-09-03
783,False,Gandhi,en,1982-12-01
286620,False,Kötelék,en,1968-08-12
925271,False,Salomon Snowboards presents Crazy Loco | A Short Film Following Jed Anderson,en,2014-09-23
1130119,False,"Quilombo, Continuum",pt,2023-01-04
940452,False,ЖИВІ Й NЕСКОРЕNІ,uk,2016-11-01
70841,False,映画ドラえもん のび太の恐竜2006,ja,2006-03-04
657371,False,Вторая жена,ru,1927-04-17
34653,False,A Single Man,en,2009-12-11
1688,False,Conquest of the Planet of the Apes,en,1972-06-29
445466,False,Idiots,en,2026-08-27
348523,False,Black Mass of the Nazi Sex Wizard,en,2015-07-11
16405,False,Dust,en,2001-08-29
16234,False,Batman Beyond: Return of the Joker,en,2000-12-12
451520,False,Lágrimas rojas,es,2006-12-06
228805,False,名探偵コナン・絶海の探偵,ja,2013-04-20
25998,False,黑太陽731,cn,1988-12-01
643,False,Броненосец Потёмкин,ru,1925-12-24
104524,False,ヘルタースケルター,ja,2012-07-14
577,False,To Die For,en,1995-09-22
63623,False,男男女女,zh,1999-11-20
537592,False,Ring Pop,es,2018-09-08
167073,False,Brooklyn,en,2015-10-20
1684268,False,이상한 과자 가게 전천당,ko,2026-05-29
1390751,False,Farming Turns,en,2024-08-31
10280,False,Thinner,en,1996-10-25
256045,False,Serrat & Sabina: dos pájaros contraatacan,es,2012-03-17
1323784,False,Mala influencia,es,2025-01-24
1086823,False,A Haunting Across the Galaxy,en,
167073,False,Brooklyn,en,2015-10-20
1684268,False,이상한 과자 가게 전천당,ko,2026-05-29
1390751,False,Farming Turns,en,2024-08-31
10280,False,Thinner,en,1996-10-25
256045,False,Serrat & Sabina: dos pájaros contraatacan,es,2012-03-17
1323784,False,Mala influencia,es,2025-01-24
1086823,False,A Haunting Across the Galaxy,en,
723072,False,Host,en,2020-09-10
30675,False,Planet Hulk,en,2010-02-02
1353643,False,Boot Hill,en,2024-08-02
25642,False,Ben 10: Alien Swarm,en,2009-11-15
450001,False,葉問外傳：張天志,cn,2018-12-20
1738718,False,Благоустройство,ru,2026-08-08
730840,False,Trollhunters: Rise of the Titans,en,2021-07-21
408978,False,El ochenta,es,2016-03-04
39205,False,名探偵コナン 探偵たちの鎮魂歌（レクイエム）,ja,2006-04-15
413644,False,The Son of Bigfoot,en,2017-07-26
987400,False,Batman Azteca: Choque de imperios,es,2025-09-18
4970,False,Gothika,en,2003-11-21
13962,False,Blank Check,en,1994-02-11
838082,False,Dano Lunático,pt,2023-03-07
15567,False,Stitch! The Movie,en,2003-09-10
315064,False,Animal Crackers,en,2018-07-21
11442,False,Halloween: Resurrection,en,2002-07-01
9819,False,Marvin's Room,en,1996-12-18
1739777,False,Choreographer,uz,2025-11-20
7979,False,The Kite Runner,en,2007-12-14
874708,False,Dear Amelia,en,2020-06-01
9494,False,Look Who's Talking,en,1989-10-12
1128919,False,Seven Minutes Life After I Decided To,en,
5289,False,Chaos,en,2005-01-17
18764,False,双龙会,cn,1992-01-15
1403612,False,Timur,id,2025-12-18
9425,False,Soldier,en,1998-10-23
241239,False,A Most Violent Year,en,2014-12-31
3432,False,Mr. Brooks,en,2007-05-31
68817,False,Footloose,en,2011-10-06
1281331,False,The Social Reckoning,en,2026-10-07
1293286,False,Gunslingers,en,2025-04-11
869048,False,Atoman,fr,2025-04-08
1208808,False,Turno nocturno,es,2024-12-05
578394,False,Normaliteten,no,2014-01-01
1075536,False,Suki,tl,2023-02-24
12403,False,A Perfect Getaway,en,2009-06-08
9980,False,Maximum Overdrive,en,1986-07-13
826261,False,Intimate Views,en,2021-05-27
302720,False,Château Intérieur,fr,2014-07-05
123025,False,"Batman: The Dark Knight Returns, Part 1",en,2012-09-25
9957,False,The Benchwarmers,en,2006-04-07
315465,False,バケモノの子,ja,2015-07-11
1946,False,eXistenZ,en,1999-04-14
999243,False,Hell of a Summer,en,2025-04-03
656202,False,Amálgama,pt,2020-11-27
9320,False,The Avengers,en,1998-08-13
212459,False,Chiles xalapeños,en,2008-02-01
457232,False,Lamborghini: The Man Behind the Legend,en,2022-11-17
59940,False,Zebra Lounge,en,2001-10-04
1522318,False,Presagio,es,2016-05-27
875357,False,村上麗奈 究極名器妻,ja,1997-08-01
1487116,False,Mèo Con,vi,1966-06-01
74018,False,A Cinderella Story: Once Upon a Song,en,2011-09-05
1690834,False,Lonely Road,en,2027-06-12
1499,False,Teenage Mutant Ninja Turtles III,en,1993-03-17
44874,False,Barbie: A Fashion Fairytale,en,2010-09-14
34647,False,Enter the Void,en,2010-05-05
9576,False,Tootsie,en,1982-12-17
804435,False,Vanquish,en,2021-04-16
14553,False,Stealing Beauty,en,1996-03-29
198545,False,Petőfi '73,hu,1973-06-16
9890,False,The Stepford Wives,en,2004-06-10
1214314,False,One More Shot,en,2024-01-09
1359607,False,小林さんちのメイドラゴン さみしがりやの竜,ja,2025-06-27
11843,False,The Return of the Pink Panther,en,1975-05-21
109491,False,Beautiful Creatures,en,2013-02-13
11176,False,The Muppet Movie,en,1979-06-22
292399,False,Водоворот,ru,1927-01-02
347969,False,The Ridiculous 6,en,2015-12-11
118412,False,ベルセルク 黄金時代篇Ⅱ ドルドレイ攻略,ja,2012-06-23
13375,False,La teta y la luna,es,1994-03-29
1650486,False,Nefelibato,pt,
8193,False,Napoleon Dynamite,en,2004-06-11
588921,False,Ainbo: Spirit of the Amazon,en,2021-02-09
4543,False,Monty Python's The Meaning of Life,en,1983-03-31
14359,False,Doubt,en,2008-12-12
28597,False,Problem Child 2,en,1991-07-03
1169139,False,Quentinha,pt,2023-08-24
1003733,False,哈尔滨大谋杀,zh,1985-08-01
21734,False,Shadow of a Doubt,en,1943-01-12
72207,False,The Five-Year Engagement,en,2012-04-27
621304,False,Children of Blood and Bone,en,2027-01-13
423773,False,Pequeña historia de horror,es,1985-04-18
809318,False,Ronuwa,as,2021-08-15
597316,False,My Little Pony: A New Generation,en,2021-09-22
522858,False,Перекоп,uk,1930-11-21
290512,False,The Mountain Between Us,en,2017-10-05
19124,False,Blind Fury,en,1989-08-17
806368,False,The Son,en,2022-11-10
113,False,봄 여름 가을 겨울 그리고 봄,ko,2003-09-19
301351,False,We Are Your Friends,en,2015-08-26
911146,False,Щедрость,ru,1992-01-01
806368,False,The Son,en,2022-11-10
113,False,봄 여름 가을 겨울 그리고 봄,ko,2003-09-19
301351,False,We Are Your Friends,en,2015-08-26
911146,False,Щедрость,ru,1992-01-01
1659209,False,Melodrama,es,2026-05-29
20681,False,The Dogs of War,en,1980-12-17
11172,False,Music and Lyrics,en,2007-02-09
10328,False,Cocoon,en,1985-06-21
431814,False,Budapest Bár - Szívemben bomba van,hu,2012-12-31
411840,False,Surf's Up 2: WaveMania,en,2017-01-26
334431,False,Дестан моей юности,ru,1992-01-02
575813,False,少年的你,zh,2019-10-25
698128,False,Dual,en,2022-03-18
485948,False,Les Dépossédés,fr,2017-10-25
586742,False,Drømmebyggerne,da,2020-02-06
1736187,False,Fuga,en,2026-07-23
50435,False,Bilitis,fr,1977-03-16
604822,False,急先锋,zh,2020-01-22
143477,False,東京ディープスロート夫人,ja,1975-12-05
27958,False,Cruising,en,1980-02-15
527588,False,Show Down,en,2015-04-19
872954,False,The Old Way,en,2023-01-06
1458993,False,Pista,pt,2025-03-31
661231,False,Operation Mincemeat,en,2022-04-01
429415,False,Extinction,en,2018-07-15
1026227,False,C'è ancora domani,it,2023-10-26
1337438,False,المجهولة,ar,2026-06-19
499546,False,Wij,nl,2018-07-12
1472728,False,Shiro,ja,2023-06-19
888239,False,लक्ष्य,ne,2016-03-18
11697,False,The Man Who Shot Liberty Valance,en,1962-04-13
795216,False,女飞行员,zh,1966-01-01
644583,False,The Mauritanian,en,2021-02-12
81796,False,Lockout,en,2012-04-12
407445,False,Breathe,en,2017-10-13
1259,False,Notes on a Scandal,en,2006-12-25
13809,False,RocknRolla,en,2008-09-04
1317938,False,Norma: Antara Mertua dan Menantu,id,2025-03-31
802219,False,Bob Marley: One Love,en,2024-02-14
8965,False,Atlantis: Milo's Return,en,2003-02-25
707431,False,La última fase,es,2020-07-04
12501,False,The Big Country,en,1958-08-13
9962,False,The Good Girl,en,2002-08-07
1523,False,The Last King of Scotland,en,2006-09-27
1018716,False,Случай в Даш-Кале,ru,1963-01-01
781732,False,Animal,hi,2023-12-01
2134,False,The Time Machine,en,1960-05-25
916728,False,Slingshot,en,2024-08-30
876442,False,A Ânsia,pt,
859882,False,NUREOCHITA DOJO,ja,2019-01-31
1735913,False,Kinofagia,es,2026-09-19
41436,False,Paranormal Activity 2,en,2010-10-20
749274,False,Cry Macho,en,2021-09-16
9516,False,Menace II Society,en,1993-05-26
19724,False,Imagine That,en,2009-06-19
691683,False,Cheaper by the Dozen,en,2022-03-18
482059,False,여친 엄마,ko,2017-07-06
602147,False,Inheritance,en,2020-04-30
2176,False,The Glass House,en,2001-09-14
374205,False,ONE PIECE FILM GOLD,ja,2016-07-23
374205,False,ONE PIECE FILM GOLD,ja,2016-07-23
1580491,False,Beethoven,fr,
310685,False,La última rumba de Papá Montero,es,1992-01-02
462181,False,Palm Swings,en,2017-10-03
1739732,False,Interiors/Exteriors,en,2026-08-01
18861,False,劇場版 NARUTO -ナルト- 大興奮!みかづき島のアニマル騒動だってばよ,ja,2006-08-05
2395,False,Astérix aux Jeux olympiques,fr,2008-01-25
1262,False,Stranger Than Fiction,en,2006-11-10
998276,False,ପ୍ରେମମ୍,or,2022-06-03
9731,False,Friday the 13th: A New Beginning,en,1985-03-22
402331,False,Hard Target 2,en,2016-07-14
815137,False,Gyoma Seonjang,ko,1958-07-01
791849,False,Kol,ky,2020-10-01
334521,False,Free Fire,en,2017-03-31
470,False,21 Grams,en,2003-11-18
199373,False,The Frozen Ground,en,2013-07-11
1397163,False,機動戦士Gundam GQuuuuuuX -Beginning-,ja,2025-01-17
418095,False,柳堡的故事,zh,1957-01-01
1596278,False,Time and Water,en,2026-05-29
760941,False,Шамбала,ky,2020-07-25
703967,False,Cabra-Macho,pt,2016-01-01
348127,False,El sueño de todos,es,2014-04-17
768878,False,Espero que Esta te Encontre e que Estejas Bem,pt,2022-06-09
42661,False,The Vikings,en,1958-06-11
324670,False,Spectral,en,2016-12-09
242095,False,The Signal,en,2014-03-15
1513703,False,Последний богатырь. Колобок,ru,2026-08-06
505058,False,Unfriended: Dark Web,en,2018-07-19
405671,False,Ernelláék Farkaséknál,hu,2016-10-01
9722,False,Bewitched,en,2005-06-21
450659,False,Келинка Сабина,ru,2014-11-27
318093,False,Stinking Heaven,en,2015-12-09
1124431,False,Butterfly,es,2023-10-10
1642859,False,Iron Maiden: Burning Ambition,en,2026-05-07
11499,False,Frost/Nixon,en,2008-10-15
1360,False,Frida,en,2002-08-29
1162240,False,中国性戏观,zh,1997-03-09
825635,False,Ishq oyinlari,uz,2020-12-17
527729,False,Astérix : Le Secret de la potion magique,fr,2018-05-12
1146972,False,機動戦士ガンダムSEED FREEDOM,ja,2024-01-26
793139,False,Amém,pt,2016-01-01
395817,False,The Thicket,en,2024-09-05
9333,False,Last Man Standing,en,1996-09-20
895197,False,Ils voulaient passer la rivière,fr,2021-11-20
255,False,Baisers volés,fr,1968-09-04
1109086,False,वॉर 2,hi,2025-08-13
638577,False,Мальчики,ru,1959-06-15
1621552,False,La captura,es,2026-08-21
2153,False,The Driver,en,1978-06-08
14444,False,The Rugrats Movie,en,1998-11-20
589761,False,Чернобыль,ru,2021-04-15
625,False,The Killing Fields,en,1984-11-23
38765,False,Chisum,en,1970-07-23
775996,False,Outside the Wire,en,2021-01-15
1639882,False,Fallen Dream,en,2021-10-11
5968,False,The Woman in Red,en,1984-08-15
1254613,False,Knifepools 2001,es,2024-03-07
286448,False,Pesti háztetők,hu,1961-08-10
427719,False,X-Rated 2: The Greatest Adult Stars of All-Time,en,2016-10-28
15697,False,Jailhouse Rock,en,1957-01-17
1241894,False,Woodwalkers,de,2024-10-17
198375,False,言の葉の庭,ja,2013-05-31
96936,False,The Bling Ring,en,2013-06-12
428707,False,劇場版 黒子のバスケ LAST GAME,ja,2017-03-18
11859,False,Fair Game,en,1995-11-03
485767,False,Рэкет,mn,2016-11-23
8583,False,Dangerous Beauty,en,1998-02-20
2789,False,The Chronicles of Riddick,en,2004-06-11
341958,False,Ненависть,ru,1930-09-04
1734829,False,Jurnal Suraya,en,2017-01-01
12289,False,赤壁,zh,2008-07-10
11639,False,The Dark Crystal,en,1982-12-17
77949,False,The Awakening,en,2011-08-17
44639,False,Inside Job,en,2010-10-08
114489,False,Незнайка с нашего двора,ru,1984-05-02
472940,False,El Noctámbulo,es,2006-08-11
11817,False,Bulletproof Monk,en,2003-03-28
10923,False,Agent Cody Banks,en,2003-03-14
76494,False,What to Expect When You're Expecting,en,2012-05-17
468,False,My Own Private Idaho,en,1991-02-01
472940,False,El Noctámbulo,es,2006-08-11
11817,False,Bulletproof Monk,en,2003-03-28
10923,False,Agent Cody Banks,en,2003-03-14
76494,False,What to Expect When You're Expecting,en,2012-05-17
468,False,My Own Private Idaho,en,1991-02-01
1013052,False,Ти – Космос,uk,2025-04-24
197645,False,"Shanghaï Blues, nouveau monde",fr,2013-05-02
918487,False,신입 여비서,ko,2021-12-16
2259,False,The House of the Spirits,en,1993-10-21
1599,False,I ♥ Huckabees,en,2004-09-10
1266798,False,Chien 51,fr,2025-10-15
1098958,False,الاستشراف,ar,2023-05-02
1105831,False,"Klaus Barbie, sur les traces d'un criminel nazi",fr,2012-01-10
36073,False,ギニーピッグ2 血肉の華,ja,1985-10-07
514439,False,Breakthrough,en,2019-04-10
571055,False,Down,en,2019-02-01
1668603,False,La Partenza,en,2026-04-10
10451,False,飲食男女,zh,1994-08-03
1205229,False,Night of the Zoopocalypse,en,2025-01-23
699965,False,Récits d'une jeunesse exilée - J'ai marché jusqu'à vous,fr,2016-10-17
87093,False,Big Eyes,en,2014-12-24
1957,False,Enough,en,2002-05-21
13648,False,バイオハザード：ディジェネレーション,ja,2008-02-13
77987,False,Only God Forgives,en,2013-05-30
22586,False,The Swan Princess,en,1994-11-18
5203,False,Wild Orchid,en,1989-12-22
481551,False,Năm Sau Con Lại Về,vi,2014-01-18
587479,False,Sueño Antártico,es,2016-07-10
316023,False,Mike and Dave Need Wedding Dates,en,2016-07-07
791128,False,막장자매 클라쓰,ko,2020-05-01
75624,False,劇場版 NARUTO -ナルト- ブラッド・プリズン,ja,2011-07-30
575604,False,콜,ko,2020-11-23
1647508,False,Winter: Battleground,en,2026-04-07
6404,False,Nosferatu - Phantom der Nacht,de,1979-01-17
486131,False,Shaft,en,2019-06-14
19185,False,Night of the Living Dead,en,1990-10-19
10952,False,New Jack City,en,1991-03-08
9899,False,The Producers,en,2005-12-25
965564,False,Parsifal - HSO,en,2022-04-15
9367,False,El Mariachi,es,1993-02-22
1644,False,The Vanishing,en,1993-02-05
325358,False,Superfast!,en,2015-03-05
979589,False,مرقم,ar,2022-06-02
9625,False,The Glimmer Man,en,1996-10-04
797679,False,La inocencia,es,2016-07-14
35690,False,The Last Song,en,2010-03-31
729854,False,콘크리트 유토피아,ko,2023-08-09
1617852,False,Speed Faster,en,2026-01-23
1001414,False,Fear Street: Prom Queen,en,2025-05-23
397,False,French Kiss,en,1995-05-05
472501,False,"Hai, Tư, Sáu",vi,2012-05-23
1627010,False,Safe Place,fr,2026-01-08
787844,False,Newborn,en,2026-04-10
453133,False,형님아내3 (아랫집 부인),ko,2017-01-14
42949,False,Arthur 3: la guerre des deux mondes,fr,2010-08-22
13640,False,Superman: Doomsday,en,2007-09-18
2925,False,The First Wives Club,en,1996-09-20
10236,False,The Way We Were,en,1973-10-17
333171,False,"No meio do rio, entre as árvores",en,2009-12-10
2011,False,Persepolis,fr,2007-06-27
2011,False,Persepolis,fr,2007-06-27
11202,False,Patton,en,1970-01-25
900684,False,León cumple,en,2021-11-20
579245,False,Hors Normes,fr,2019-10-23
2977,False,Becoming Jane,en,2007-03-02
1139235,False,痴漢電車 つり革で濡れる女,ja,2012-06-08
82175,False,L'Hôtel de la plage,fr,1978-01-11
1013763,False,Son 50 euros,ca,2021-12-24
143557,False,Napozz Holddal - A Kispálfilm,hu,2010-12-14
1116490,False,Cash Out,en,2024-04-26
53658,False,賭俠 III 之上海灘賭聖,cn,1991-08-21
10806,False,In & Out,en,1997-09-10
11044,False,Arizona Dream,en,1993-01-06
9449,False,The Borrowers,en,1997-12-05
9589,False,Christiane F. - Wir Kinder vom Bahnhof Zoo,de,1981-04-02
802217,False,8-Bit Christmas,en,2021-11-24
11075,False,オーディション,ja,2000-03-03
553168,False,横須賀男狩り 少女・悦楽,ja,1977-05-21
45610,False,Machine Gun Preacher,en,2011-09-23
316960,False,小兵张嘎,zh,1963-01-01
22048,False,Foxy Brown,en,1974-04-05
1602352,False,Lidah Api,en,
1230215,False,Hors limites,fr,2024-12-13
1382513,False,Κότα,el,2026-02-20
1087392,False,ପାପୀକୁ  ନିପାତ କରିବା ପାପ ନୂହେଁ ପୁଣ୍ୟ,or,2021-01-10
118379,False,色情男女,cn,1996-11-28
1094974,False,Take Cover,en,2024-10-04
72571,False,Paranormal Activity 3,en,2011-10-19
1123276,False,Static,en,2023-06-09
1441804,False,Na Sombra do Medo,pt,2025-01-24
189486,False,Катька - Бумажный ранет,ru,1926-12-24
857171,False,保卫胜利果实,zh,1952-01-01
1287622,False,Löö vastu,et,1975-06-18
677765,False,Người Đẹp Và Họa Sĩ,vi,
14181,False,Boiler Room,en,2000-02-18
1598902,False,This Close,en,2025-12-19
611291,False,브링 더 소울: 더 무비,ko,2019-08-07
29912,False,The Robe,en,1953-09-16
46581,False,Contes immoraux,fr,1974-08-28
4816,False,Ghost Dog: The Way of the Samurai,en,1999-10-06
29912,False,The Robe,en,1953-09-16
46581,False,Contes immoraux,fr,1974-08-28
4816,False,Ghost Dog: The Way of the Samurai,en,1999-10-06
1631917,False,18th Rose,tl,2026-04-09
2539,False,Spanglish,en,2004-12-17
941966,False,Halvår,da,
8327,False,La montaña sagrada,es,1973-11-29
11916,False,Two Mules for Sister Sara,en,1970-03-02
442630,False,"Asesinos, ¿dígame?",en,2013-06-19
10336,False,Spawn,en,1997-07-31
1420733,False,귀시,ko,2025-09-17
11702,False,The Replacement Killers,en,1998-02-06
1118558,False,Brief Story,en,2021-02-07
811941,False,Devara: Part 1,te,2024-09-26
10227,False,PlayTime,fr,1967-12-13
7012,False,The Day After,en,1983-12-10
677638,False,We Bare Bears: The Movie,en,2020-06-30
949004,False,Бродяги Севера,ru,1983-01-01
554241,False,Playing with Fire,en,2019-11-08
8069,False,Barbarella,en,1968-10-10
532259,False,Kraniebrud - eller 'er du ikke lidt for ung til at optegne dine erindringer?',da,2017-06-05
1611789,False,Los Mentirosos,es,2026-01-24
272092,False,Շոր և Շորշոր,hy,1926-08-13
586,False,Wag the Dog,en,1997-12-25
10435,False,Chaplin,en,1992-12-17
379170,False,Sherlock: The Abominable Bride,en,2016-01-01
1594114,False,Oat Milk,en,2026-03-19
245168,False,Suffragette,en,2015-10-16
755530,False,فليم - الأسبوع الجاي دوام,ar,2012-08-25
73567,False,Killer Joe,en,2012-06-07
571891,False,ミュウツーの逆襲 EVOLUTION,ja,2019-07-12
137227,False,映画ドラえもん 新・のび太と鉄人兵団 ～はばたけ 天使たち～,ja,2011-03-05
1400406,False,Savaitgalis Féin,lt,2025-01-16
36897,False,ポケットモンスター ミュウツー! 我ハココニ在リ MEWTWO SAGA,ja,2001-08-17
795343,False,The Light,en,2022-07-23
1137614,False,攫木,zh,2023-05-13
1276073,False,新幹線大爆破,ja,2025-04-23
2639,False,Deconstructing Harry,en,1997-12-12
855381,False,落水记,zh,1956-01-01
684607,False,Ver,pt,2018-05-25
659959,False,Été 85,fr,2020-07-14
402860,False,Faroeste: Um Autêntico Western,pt,2013-01-01
293768,False,Kidnap,en,2017-08-03
13156,False,Secondhand Lions,en,2003-09-19
9264,False,Poison Ivy,en,1992-05-08
14976,False,Rachel Getting Married,en,2008-10-03
1595580,False,Loss,en,2026-04-13
2742,False,Naked Lunch,en,1991-12-27
801688,False,కల్కి 2898-ఎ.డి,te,2024-06-26
152742,False,La migliore offerta,it,2013-01-01
1736904,False,Ryan Aralyn,en,2020-01-01
688200,False,Visita Íntima,pt,2005-07-13
1209290,False,Justice League: Crisis on Infinite Earths Part Three,en,2024-07-15
290,False,Barton Fink,en,1991-08-01
22949,False,Old Dogs,en,2009-11-24
891897,False,Ледяная история,ru,2021-12-02
397099,False,A tartótiszt,hu,2013-04-22
35796,False,Lawn Dogs,en,1997-11-21
442400,False,Čím víc vím,cs,2016-11-10
14510,False,From Beyond,en,1986-10-24
1731821,False,Rotten Society,ml,
1160164,False,TAYLOR SWIFT | THE ERAS TOUR,en,2023-10-13
992274,False,عثمان,ar,2022-06-25
13285,False,Barbie Fairytopia: Mermaidia,en,2006-03-14
707648,False,Le scooter à deux vitesses,fr,
413362,False,"Roman J. Israel, Esq.",en,2017-11-17
1437696,False,Fatherland,en,2026-06-19
10740,False,Birth,en,2004-10-29
11815,False,The Fly,en,1958-07-16
11821,False,Doc Hollywood,en,1991-08-02
108,False,Trois couleurs : Bleu,fr,1993-09-08
1739786,False,Sevgi Farishtasi,uz,2012-02-11
547,False,The Horse Whisperer,en,1998-02-01
1620237,False,Les Oiseaux,fr,2025-09-19
705861,False,Hustle,en,2022-06-03
10141,False,Dirty Rotten Scoundrels,en,1988-12-14
9293,False,John Tucker Must Die,en,2006-07-27
1045249,False,La invitada,es,2023-12-21
427564,False,Scooby-Doo! Shaggy's Showdown,en,2017-02-14
952680,False,Dependências,pt,2015-04-07
427682,False,El último toque,es,
20312,False,Interstate 60,en,2002-04-13
338964,False,Bad Santa 2,en,2016-11-23
41428,False,鉄男,ja,1989-07-01
1022350,False,Євродонбас,uk,2022-10-06
11299,False,カウボーイビバップ 天国の扉,ja,2001-09-01
11811,False,Leprechaun,en,1993-01-08
240727,False,Женщина,ru,1932-01-22
303,False,Notorious,en,1946-08-21
489430,False,Aterrados,es,2018-05-03
9912,False,The World's Fastest Indian,en,2005-10-12
1296404,False,굿뉴스,ko,2025-09-05
629017,False,Run Hide Fight,en,2021-06-17
581526,False,다만 악에서 구하소서,ko,2020-08-05
386716,False,젊은 엄마3,ko,2015-09-03
524247,False,The Intruder,en,2019-05-03
2759,False,"The Adventures of Priscilla, Queen of the Desert",en,1994-08-10
396,False,Who's Afraid of Virginia Woolf?,en,1966-06-22
10784,False,Cabaret,en,1972-02-13
502762,False,美人之死,zh,1986-01-01
1316147,False,Grand Prix of Europe,de,2025-07-18
994,False,Straw Dogs,en,1971-11-25
24684,False,An Education,en,2009-10-29
528891,False,Euller Miller Entre Dois Mundos,pt,2018-06-07
188855,False,Jäger des Augenblicks,de,2012-07-01
444902,False,Dirty Dancing,en,2017-05-24
12556,False,Ghosts of Girlfriends Past,en,2009-05-01
592742,False,私の奴隷になりなさい 第2章 「ご主人様と呼ばせてください」,ja,2018-09-29
9474,False,Il mio nome è Nessuno,it,1973-12-13
11099,False,The Final Cut,en,2004-10-15
146238,False,Runner Runner,en,2013-09-24
234544,False,実録　桐かおる　にっぽん一のレスビアン,ja,1974-08-28
927152,False,Irreversível,pt,2015-12-07
557108,False,L'oeil était dans la tombe et regardait Daney,fr,2017-04-07
1621865,False,Les Sirènes,fr,2026-02-08
840978,False,Cielo,es,2007-08-12
31767,False,The Devils,en,1971-07-16
13320,False,Funny Face,en,1957-02-13
1623323,False,Inquilinos,es,2026-03-01
1516391,False,Cover-Up,en,2025-12-19
100,False,"Lock, Stock and Two Smoking Barrels",en,1998-08-28
994143,False,Skinamarink,en,2023-01-13
681887,False,Cosmic Sin,en,2021-03-12
1462146,False,S4: The Bob Lazar Story,en,2026-04-03
399850,False,Thành Phố Khác,vi,2016-02-16
64586,False,Sleeping Beauty,en,2011-06-10
8873,False,Wayne's World 2,en,1993-12-10
339397,False,Café Society,en,2016-05-11
77234,False,The Numbers Station,en,2013-04-18
1096992,False,ଗୁଡ୍ଡୁ ଗ୍ୟାଙ୍ଗ୍‌ଷ୍ଟର,or,2023-06-13
676710,False,The Amazing Maurice,en,2022-12-16
170522,False,Astérix : Le Domaine des dieux,fr,2014-11-26
10044,False,福星高照,cn,1985-02-10
811269,False,ජය සිකුරුයි,si,1984-11-30
1244517,False,Tow,en,2026-03-20
13972,False,The Women,en,2008-09-12
769991,False,La Oferta,es,2020-09-03
60599,False,Arbitrage,en,2012-09-14
666154,False,Kayara,es,2025-01-02
1513593,False,El Agujero,es,
811269,False,ජය සිකුරුයි,si,1984-11-30
1244517,False,Tow,en,2026-03-20
13972,False,The Women,en,2008-09-12
769991,False,La Oferta,es,2020-09-03
60599,False,Arbitrage,en,2012-09-14
666154,False,Kayara,es,2025-01-02
1513593,False,El Agujero,es,
700468,False,Aos Pedaços,pt,2019-08-15
1579462,False,ಪೂರ್ಣಚಂದ್ರ,kn,1987-01-13
651188,False,Los impuros,es,2019-11-24
1612480,False,Projeto Adam,pt,2025-08-30
1734267,False,Bilal Gantian,en,2021-01-01
396263,False,GANTZ:O,ja,2016-10-14
1689,False,Little Buddha,en,1993-12-01
715683,False,El lunar en su espalda,en,2020-06-10
1579232,False,Jesus Freaks,en,
9064,False,Hellbound: Hellraiser II,en,1988-12-23
1260952,False,Kronos,pt,2023-06-14
9653,False,Mädchen in Uniform,de,1931-11-27
9087,False,The American President,en,1995-11-17
367022,False,Kopaszkutya Kettő,hu,2011-12-09
121824,False,Stand Up Guys,en,2012-12-14
972614,False,Knox Goes Away,en,2024-03-15
1228564,False,熊出没·逆转时空,zh,2024-02-10
320956,False,The Cuckold,en,2009-08-11
103731,False,Mud,en,2013-04-26
17332,False,The Soloist,en,2009-04-24
10223,False,A Simple Plan,en,1998-12-11
419835,False,Crooked House,en,2017-09-06
521034,False,The Secret Garden,en,2020-07-08
63493,False,The Ledge,en,2011-05-06
10098,False,The Kid,en,1921-01-21
15906,False,Barbie and the Magic of Pegasus,en,2005-10-04
25769,False,Carriers,en,2009-09-04
1396,False,Зеркало,ru,1975-03-07
1389149,False,अक्यूज़्ड,hi,2026-02-27
760926,False,Gold,en,2022-01-13
427164,False,Zwischen Gebäuden,de,1989-02-02
10660,False,It Could Happen to You,en,1994-07-16
653851,False,Devotion,en,2022-11-23
15213,False,Everyone's Hero,en,2006-08-04
1611380,False,Mi mejor enemiga,es,2026-02-05
850002,False,I fshehur,sq,2022-06-11
504056,False,大師兄,zh,2018-08-16
397500,False,Sueño vagabundo,es,2015-01-31
912480,False,Les Chambres rouges,fr,2023-08-11
57687,False,Du Sköna,sv,2010-09-17
1221197,False,Rhys & Joel’s Family Christmas,en,2023-12-22
451863,False,情不自禁之想入非非,cn,1993-09-02
787723,False,13 Minutes,en,2021-10-29
11252,False,Psycho,en,1998-12-04
1737045,False,Massa Mãe,pt,2026-07-20
1008701,False,Golpe de vida,es,2021-08-03
340674,False,Dark Crimes,en,2016-10-12
10134,False,Cyborg,en,1989-04-07
677115,False,비뇨기과 여의사들 2,ko,2020-02-20
319888,False,Eddie the Eagle,en,2016-02-25
267647,False,Os Filmes Que Não Fiz,en,2008-01-01
466040,False,D'un Commun à Corps,fr,2016-12-31
499,False,Cléo de 5 à 7,fr,1962-04-11
12228,False,Inside Deep Throat,en,2005-02-11
1593173,False,Dog Noise,en,2025-10-16
493954,False,हामी तीन भाइ,ne,2004-10-13
1631265,False,Romolj meg,hu,2025-12-24
13537,False,Shattered Glass,en,2003-11-14
684037,False,Ein Jahr unter Ultras - Ein Leben für den Fußball,de,2018-02-11
9675,False,Sideways,en,2004-10-22
1490213,False,鬼滅の刃 遊郭決戦編,ja,2023-03-01
927654,False,忍SHADOW SAKURA,ja,2005-10-26
740925,False,No One Gets Out Alive,en,2021-09-29
11708,False,Chitty Chitty Bang Bang,en,1968-12-17
9059,False,Tales from the Crypt: Demon Knight,en,1995-01-13
562461,False,如此繁華,zh,1937-11-16
581032,False,News of the World,en,2020-12-25
454433,False,Magic Camp,en,2020-08-14
590006,False,"Крим, як це було",uk,2016-03-14
826945,False,자매 바이러스,ko,2021-02-24
11191,False,Mystic Pizza,en,1988-10-13
581429,False,Das Reichsorchester,de,2007-11-01
64348,False,女機械人,cn,1991-05-31
466025,False,Sé que estaré: Recibiendo una lección,es,2015-11-06
8851,False,The Blob,en,1958-09-10
866413,False,You People,en,2023-01-20
392144,False,캘린더걸,ko,2016-04-07
10173,False,Marked for Death,en,1990-10-05
1365302,False,"Chavín de Huántar, el rescate del siglo",es,2025-10-30
1323625,False,Night Patrol,en,2026-01-16
1126723,False,மிஸ்டர். எக்ஸ்,ta,2026-04-17
12779,False,Swept Away,en,2002-10-11
996,False,Double Indemnity,en,1944-07-06
14248,False,Igor,en,2008-09-19
442285,False,Le Rempart des Béguines,fr,1972-09-19
10152,False,Dumb and Dumberer: When Harry Met Lloyd,en,2003-04-14
1414010,False,Senin Harga Naik,id,2026-03-18
348678,False,En man som heter Ove,sv,2015-12-25
741074,False,Once Upon a Snowman,en,2020-10-23
1475803,False,Governor,hi,2026-06-12
85579,False,Karadedeler Olayı,tr,2011-09-16
22512,False,"Sexo, pudor y lágrimas",es,1999-06-18
22094,False,Hard Times,en,1975-08-13
2617,False,The Great Outdoors,en,1988-06-17
852448,False,I Came By,en,2022-08-19
1695882,False,Le patin,fr,2017-01-01
504364,False,Action Jasmine,bn,2015-05-15
1724692,False,Polis,nl,2026-07-23
10733,False,The Alamo,en,2004-04-07
1739143,False,Ám: Chuỗi Phim Ngắn Linh Dị,vi,2026-08-07
717980,False,Sharper,en,2023-02-10
10480,False,Nurse Betty,en,2000-08-30
881164,False,Boston Strangler,en,2023-03-16
774172,False,Sirumi,pt,2019-02-27
1137616,False,大武山上,zh,2023-06-04
1245535,False,ದಿ ಡೆವಿಲ್,kn,2025-12-11
10126,False,Colors,en,1988-04-15
1738902,False,Kubana,fr,2026-07-24
1278263,False,Les Graines du figuier sauvage,fr,2024-09-18
1367125,False,Gaua,eu,2025-11-13
9557,False,Boat Trip,en,2002-10-01
2084,False,Birthday Girl,en,2001-09-06
413793,False,陈毅市长,zh,1981-01-01
10126,False,Colors,en,1988-04-15
1738902,False,Kubana,fr,2026-07-24
1278263,False,Les Graines du figuier sauvage,fr,2024-09-18
1367125,False,Gaua,eu,2025-11-13
9557,False,Boat Trip,en,2002-10-01
2084,False,Birthday Girl,en,2001-09-06
413793,False,陈毅市长,zh,1981-01-01
129123,False,勾魂惡夢,cn,1999-05-20
11355,False,Never Been Kissed,en,1999-04-09
228970,False,Wild,en,2014-12-05
1079691,False,Para Penyusup,en,2022-09-11
680058,False,The Rescue,en,2021-10-08
1734954,False,Scavenged,en,2026-07-13
396943,False,Капитанская дочка,ru,1928-10-08
2185,False,Big Trouble,en,2002-04-05
504562,False,Motherless Brooklyn,en,2019-10-31
211387,False,Marvel One-Shot: Agent Carter,en,2013-10-04
11309,False,Hardware,en,1990-09-14
1737592,False,Makbul,en,2020-01-01
14746,False,Streets of Fire,en,1984-06-01
405775,False,The Wall,en,2017-05-12
11004,False,Wonder Boys,en,2000-02-22
585378,False,After Yang,en,2022-03-04
25538,False,一一,zh,2000-09-20
457697,False,XXXXXXX,en,2016-09-01
729679,False,Toma,sr,2021-12-20
87825,False,Trouble with the Curve,en,2012-09-21
1523426,False,Соавторы,ru,2026-09-10
13249,False,Seraphim Falls,en,2007-01-26
413518,False,Pinocchio,it,2019-12-19
1203329,False,The Witcher: Sirens of the Deep,en,2025-02-10
783675,False,THE FIRST SLAM DUNK,ja,2022-12-03
532710,False,Firestarter,en,2022-05-12
532067,False,映画 この素晴らしい世界に祝福を！紅伝説,ja,2019-08-30
345934,False,Air Strike,en,2018-10-26
33613,False,Luftslottet som sprängdes,sv,2009-11-27
1073380,False,清宫性史1之无能皇帝,zh,2002-01-01
1082010,False,고급창녀 2,ko,2022-10-19
11054,False,Hairspray,en,1988-02-26
10292,False,Urban Legends: Bloody Mary,en,2005-07-19
614587,False,ルパン三世 THE FIRST,ja,2019-12-06
1547301,False,Prompt,en,2025-12-05
290751,False,Secret in Their Eyes,en,2015-10-14
10348,False,霹靂火,cn,1995-08-05
1339588,False,Finding Emily,en,2026-05-21
339967,False,Colossal,en,2017-04-06
22201,False,Gunfight at the O.K. Corral,en,1957-05-30
214030,False,Fading Gigolo,en,2013-09-07
9298,False,Ali G Indahouse,en,2002-03-21
93856,False,Chernobyl Diaries,en,2012-05-24
16858,False,All That Jazz,en,1979-12-16
721625,False,Songbird,en,2020-12-10
9540,False,Dead Ringers,en,1988-09-23
1006219,False,Джимми Хиггинс,ru,1928-10-09
370755,False,Paterson,en,2016-11-17
478487,False,"Stalingrad, la plus grande bataille de la plus grande des guerres",fr,2001-01-01
1735109,False,Finding Him,en,
432783,False,Havasi napsütés,hu,1941-05-21
1559760,False,Thoughts & Prayers,en,2025-11-12
485030,False,Der Fremdenlegionär,de,1928-03-01
511035,False,A rajzolo,en,2016-03-11
371608,False,The Strangers: Prey at Night,en,2018-03-07
531499,False,The Tax Collector,en,2020-08-07
814340,False,Cha Cha Real Smooth,en,2022-06-17
297021,False,最近、妹のようすがちょっとおかしいんだが,ja,2014-05-17
452773,False,Tadeo Jones 2: El secreto del rey Midas,es,2017-03-25
1663983,False,Worst Enemy,en,
1740270,False,Fissuras,pt,
1680084,False,Popeye III: Requiem,en,2026-07-05
499726,False,MILF,fr,2018-05-02
1130760,False,Itsuni Ügüno,pt,
1559214,False,Aller-retour,fr,
1736401,False,Scorch Marks,en,2026-08-22
581387,False,백두산,ko,2019-12-19
171085,False,Escoriandoli,it,1996-09-07
152792,False,Devil's Knot,en,2013-05-09
57825,False,Bride & Prejudice,en,2004-02-11
1286635,False,Tetra,fr,2017-09-21
986431,False,Amigo Secreto,pt,2022-06-16
282813,False,The Pyramid,en,2014-12-04
282813,False,The Pyramid,en,2014-12-04
427988,False,Después del sueño,es,1992-09-09
19904,False,The Stepfather,en,2009-10-16
710294,False,Empire,en,2015-06-23
374461,False,Mr. Church,en,2016-09-16
10778,False,The Man Who Wasn't There,en,2001-10-26
512306,False,ଧଉଳି ଏକ୍ସପ୍ରେସ,or,2007-08-04
9430,False,Go,en,1999-04-09
370365,False,Skjærgården,no,2016-01-08
435129,False,The Breadwinner,en,2017-11-17
1062215,False,Afraid,en,2024-08-28
826046,False,Ramon Alvarado,en,
897192,False,Diary of a Wimpy Kid: Rodrick Rules,en,2022-12-01
569892,False,归宿,zh,1981-07-01
15805,False,Batman & Mr. Freeze: SubZero,en,1998-02-11
9504,False,Glengarry Glen Ross,en,1992-09-10
341006,False,The Belko Experiment,en,2017-03-17
457,False,Sissi,de,1955-12-22
36599,False,Prom Night,en,1980-07-18
12177,False,The Love Guru,en,2008-06-20
857098,False,火焰驹,zh,1958-01-01
13813,False,Defiance,en,2008-12-31
576723,False,Los días de la ballena,es,2019-11-28
1578611,False,Próxima Estação,pt,2024-11-29
129533,False,Barbie: The Princess & the Popstar,en,2012-09-13
34803,False,Death at a Funeral,en,2010-04-15
1429348,False,L'Étranger,fr,2025-10-29
403649,False,Առաջին Սիրո Երգը,hy,1958-12-11
1322470,False,She Thought,en,2023-10-28
1475298,False,Sisi London,en,
632322,False,All My Life,en,2020-10-23
209276,False,Starred Up,en,2014-03-21
512263,False,Honey Boy,en,2019-11-07
1527004,False,Всі відтінки спокуси,uk,2026-02-05
961,False,The General,en,1926-12-25
320002,False,Patativa do Assaré - Ave Poesia,pt,2009-02-21
1200320,False,Killing Faith,en,2025-10-03
1400357,False,The Christophers,en,2026-03-30
508935,False,八佰,zh,2020-08-14
454699,False,Monster Family,en,2017-08-24
581600,False,Spenser Confidential,en,2020-03-06
250225,False,The Duke of Burgundy,en,2015-02-20
918,False,Blind Date,en,1987-03-27
1238101,False,El Nazareno,es,2022-11-08
1662,False,State of Grace,en,1990-09-14
10468,False,28 Days,en,2000-04-06
10829,False,Tremors 3: Back to Perfection,en,2001-10-02
11547,False,Cabin Fever,en,2003-08-15
1041513,False,Encanto at the Hollywood Bowl,en,2022-12-27
440298,False,Zimna wojna,pl,2018-06-08
1368877,False,La Rampa,es,2023-08-20
34134,False,Barbie in A Mermaid Tale,en,2010-01-25
1034196,False,Bulu Film,en,2022-09-09
582820,False,L'Affaire Tournesol,fr,1964-01-01
823883,False,이모네 미용실 문 닫는 날,ko,2021-02-04
19458,False,Princess Protection Program,en,2009-06-08
1610418,False,The House on Haunted Grounds,en,2026-01-09
1511789,False,Captain Hook: The Cursed Tides,en,2025-07-11
430447,False,メアリと魔女の花,ja,2017-07-08
1244944,False,The Woman in the Yard,en,2025-03-27
995,False,Stagecoach,en,1939-03-02
1077782,False,Old Guy,en,2024-12-13
1376415,False,L'Affaire Bojarski,fr,2026-01-14
11848,False,Animal Farm,en,1954-12-28
785398,False,EO,en,2022-09-30
176241,False,Prison Break: The Final Break,en,2009-09-10
1326008,False,Layanan Terakhir,id,2024-07-21
11379,False,The Adventures of Buckaroo Banzai Across the 8th Dimension,en,1984-08-10
9759,False,Cellular,en,2004-09-06
321741,False,Concussion,en,2015-11-12
279204,False,Տերն ու ծառան,hy,1962-01-02
16910,False,劇場版 NARUTO -ナルト- 大激突!幻の地底遺跡だってばよ,ja,2005-08-06
527400,False,Come Away,en,2020-11-12
39102,False,ドラゴンボールゼット 超スーパーサイヤ人じんだ孫そん悟ご空くう,ja,1991-03-19
264656,False,The Homesman,en,2014-05-18
1248251,False,മോളിവുഡ് ടൈംസ്,ml,2026-06-05
1636665,False,Hukumat,ur,1967-05-05
13825,False,The Lazarus Project,en,2008-10-24
72431,False,Red Tails,en,2012-01-19
9416,False,Money Talks,en,1997-08-22
9647,False,Scrooged,en,1988-11-22
26953,False,Puppetmaster,en,1989-10-12
1059,False,隠し砦の三悪人,ja,1958-12-28
62204,False,La Guerre du feu,fr,1981-12-16
974453,False,Absolution,en,2024-10-31
853426,False,মেঘের পরে মেঘ,bn,2004-03-26
185341,False,[REC]⁴ Apocalipsis,es,2014-10-31
113947,False,The Sessions,en,2012-05-02
1107815,False,El aumento,es,2023-05-04
580012,False,Lakeside Suite,fr,2019-01-27
34636,False,Die unendliche Geschichte II - Auf der Suche nach Phantásien,de,1990-10-25
9062,False,Love Story,en,1970-12-16
58395,False,Sweet Toronto,en,1971-11-22
1244557,False,Lumen - Дыши,ru,2006-06-20
10461,False,Get Carter,en,2000-10-06
685535,False,Lucio Silla,en,2017-10-22
814216,False,La Flûte Enchantée - Château de Versailles,fr,2021-03-01
1020399,False,Andi,fr,2022-08-25
64685,False,Extremely Loud & Incredibly Close,en,2011-12-25
930915,False,Obrigado por Estar Aqui,pt,2023-03-17
563863,False,Always There,en,2018-12-06
26022,False,My Name Is Khan,hi,2010-02-10
999644,False,You Are So Not Invited to My Bat Mitzvah,en,2023-08-18
579051,False,Silk Road,en,2021-02-19
171713,False,Matar extraños,es,2013-02-23
559527,False,天湖女侠,zh,1988-01-01
11498,False,Dead Again,en,1991-08-23
1303524,False,Starting Quarterback,en,2025-08-15
6589,False,Underdog,en,2007-08-03
13576,False,This Is It,en,2009-10-28
19898,False,Pandorum,en,2009-09-08
354743,False,Lady Chatterley's Lover,en,2015-09-06
14282,False,獣兵衛忍風帖,ja,1993-06-05
12205,False,仄暗い水の底から,ja,2002-01-19
1209288,False,Justice League: Crisis on Infinite Earths Part Two,en,2024-04-22
1102536,False,Просвітлої дороги свічка чорна. Пам'яті Василя Стуса,uk,1992-01-06
1516035,False,Lucky Lacki,en,2025-07-22
38410,False,The Poughkeepsie Tapes,en,2007-04-27
331962,False,Exposed,en,2016-01-22
1720164,False,Augere,pt,
331962,False,Exposed,en,2016-01-22
1720164,False,Augere,pt,
306089,False,Isabel La Negra,es,1979-01-01
930761,False,Rua Dinorá,pt,2022-01-29
5125,False,Rendition,en,2007-09-07
501979,False,Bill & Ted Face the Music,en,2020-08-27
8852,False,Prince of Darkness,en,1987-10-23
1462591,False,Hot Line,es,2025-10-28
1427376,False,На переломе,ru,1957-12-09
65229,False,Tomboy,fr,2011-04-20
851840,False,Почтальон,ru,2021-07-07
17917,False,Oliver!,en,1968-09-26
3777,False,蜘蛛巣城,ja,1957-01-15
296187,False,Hortobágy,hu,1936-10-04
1223774,False,Через две весны,ru,1985-01-01
11892,False,Murder by Numbers,en,2002-04-19
24253,False,Flickan som lekte med elden,sv,2009-09-18
16558,False,Duplicity,en,2009-03-18
1628123,False,BTS 컴백 라이브: ARIRANG,ko,2026-03-21
21481,False,Twitches,en,2005-10-14
10285,False,Jason Goes to Hell: The Final Friday,en,1993-08-13
15739,False,Annie,en,1982-05-21
1738964,False,Hussaini,en,2026-05-09
1440304,False,Mauvaise Pioche,fr,2026-04-01
11772,False,The Haunting,en,1963-03-28
10762,False,Without a Paddle,en,2004-08-20
38541,False,The Divide,en,2012-01-13
693158,False,Proximity,en,2020-05-15
1626061,False,Pejam Pelik,en,2015-04-16
289727,False,The Rewrite,en,2014-06-15
769749,False,Finding You,en,2021-05-13
9676,False,The Black Dahlia,en,2006-09-15
4515,False,Lions for Lambs,en,2007-10-22
560732,False,ହାଲୋ ଆର୍ସି,or,2018-11-28
3133,False,Badlands,en,1974-01-05
848685,False,As bestas,fr,2022-07-20
1243741,False,Ballistic,en,2026-04-17
25676,False,寶貝計劃,cn,2006-09-28
43436,False,Little Women,en,1949-03-10
18904,False,A Summer Place,en,1959-11-18
1243741,False,Ballistic,en,2026-04-17
25676,False,寶貝計劃,cn,2006-09-28
43436,False,Little Women,en,1949-03-10
18904,False,A Summer Place,en,1959-11-18
12545,False,Jesus Christ Superstar,en,1973-08-15
1258545,False,Stay,en,2024-09-19
480105,False,47 Meters Down: Uncaged,en,2019-08-15
1297244,False,学校の幽霊2,ja,1996-08-09
347171,False,Benim ve Roz'un Sonbaharı,tr,2009-05-01
1257,False,Because I Said So,en,2007-02-02
107748,False,Sin tetas no hay paraíso,es,2010-07-23
290917,False,Vörös föld,hu,1982-09-06
1471224,False,Le Crime du 3e étage,fr,2026-03-11
9415,False,Murder at 1600,en,1997-04-18
50647,False,Wanderlust,en,2012-02-23
532814,False,The Bad Seed,en,2018-09-09
15544,False,Extreme Movie,en,2008-12-05
50671,False,The Resident,en,2011-02-10
639838,False,Sinister Seduction,en,2022-01-25
1000124,False,Somos animales,es,2023-01-05
7010,False,The Wild Geese,en,1978-06-28
510792,False,ବାଏ ବାଏ ଦୁବାଇ,or,2016-09-02
660779,False,Le couronnement,it,2019-09-25
1164355,False,Lembayung,id,2024-09-19
453956,False,Meu Corpo é Político,pt,2017-11-30
11017,False,Billy Madison,en,1995-02-10
1497871,False,La Visita,es,2016-01-01
814757,False,Empire of Light,en,2022-12-09
25539,False,奇謀妙計五福星,cn,1983-07-07
1397364,False,La grazia,it,2025-12-05
150100,False,უძინართა მზე,ka,1992-03-01
841755,False,Mortal Kombat Legends: Battle of the Realms,en,2021-08-30
400,False,Things to Do in Denver When You're Dead,en,1995-12-01
10316,False,The Ides of March,en,2011-10-07
312791,False,GirlHouse,en,2014-10-16
438689,False,Siberia,en,2018-07-13
13465,False,The Adventures of Ichabod and Mr. Toad,en,1949-10-05
1411927,False,Coming Home,fr,2008-01-01
390850,False,Pócspetri,hu,1983-04-01
59678,False,Attack the Block,en,2011-05-11
425980,False,Brad's Status,en,2017-09-14
11835,False,Death Sentence,en,2007-08-31
84308,False,"Madrid, 1987",es,2012-04-13
11361,False,Halloween 5: The Revenge of Michael Myers,en,1989-10-12
1428800,False,Benedita,pt,2025-04-27
690,False,Pickpocket,fr,1959-12-16
886921,False,Leader - আমিই বাংলাদেশ,bn,2023-04-20
10851,False,Revolver,en,2005-09-11
376995,False,Abymée,fr,2014-04-04
314385,False,By the Sea,en,2015-11-12
1493400,False,Camp Rock 3,en,2026-08-13
961651,False,Spider-Man: All Roads Lead to No Way Home,en,2022-05-03
1599090,False,Skyscraper Live,en,2026-01-23
144050,False,Jeca e Seu Filho Preto,pt,1978-04-17
38363,False,Fair Game,en,2010-05-20
761898,False,劇場版 ソードアート・オンライン-プログレッシブ- 星なき夜のアリア,ja,2021-10-30
1580392,False,Hôtel Lumière,fr,2025-11-12
1091181,False,Loups-Garous,fr,2024-10-22
1006392,False,女交通员,zh,1978-03-01
12689,False,"Angus, Thongs and Perfect Snogging",en,2008-07-25
398399,False,O Delírio é a Redenção dos Aflitos,pt,2016-05-15
785157,False,Capps Crossing: Wrong Side of Dead,en,2026-07-18
11338,False,Into the Night,en,1985-02-22
9541,False,Jersey Girl,en,2004-03-25
10339,False,Moby Dick,en,1956-06-27
1078842,False,ଲଭ୍ ଇନ୍ ଲଣ୍ଡନ୍,or,2023-06-13
1738464,False,La faille,fr,
637599,False,Janeiro 27,en,2016-01-01
637997,False,Ròm,vi,2020-07-31
13649,False,High School Musical 2,en,2007-08-17
1580674,False,La Presa,ca,
691001,False,Akartam csinálni egy filmet a fájdalomról,hu,2018-10-22
381126,False,Taego Ãwa,pt,2017-05-11
451925,False,Time Freak,en,2018-11-09
10991,False,劇場版ポケットモンスター 結晶塔の帝王 ENTEI,ja,2000-07-08
239832,False,Paixão de um Homem,pt,1972-12-25
27834,False,CQ,en,2001-05-12
60670,False,Les Rivières pourpres,fr,2000-09-27
452118,False,Le pèlerin de Camp Nou,fr,2009-04-04
26039,False,Point Blank,en,1967-08-30
26039,False,Point Blank,en,1967-08-30
383785,False,功夫瑜伽,zh,2017-01-27
28211,False,Chloe,en,2010-02-25
1651297,False,El Regresado,es,2026-04-20
1320669,False,ヤマトよ永遠に REBEL3199 第一章 黒の侵略,ja,2024-07-19
39203,False,名探偵コナン 銀翼の奇術師,ja,2004-04-17
1676811,False,Alaska Mike,fr,
9942,False,Major League,en,1989-02-16
341551,False,Pon tu pensamiento en mí,es,1996-01-01
763788,False,Dangerous,en,2021-11-05
589194,False,일상의 관계,ko,2018-08-30
623511,False,Nordsjøen,no,2021-10-29
869735,False,Ex Perimental,pt,2019-10-30
315846,False,海街diary,ja,2015-06-13
371606,False,Catherine ou les atomes d'une âme paumée,fr,2015-12-09
9299,False,Tesis,es,1996-04-11
11482,False,Le locataire,en,1976-05-26
19542,False,The Red Shoes,en,1948-09-06
520663,False,The Woman in the Window,en,2021-05-13
347626,False,He's All That,en,2021-08-27
11482,False,Le locataire,en,1976-05-26
19542,False,The Red Shoes,en,1948-09-06
520663,False,The Woman in the Window,en,2021-05-13
347626,False,He's All That,en,2021-08-27
1088615,False,அநாகரிகம்,ta,2011-11-26
1931,False,Stomp the Yard,en,2007-05-16
1077337,False,FOUR: Vol. 1,or,2022-01-28
690846,False,"Patricia, una pasión escondida",es,2020-01-21
538806,False,"Прощайте, фараоны!",ru,1975-01-13
430384,False,내 아내의 언니,ko,2016-12-20
266,False,Le Mépris,fr,1963-10-29
495925,False,映画ドラえもん のび太の宝島,ja,2018-03-03
111969,False,Stuck in Love,en,2013-06-14
4689,False,복수는 나의 것,ko,2002-03-29
10107,False,Firehouse Dog,en,2007-04-04
455568,False,Vörös tinta,hu,1960-01-07
10724,False,Firefox,en,1982-06-18
316154,False,The Bad Batch,en,2017-06-23
326215,False,Ooops! Noah Is Gone...,en,2015-03-26
1646950,False,Capture,en,2026-03-17
409221,False,Útvesztők,hu,2008-05-25
1132957,False,Despedida,es,2023-05-17
17101,False,劇場版 BLEACH The DiamondDust Rebellion もう一つの氷輪丸,ja,2007-12-22
10304,False,Starship Troopers 2: Hero of the Federation,en,2004-05-19
1619490,False,V4B EUROPA,fr,2026-01-18
14807,False,The Long Good Friday,en,1980-11-01
429471,False,Captive State,en,2019-03-15
635891,False,Clerks III,en,2022-09-04
350031,False,Lykkens grøde,no,2008-03-03
1130948,False,Rosebush Pruning,en,2026-04-23
1422041,False,La bola negra,es,2026-09-25
1659077,False,Adgwa-Ata,xx,2026-05-18
9846,False,To Live and Die in L.A.,en,1985-11-01
550094,False,Crowbar Smile,en,2017-02-17
12665,False,Powder,en,1995-10-27
877,False,Scarface,en,1932-04-09
35558,False,Starstruck,en,2010-02-14
949580,False,"Snoopy Presents: It's the Small Things, Charlie Brown",en,2022-04-14
1076487,False,Warhorse One,en,2023-06-30
375107,False,Duck Duck Goose,en,2018-03-09
1283619,False,Negative Sense,en,2024-04-30
202658,False,Bébé apache,en,1910-12-24
350499,False,ポケモン・ザ・ムービーXY 光輪の超魔神 フーパ,ja,2015-07-18
211047,False,Skazochnoye puteshestviye mistera Bilbo Begginsa. Khobbita,ru,1985-12-31
9381,False,Babylon A.D.,en,2008-08-20
68179,False,Escape from Planet Earth,en,2013-02-14
86825,False,Stoker,en,2013-02-28
701561,False,이채담의 지스팟,ko,2017-10-26
6522,False,Life,en,1999-04-16
405585,False,"Marie-Thérèse Porchet, née Bertholet - La Truie est en moi !",fr,1996-05-10
1533162,False,Qırmızı qar,az,1998-01-01
375183,False,A Family Man,en,2016-09-13
6961,False,The Wedding Date,en,2005-02-04
702936,False,Sniper: Assassin's End,en,2020-06-15
975490,False,Snoopy Presents: Lucy's School,en,2022-08-11
1623376,False,ブルーロック,ja,2026-08-06
1080647,False,CFFC 118,en,2023-04-01
1290287,False,Hot Frosty,en,2024-11-12
1594,False,A Shot in the Dark,en,1964-06-23
4911,False,Dark Blue,en,2002-12-14
746131,False,Les Olympiades,fr,2021-11-03
9283,False,Beautiful Girls,en,1996-02-09
491283,False,Judy,en,2019-09-27
586791,False,Little Fish,en,2021-02-05
533725,False,Hökm,az,1994-01-01
67343,False,殭屍家族,cn,1986-08-15
1056903,False,Menjamah Cahaya,id,2022-12-11
1000075,False,Largo Winch : Le Prix de l'argent,fr,2024-07-31
1020047,False,In the Hand of Dante,en,2026-06-12
537056,False,Batman: Hush,en,2019-07-19
647837,False,Крылатые быки,ru,2019-12-08
170028,False,Grève party,fr,1998-03-04
38745,False,Gulliver's Travels,en,2010-12-23
10671,False,Airport,en,1970-03-25
1680365,False,Várzea,pt,
216527,False,Avatar 4,en,2029-12-19
672647,False,The Map of Tiny Perfect Things,en,2021-02-12
9945,False,Vampires,en,1998-10-30
643246,False,Царь горы,ru,2017-11-09
874,False,A Man for All Seasons,en,1966-12-13
1680365,False,Várzea,pt,
216527,False,Avatar 4,en,2029-12-19
672647,False,The Map of Tiny Perfect Things,en,2021-02-12
9945,False,Vampires,en,1998-10-30
643246,False,Царь горы,ru,2017-11-09
874,False,A Man for All Seasons,en,1966-12-13
14113,False,Zoom,en,2006-08-11
2786,False,Pierrot le fou,fr,1965-11-05
408866,False,RE:BORN,ja,2016-09-24
21610,False,Nighthawks,en,1981-03-17
923877,False,Frères,fr,2022-04-05
10518,False,Marathon Man,en,1976-10-08
1243460,False,Joe's College Road Trip,en,2026-02-12
14435,False,My Bloody Valentine,en,2009-01-16
88934,False,Adiós Amigo,en,1975-12-25
1792,False,Stuck on You,en,2003-12-10
9469,False,He Got Game,en,1998-05-01
24614,False,聖石傳說,zh,2000-01-22
274957,False,تیری یاد,ur,1948-08-07
387820,False,수상한 미용실,ko,2015-10-22
512,False,Scoop,en,2006-07-27
929039,False,Maýak çyrasy,tk,1977-05-05
531306,False,Rim of the World,en,2019-05-24
19595,False,Shark Bait,en,2006-07-07
20006,False,Pink Cadillac,en,1989-05-26
37523,False,Kıskanmak,tr,2009-08-08
928943,False,Noche Roja,es,2022-02-19
512412,False,Backtrace,en,2018-12-14
1297199,False,Memori Bapak,en,2024-05-19
763884,False,Exo-Orbital,pt,2020-11-14
513181,False,புது வாழ்வு,ta,1957-03-08
174675,False,The Machine,en,2013-04-25
4723,False,Southland Tales,en,2007-11-14
820232,False,鬼滅の刃 兄妹の絆,ja,2019-03-29
874540,False,Nemierīgie prāti,lv,2021-11-20
429464,False,O Dia em que Márcio Roubou um Roteiro e Viraram Café Nele,pt,2016-12-16
1233069,False,Exterritorial,de,2025-04-29
810132,False,නොම්මර 17,si,1989-07-21
951,False,Kindergarten Cop,en,1990-12-21
124459,False,The Incredible Burt Wonderstone,en,2013-03-14
429464,False,O Dia em que Márcio Roubou um Roteiro e Viraram Café Nele,pt,2016-12-16
1233069,False,Exterritorial,de,2025-04-29
810132,False,නොම්මර 17,si,1989-07-21
951,False,Kindergarten Cop,en,1990-12-21
124459,False,The Incredible Burt Wonderstone,en,2013-03-14
900379,False,Roter Himmel,de,2023-04-20
1730593,False,کرم داتا,ur,1997-07-11
530382,False,In the Shadow of the Moon,en,2019-09-27
88103,False,Emmanuelle in Space 2: A World of Desire,en,1994-07-06
168098,False,Cell,en,2016-07-06
1211373,False,바람난 아내들2,ko,2018-12-11
1074156,False,淫乱人间,zh,1994-01-01
348617,False,L'Américaine,fr,2011-01-01
8398,False,The Hitcher,en,2007-01-19
855616,False,U šumi,hr,2020-11-12
623485,False,PEACE: An Element Audiovisual Project,en,2018-10-16
18781,False,The Haunting in Connecticut,en,2009-03-27
298584,False,Cabin Fever,en,2016-02-12
1339658,False,"Oh, Hi!",en,2025-07-25
990,False,The Hustler,en,1961-09-25
11472,False,Nine Months,en,1995-07-12
1654312,False,Ikan-Ikan,jv,
1171624,False,늑대소녀: 야생소녀를 교육하다,ko,2020-10-02
644479,False,Dedicada A Mi Ex,es,2019-11-01
42246,False,Tom and Jerry: The Fast and the Furry,en,2005-09-03
1649111,False,Éruption,fr,2026-05-13
111485,False,You Wish!,en,2003-01-10
591275,False,Fear Street: 1666,en,2021-07-14
11980,False,The Prophecy,en,1995-08-05
1230116,False,Junior Associate,en,2024-02-02
866288,False,Drunken Master Su Qier,en,2021-08-25
808396,False,God Is a Bullet,en,2023-06-22
993784,False,Lisa Frankenstein,en,2024-02-07
47407,False,Milf,en,2010-10-17
286873,False,Northmen: A Viking Saga,en,2014-10-23
889580,False,Bisikan Jenazah,id,2021-11-04
49950,False,The Roommate,en,2011-02-04
406256,False,末代叛亂犯,zh,2015-05-09
576530,False,Gatta alla pari,it,1993-01-01
1554346,False,Lonely People,en,2025-09-28
286873,False,Northmen: A Viking Saga,en,2014-10-23
889580,False,Bisikan Jenazah,id,2021-11-04
49950,False,The Roommate,en,2011-02-04
406256,False,末代叛亂犯,zh,2015-05-09
576530,False,Gatta alla pari,it,1993-01-01
1554346,False,Lonely People,en,2025-09-28
575322,False,Звёздный разум,en,2022-01-06
273271,False,Time Lapse,en,2014-05-18
900597,False,"Meu amigo que trabalhou com Manoel de Oliveira, que fez 100 anos",pt,2012-07-01
440897,False,Повесть о первой любви,ru,1957-07-28
1055286,False,Treinando Pedro,pt,2022-11-30
15794,False,White Heat,en,1949-09-02
520306,False,La Escuela,es,
11853,False,Bad Girls,en,1994-04-22
857598,False,పుష్పా 2 - The Rule,te,2024-12-04
15999,False,吸血鬼ハンターD ブラッドラスト,ja,2001-04-21
4587,False,Mermaids,en,1990-12-14
784651,False,फाइटर,hi,2024-01-24
982,False,The Manchurian Candidate,en,1962-10-24
1363898,False,Pendeviejos,es,2017-02-09
174,False,Star Trek VI: The Undiscovered Country,en,1991-12-06
266745,False,Українська література: посібник для мудаків,uk,2010-09-23
1314226,False,Capitán Barato,es,2024-07-12
6538,False,Charlie Wilson's War,en,2007-12-19
362113,False,A Última das Minas,pt,2015-06-30
850804,False,The Interview,hi,2020-08-24
615469,False,Spiderhead,en,2022-06-15
1421687,False,海岛巨蟒,zh,2025-01-23
18129,False,The Grifters,en,1990-08-08
86835,False,Knight of Cups,en,2015-09-10
221732,False,るろうに剣心　伝説の最期編,ja,2014-09-13
46146,False,Trolljegeren,no,2010-10-29
11359,False,The Indian in the Cupboard,en,1995-07-14
41215,False,Black Death,en,2010-06-07
1685752,False,Henna Splash,en,2006-11-08
7839,False,Wedding Daze,en,2006-09-09
12110,False,Dracula: Dead and Loving It,en,1995-12-22
1375090,False,Reconnected,en,
284276,False,Cake,en,2014-09-07
284427,False,Who Am I – Kein System ist sicher,de,2014-09-25
36834,False,Total Eclipse,en,1995-11-03
138,False,Dracula,en,1931-02-12
473,False,Pi,en,1998-07-10
849092,False,As Órbitas da Água (Versão Sólida),pt,2021-11-26
886396,False,Batman and Superman: Battle of the Super Sons,en,2022-10-17
8427,False,I Spy,en,2002-10-31
1542643,False,망내인: 얼굴 없는 살인자들,ko,2025-12-17
637356,False,У полі,uk,2017-11-10
739277,False,飛鳳春宵,zh,1993-08-13
227348,False,Paranormal Activity: The Marked Ones,en,2014-01-01
26550,False,Piccole labbra,it,1978-02-08
651114,False,Underwater,en,2016-09-24
51999,False,Perfect Sense,en,2011-09-29
9445,False,Apt Pupil,en,1998-10-23
888144,False,Marginália Carne,pt,
675327,False,Shadow in the Cloud,en,2021-01-01
192139,False,The Brink of War,en,2026-08-14
9538,False,Scanners,en,1981-01-14
811,False,Silent Running,en,1972-03-09
248240,False,Víz,en,2001-05-29
1593115,False,Καποδίστριας,el,2025-12-25
1642624,False,Salvation,en,
1443803,False,Locked In,en,2023-12-07
1735961,False,El Fantasma,es,
1235431,False,【推しの子】-The Final Act-,ja,2024-12-20
506,False,Marnie,en,1964-07-17
346709,False,Line of Duty,en,2019-12-25
1545486,False,ഉന്മാദം,ml,2026-07-31
937926,False,La Ratonera,es,2020-05-05
12658,False,Someone Like You...,en,2001-03-30
481836,False,두 엄마,ko,2017-08-01
48231,False,A Dangerous Method,en,2011-09-30
277558,False,Final Girl,en,2015-04-14
182248,False,Seven Hours to Judgment,en,1988-09-16
703745,False,Deep Blue Sea 3,en,2020-08-25
364353,False,Patah Hati,ms,1952-08-02
1480295,False,Affinity,en,2025-11-27
567965,False,Misbehaviour,en,2020-03-12
8989,False,Harry and the Hendersons,en,1987-06-05
12561,False,ゴジラvsデストロイア,ja,1995-12-09
26603,False,Vice Versa,en,1988-02-25
557757,False,Солиот эх,mn,2018-01-04
1477108,False,Maninilip,tl,2025-05-23
691179,False,Friends: The Reunion,en,2021-05-27
354181,False,Les Misérables,de,1987-01-01
730245,False,Bottled Songs: My Crush Was a Superstar,fr,2017-05-29
10859,False,Stakeout,en,1987-08-05
1212073,False,60 Minuten,de,2024-01-19
5967,False,Les Parapluies de Cherbourg,fr,1964-02-19
484237,False,Kyrsyä,fi,2018-04-06
208134,False,Jackass Presents: Bad Grandpa,en,2013-10-22
1736202,False,Secondhand Embarrassment,en,2026-07-23
596386,False,Excursion,en,2018-01-11
324732,False,慈母曲,zh,1937-01-17
18725,False,給爸爸的信,cn,1995-02-08
1323475,False,Champagne Problems,en,2025-11-18
38408,False,Life As We Know It,en,2010-10-02
1633264,False,Louis Theroux: Inside the Manosphere,en,2026-03-10
793998,False,L'Événement,fr,2021-11-04
554805,False,キングダム,ja,2019-04-19
18725,False,給爸爸的信,cn,1995-02-08
1323475,False,Champagne Problems,en,2025-11-18
38408,False,Life As We Know It,en,2010-10-02
1633264,False,Louis Theroux: Inside the Manosphere,en,2026-03-10
793998,False,L'Événement,fr,2021-11-04
554805,False,キングダム,ja,2019-04-19
332672,False,Rendez-Vous,nl,2015-06-04
516329,False,Antlers,en,2021-10-28
845222,False,킹덤: 아신전,ko,2021-07-23
748167,False,Uglies,en,2024-09-12
1047244,False,Joséphine La Cantatrice ou le Peuple des Souris,fr,
582834,False,鍵,ja,1983-12-24
521733,False,Montevideo Family,en,1943-05-01
22907,False,Takers,en,2010-08-26
11891,False,Kung Pow: Enter the Fist,en,2002-01-25
1681717,False,Hysterical,en,2023-05-13
482040,False,엄마친구 3,ko,2017-03-30
279431,False,Beijo na Boca,pt,1987-01-02
1175174,False,Fackham Hall,en,2025-12-05
12107,False,Nutty Professor II: The Klumps,en,2000-07-27
32022,False,名探偵コナン 天国へのカウントダウン,ja,2001-04-21
831010,False,ଲକ୍ଷ୍ମୀ,or,1962-03-22
872628,False,将满未满,zh,2021-09-26
583406,False,Judas and the Black Messiah,en,2021-02-12
390678,False,Cobra,id,1977-01-01
1519414,False,松山之殇,zh,2025-09-03
401200,False,Kursk,en,2018-11-07
13195,False,Flawless,en,2007-09-01
342644,False,Yeni Dünya,tr,2015-03-06
293909,False,赵一曼,zh,1950-07-30
1141868,False,Tante Siska,hi,2023-06-02
213681,False,Masterminds,en,2016-09-29
8649,False,Bringing Out the Dead,en,1999-10-22
423696,False,Kismaszat és a Gézengúzok,hu,1984-10-31
774132,False,She Knows,en,2020-06-20
759,False,Gentlemen Prefer Blondes,en,1953-07-15
9809,False,Let's Go to Prison,en,2006-11-17
14943,False,クローズZERO,ja,2007-10-26
8992,False,The Sure Thing,en,1985-03-01
1307001,False,Atomic Rush,es,2022-05-22
1307001,False,Atomic Rush,es,2022-05-22
829920,False,Fate/Grand Order: Shuukyoku Tokuiten - Kani Jikan Shinden Solomon,ja,2021-07-30
89644,False,Elsa Fräulein SS,fr,1977-09-26
806704,False,The Batman: Part II,en,2028-02-17
7457,False,Alpha Dog,en,2006-01-27
925365,False,Секрет успеха,ru,1964-01-01
623338,False,Oasis,en,2019-12-08
14373,False,Death Wish II,en,1982-02-20
1318335,False,Les Rayons et les Ombres,fr,2026-03-18
467660,False,Unsane,en,2018-03-22
2440,False,공동경비구역 JSA,ko,2000-09-09
1040651,False,ဆည်းဆာတိမ်,my,2022-12-01
168153,False,Bir Qalanın Sirri,az,1959-12-27
408094,False,La familia Figueroa: una dinastía musical,es,2015-10-04
771033,False, Хэвтрийн хүн,mn,2020-10-20
12104,False,Pink Floyd: The Wall,en,1982-07-14
1221451,False,Salawahan,tl,2024-02-02
3635,False,Girl with a Pearl Earring,en,2003-12-12
638449,False,The Last Letter from Your Lover,en,2021-07-23
1457376,False,Shooting Guard,en,2022-08-11
2161,False,Fantastic Voyage,en,1966-08-24
1739531,False,Ultra Sound,en,
1453597,False,El Cuco,es,2012-01-01
413603,False,Barbárok ideje,hu,1970-01-01
17295,False,La battaglia di Algeri,it,1966-09-08
4012,False,The Believer,en,2001-08-23
558065,False,წარმატება,ka,1980-08-01
342470,False,All the Bright Places,en,2020-02-28
855734,False,共赴国难,zh,1932-01-01
842124,False,Shirá: A Música da Alma,pt,2021-06-17
443463,False,Leave No Trace,en,2018-06-29
260647,False,"Si-Gueriki, la reine-mère",en,2002-03-08
24418,False,Cirque du Freak: The Vampire's Assistant,en,2009-10-23
1207308,False,Hermanas,es,2022-11-30
461729,False,Mémoires anachroniques ou le couscous du vendredi midi,ar,2013-06-13
801913,False,Sharp Stick,en,2022-07-29
1214684,False,Kiss of the Spider Woman,en,2025-10-09
1168450,False,Red Gloves,en,2023-08-19
959894,False,പള്ളിച്ചട്ടമ്പി,ml,2026-04-15
482916,False,凶宅美人头,zh,1989-01-01
582596,False,The Wrong Missy,en,2020-05-13
11983,False,Proof of Life,en,2000-12-08
1409570,False,डेसान: The Epidemic,ne,2022-12-09
11953,False,影武者,ja,1980-04-26
878778,False,Há um azul no céu,pt,2020-11-26
218683,False,Avant Garde,en,
582913,False,The Room,en,2019-09-12
653131,False,여선생 2,ko,2018-12-18
1479852,False,Run Amok,en,2026-01-26
1500367,False,Entre sombras,es,2022-07-05
666666,False,Надоело умирать,ru,2020-02-03
1605429,False,Dead Bloom,en,2025-12-27
626735,False,Dog,en,2022-02-17
10012,False,Cursed,en,2005-02-25
1072173,False,Kopi Stigma,id,2022-11-06
261392,False,American Ultra,en,2015-08-19
312165,False,Sanã,pt,2013-04-04
262620,False,天倫,zh,1935-09-06
165213,False,신세계,ko,2013-02-21
1327194,False,As Formigas,pt,2017-09-06
11867,False,Barb Wire,en,1996-05-02
52683,False,En plein cœur,fr,1998-11-25
4985,False,The Longest Yard,en,1974-08-21
170657,False,西游·降魔篇,zh,2013-02-07
727745,False,The Kissing Booth 3,en,2021-08-11
696,False,Manhattan,en,1979-04-25
765806,False,Otro Futuro,es,1989-12-31
650019,False,Cabrito,pt,2020-07-24
417644,False,CHiPs,en,2017-03-23
11971,False,Much Ado About Nothing,en,1993-05-07
664035,False,Love Sarah,en,2020-07-02
821,False,Judgment at Nuremberg,en,1961-12-18
11566,False,Dave,en,1993-05-07
13353,False,"It's the Great Pumpkin, Charlie Brown",en,1966-10-27
1593117,False,Entre Mães,pt,2025-11-30
1730633,False,دل میں چھپا کے رکھنا,ur,1999-05-07
163259,False,País do Desejo,pt,2012-01-26
2149,False,Body of Evidence,en,1993-01-15
943542,False,Stealing Lust,en,2021-10-07
1087973,False,ମାମା ୱେଡ୍ସ ପାପା,or,2023-02-17
631517,False,Føkkings mai,no,2017-03-30
662539,False,夜幕下的黄色幽灵,zh,1989-01-01
537920,False,Эвакуационный роман,ru,2011-12-05
1586876,False,映画ちいかわ 人魚の島のひみつ,ja,2026-07-24
19053,False,Valley Girl,en,1983-04-08
1094274,False,Y2K,en,2024-12-06
545742,False,ONE PIECE エピソードオブ空島,ja,2018-08-25
340613,False,The Wife,en,2017-08-17
1451281,False,El trompo,es,2005-01-01
354556,False,Защитники,ru,2017-02-14
253416,False,De vergeløse,no,1939-09-28
9644,False,National Lampoon's Loaded Weapon 1,en,1993-02-04
289899,False,Beim nächsten Mann wird alles anders,de,1989-01-12
33222,False,La revolución no será televisada,en,2003-03-07
11982,False,Look Who's Talking Now!,en,1993-11-05
257,False,Oliver Twist,en,2005-09-23
1474378,False,Obscura,en,2024-11-14
1383072,False,ಮಹಾವತಾರ ನರಸಿಂಹ,kn,2025-07-25
716612,False,Spencer,en,2021-11-04
11895,False,Police Academy 6: City Under Siege,en,1989-03-09
454740,False,Treasure,en,2017-03-04
26268,False,Harper,en,1966-02-22
98025,False,La liceale,it,1975-10-31
578908,False,Bad Trip,en,2021-03-25
1582572,False,Auf Standby,de,
9642,False,Astérix et les Vikings,fr,2006-04-12
523849,False,The Last Sharknado: It's About Time,en,2018-08-19
206648,False,Красные колокола. Фильм 1. Мексика в огне,ru,1982-03-19
1126457,False,John McLaughlin - Live At A To Jazz Festival,fr,2022-12-15
1499984,False,Gladiator Underground,en,2025-08-22
1284301,False,Âme Cœur,en,2024-05-04
1081400,False,The Mill,en,2023-10-09
622512,False,Estoy feliz,ru,2019-09-15
1462647,False,Gap,xx,2023-05-30
37903,False,Das weiße Band - Eine deutsche Kindergeschichte,de,2009-09-24
1405769,False,I Can Only Imagine 2,en,2026-02-19
988402,False,Vampire humaniste cherche suicidaire consentant,fr,2023-10-13
404822,False,Tigipió - Uma Questão de Amor e Honra,pt,1987-12-10
1501787,False,Hús Kamra,hu,2026-03-03
9039,False,Trapped,en,2002-09-20
48377,False,Le Déménagement,fr,1997-02-02
11157,False,She-Devil,en,1989-12-08
68727,False,Trance,en,2013-03-27
1155234,False,时间之子,zh,2025-05-30
10839,False,Cross of Iron,en,1977-01-28
1536502,False,Almonds,es,2024-12-20
1175366,False,Las ventanas,es,2023-09-07
2334,False,Taxi 3,fr,2003-01-29
15653,False,An Extremely Goofy Movie,en,2000-02-29
15159,False,The Pink Panther 2,en,2009-02-06
1524469,False,Phantom Heritage,pt,
10477,False,Driven,en,2001-04-27
340402,False,Almost Christmas,en,2016-11-11
1120911,False,Saturday Night,en,2024-09-27
637131,False,Кто умрёт сегодня,ru,1967-06-14
1409606,False,Trou story,fr,2024-12-16
1319895,False,Hostile Takeover,en,2025-08-08
878380,False,El dorado,es,2022-09-29
34482,False,The Clique,en,2008-11-11
1374443,False,La despedida,en,2014-10-01
795928,False,KARL RICH: Crazy ft. PAS,de,2021-02-03
865078,False,白粉妹,zh,1995-01-01
10185,False,The Midnight Meat Train,en,2008-08-07
47759,False,大闹天宫,zh,1961-07-25
1275202,False,Зеленое,ru,2024-03-21
666243,False,The Witcher: Nightmare of the Wolf,en,2021-08-22
9464,False,Buffalo '66,en,1998-01-20
9271,False,Virtuosity,en,1995-08-04
800622,False,Shikhandi Kotha,bn,2013-04-19
469877,False,Picture of Beauty,en,2017-03-14
575776,False,Saint Maud,en,2020-10-09
1807,False,Elephant,en,2003-09-20
196013,False,A Ilha dos Prazeres Proibidos,pt,1979-01-15
671074,False,아내의 애인 3,ko,2020-01-10
1696,False,The Devil's Rejects,en,2005-07-22
765897,False,The Unbreakable Boy,en,2025-02-20
36225,False,徳川女刑罰絵巻　牛裂きの刑,ja,1976-09-04
247,False,The Killing,en,1956-06-06
11804,False,White Noise,en,2005-01-07
271736,False,The Program,en,2015-09-16
11646,False,Gallipoli,en,1981-08-13
1738475,False,Siraam,en,2025-12-05
308548,False,Rain (Nyesha),en,1978-01-01
1276521,False,Charlie the Wonderdog,en,2025-10-24
165108,False,"Histoire d'O, chapitre 2",fr,1984-08-06
1010184,False,Ercole Amante,it,2019-11-06
354861,False,Father Figures,en,2017-12-21
1685314,False,Selfie,bn,2013-02-03
2284,False,Mr. Magorium's Wonder Emporium,en,2007-11-16
1530341,False,Fenômeno Boy,en,
1481390,False,聊斋：兰若寺,zh,2025-07-12
515404,False,Broken Together,en,2015-01-22
44147,False,Wild Target,en,2010-06-17
145,False,Breaking the Waves,da,1996-07-05
9545,False,Sniper,en,1993-01-29
245700,False,Mr. Turner,en,2014-10-31
13022,False,Rogue,en,2007-11-08
11648,False,Must Love Dogs,en,2005-07-21
10150,False,The Last Unicorn,en,1982-11-19
9754,False,Firewall,en,2006-02-08
538225,False,Deadwood: The Movie,en,2019-05-31
18670,False,洪熙官之少林五祖,cn,1994-02-05
1635633,False,Barrera,es,2024-02-04
7091,False,Vampire's Kiss,en,1989-06-02
1441563,False,My Secret Santa,en,2025-12-02
37533,False,Noce blanche,fr,1989-11-08
21422,False,名探偵コナン 時計じかけの摩天楼,ja,1997-04-19
1306056,False,Female 4,bn,2024-06-17
159117,False,V/H/S/2,en,2013-06-06
21575,False,Un prophète,fr,2009-08-26
1729162,False,Hatchling,en,2025-11-01
1728794,False,Julia Arina,en,2023-01-01
435320,False,A Plebe É Rude,pt,2017-01-16
401,False,Garden State,en,2004-07-28
411888,False,Sueños atrapados,es,1994-01-02
344799,False,Звездный инспектор,ru,1980-10-27
1152904,False,Середина жизни,ru,1976-07-17
382597,False,RAID Dingue,fr,2017-02-01
11177,False,Mask,en,1985-03-08
1014754,False,ძაღლზე უკეთესი,ka,2016-01-20
481891,False,정사: 친구의 엄마,ko,2017-08-24
10922,False,The Human Stain,en,2003-10-29
1589891,False,La hora de los valientes,es,2025-12-18
14534,False,Rudy,en,1993-09-17
9697,False,Lady in the Water,en,2006-07-19
523366,False,Dragon Rider,en,2020-10-13
545752,False,Starbucks Unfiltered,en,2018-08-25
13105,False,Mr. Mom,en,1983-07-22
514921,False,The Aeronauts,en,2019-11-04
11663,False,The Commitments,en,1991-08-14
664906,False,Panoramen,de,2019-11-29
333348,False,Love the Coopers,en,2015-11-12
16235,False,Amityville II: The Possession,en,1982-09-24
1737570,False,Nasiya,en,2021-01-01
981251,False,WKND - Stories,en,2018-06-25
10122,False,Flight of the Navigator,en,1986-07-30
1435924,False,La Estancia,es,2023-12-09
1360305,False,Performance,fr,
9429,False,A Night at the Roxbury,en,1998-10-01
1464235,False,Adiós Muchachos,es,2025-04-15
1435924,False,La Estancia,es,2023-12-09
1360305,False,Performance,fr,
9429,False,A Night at the Roxbury,en,1998-10-01
1464235,False,Adiós Muchachos,es,2025-04-15
839185,False,黑三角,zh,1977-01-01
696374,False,Gabriel's Inferno,en,2020-05-29
2731,False,Indochine,fr,1992-04-15
1724455,False,Adagio Forte,pt,
1222581,False,Ave Maria,pt,2023-12-19
764491,False,মাটির পাহাড়,bn,1959-08-28
11137,False,The Prince & Me,en,2004-03-28
1056360,False,American Fiction,en,2023-11-10
286567,False,Max Steel,en,2016-10-14
264980,False,Das Mädchen mit der heißen Masche,de,1972-03-09
11293,False,Paper Moon,en,1973-05-09
10644,False,The Unbearable Lightness of Being,en,1988-02-05
237,False,Young Adam,en,2003-09-26
1507534,False,Take Everything,en,2025-06-15
13018,False,Deception,en,2008-04-24
8489,False,Ali,en,2001-12-10
1739681,False,Los Sangurimas,es,1993-01-01
16938,False,Black Christmas,en,1974-10-11
748044,False,Por donde pasa el silencio,es,2020-08-22
744631,False,蓝蓝天空,zh,2020-09-13
332488,False,Zombie Resurrection,en,2014-10-25
1639398,False,Psicópata: El Asesino del Conejo Blanco,es,2026-03-19
603206,False,Dream Horse,en,2021-05-21
8130,False,Desperately Seeking Susan,en,1985-03-29
342806,False,Vekha,en,2014-05-09
1145221,False,It Feeds,en,2025-04-17
1421765,False,Tjorak Dunia,id,1955-05-03
331583,False,The Whole Truth,en,2016-03-25
122081,False,Spring Breakers,en,2013-03-06
86828,False,Absolutely Anything,en,2015-02-13
254327,False,Chilla,uz,2014-02-07
393457,False,Fences,en,2016-12-16
244458,False,The Voices,en,2014-01-19
724109,False,구멍동서,ko,2020-07-06
922846,False,Hecate,en,2015-12-17
1098983,False,ইঞ্চি ইঞ্চি প্রেম,bn,2013-11-15
10380,False,An American Tail: Fievel Goes West,en,1991-11-21
1498587,False,"change, ciclo",en,2025-09-01
10654,False,Hair,en,1979-03-15
763669,False,Kelebek Adam,tr,2019-12-01
283378,False,Fallen,en,2016-11-10
35412,False,On the Beach,en,1959-12-17
854053,False,RAmén,es,2019-06-24
494731,False,האוצר מעבר לנהר,he,2016-07-28
1565483,False,Arterial,pt,2025-10-18
2196,False,Death at a Funeral,en,2007-08-17
1123093,False,Diary of a Wimpy Kid Christmas: Cabin Fever,en,2023-12-07
33408,False,The Crush,en,1993-04-02
594945,False,"À Mansourah, tu nous as séparés",fr,2019-11-05
37280,False,クレヨンしんちゃん 嵐を呼ぶ モーレツ！オトナ帝国の逆襲,ja,2001-04-21
469929,False,A cigánybáró,hu,1969-05-24
123719,False,Kanımdaki Barut,tr,2009-03-26
795899,False,Cena do Crime,pt,2021-07-25
12763,False,Take the Lead,en,2006-03-17
209263,False,Enough Said,en,2013-09-18
107257,False,A Perfect Ending,en,2012-06-01
53932,False,Las edades de Lulú,es,1990-12-03
323272,False,War Room,en,2015-08-28
14326,False,Nights in Rodanthe,en,2008-09-26
1736323,False,Salvation,en,
11620,False,Quo Vadis,en,1951-11-08
864101,False,Мира,ru,2022-12-22
1118741,False,Fallen Aliens,tl,2023-05-03
19576,False,ワンピース,ja,2000-03-04
581389,False,승리호,ko,2021-02-05
262740,False,女体育教師　跳んで開いて,ja,1981-10-09
999582,False,Babes,en,2024-03-09
11478,False,The Skulls,en,2000-03-31
30020,False,طعم گيلاس,fa,1997-09-28
1655419,False,Everytime,de,2026-08-06
399796,False,Life of the Party,en,2018-05-10
1589713,False,Badut Gendong,id,2026-05-27
1108828,False,गर्ल्स विल बी गर्ल्स,hi,2024-08-21
1687464,False,Animal Justice,en,
1444466,False,आवारापन २,hi,2026-08-14
1411007,False,Soudées,fr,2025-06-20
1305012,False,Cosmos,pt,
21450,False,Naked,en,1993-08-06
13929,False,Geri's Game,en,1997-11-24
910832,False,Alter Ego,en,2021-12-07
699452,False,El acontecimiento,es,2020-04-20
1606792,False,Il bagno,it,2025-03-10
879444,False,Accident Man: Hitman's Holiday,en,2022-10-14
396172,False,Angry Inuk,en,2016-05-02
11542,False,Altered States,en,1980-12-25
11127,False,Starship Troopers 3: Marauder,en,2008-07-19
24056,False,The Tournament,en,2009-05-01
1602337,False,பரிமளா & கோ,ta,2026-06-05
138300,False,Sin un adiós,es,1970-09-17
10878,False,Saving Silverman,en,2001-02-09
15596,False,Back to School,en,1986-06-13
1524027,False,家庭教師が解く！～殺人方程式の推理ドリル～,ja,2013-05-20
229,False,Bride of Frankenstein,en,1935-04-20
628914,False,Queenpins,en,2021-08-26
1116598,False,Control Zeta,es,2023-04-27
389629,False,ଇନ୍ଦ୍ରଧନୁର ଛାଇ,or,1993-03-24
628914,False,Queenpins,en,2021-08-26
1116598,False,Control Zeta,es,2023-04-27
389629,False,ଇନ୍ଦ୍ରଧନୁର ଛାଇ,or,1993-03-24
1297763,False,ニンジャバットマン対ヤクザリーグ,ja,2025-03-17
557946,False,Last Looks,en,2022-01-27
10026,False,Hot Tamale,en,2006-04-23
330666,False,Foucault contre lui même,fr,2014-06-18
796197,False,ToothRot,en,2020-03-25
332794,False,L'Odyssée,fr,2016-10-12
1059811,False,Flora and Son,en,2023-09-21
1371189,False,Ruth & Boaz,en,2025-09-25
1681388,False,O Hotel,pt,
1639249,False,Berlinskaya fuga,hu,2009-08-07
513045,False,Stuber,en,2019-07-11
475215,False,未来のミライ,ja,2018-07-20
10760,False,Sydney White,en,2007-09-21
17336,False,Fighting,en,2009-04-24
12560,False,The Big Chill,en,1983-09-30
650524,False,尋秦記,cn,2025-12-31
597891,False,Kate,en,2021-09-10
27381,False,Innocent Blood,en,1992-09-25
41280,False,Private Lessons,en,1981-05-01
724282,False,Telur Ceplok,id,2020-09-01
1582292,False,Anak Omputeh,ms,2025-11-17
12914,False,Stargate: Continuum,en,2008-07-29
1355126,False,Pabrik Gula,id,2025-03-31
1721607,False,Fantasme,fr,2026-07-31
53168,False,喜劇之王,cn,1999-02-08
1351894,False,Stolen Springs,en,
578871,False,Cairo Affaire,es,2019-01-29
1171462,False,ゴールデンカムイ,ja,2024-01-19
718049,False,চন্দ্রাবতী কথা,bn,2020-09-19
1496491,False,De la Comédie-Française,fr,2026-07-22
1417890,False,Dunia Kiki,id,2025-01-09
1036045,False,ପରଦେଶୀ ବାବୁ,or,1999-12-03
44603,False,Hereafter,en,2010-10-22
693537,False,Azul Carne,pt,2017-09-10
31602,False,The Chase,en,1966-02-18
8997,False,Hollow Man II,en,2006-05-23
12268,False,The Pink Panther Strikes Again,en,1976-09-16
712144,False,Downstream to Kinshasa,fr,2020-09-12
662546,False,Godmothered,en,2020-12-04
3084,False,Wuthering Heights,en,1939-04-07
12554,False,Citizen X,en,1995-02-25
439715,False,Про бегемота на імʼя Ну-й-нехай,uk,1986-02-05
1355755,False,An Almost Christmas Story,en,2024-10-14
527326,False,Akweke,en,2016-04-30
42979,False,The Robot Chicken: Star Wars,en,2007-07-17
10611,False,Barbershop,en,2002-04-01
964819,False,99 Moons,de,2023-04-27
1723166,False,لو ان لنڈن,ur,1987-11-27
654028,False,The Christmas Chronicles: Part Two,en,2020-11-18
62568,False,天使心,zh,1995-05-25
387834,False,유부녀들,ko,2015-10-14
268800,False,Novela,pt,1992-01-01
5544,False,Hiroshima mon amour,fr,1959-06-10
474335,False,Uncle Drew,en,2018-06-27
551217,False,Zig Zag,en,2018-09-22
1590694,False,Notre Enfance,fr,2026-04-02
1239198,False,Mi querida señorita,es,2026-04-17
474335,False,Uncle Drew,en,2018-06-27
551217,False,Zig Zag,en,2018-09-22
1590694,False,Notre Enfance,fr,2026-04-02
1239198,False,Mi querida señorita,es,2026-04-17
966358,False,Broken Record,en,2014-04-03
654299,False,Como caído del cielo,es,2019-12-24
560192,False,Grand Isle,en,2019-12-06
82696,False,Hope Springs,en,2012-08-07
157851,False,Maps to the Stars,en,2014-05-21
1671716,False,Ma Xó,vi,2026-06-05
1596643,False,Bárbara,es,2020-12-02
236751,False,Heaven Is for Real,en,2014-04-16
29917,False,Exam,en,2009-06-19
1294390,False,Seda,es,2023-01-18
447330,False,L'Opéra,fr,2017-04-05
11158,False,"Honey, I Blew Up the Kid",en,1992-07-16
678266,False,Tiếng Bom Hòa Bình,vi,1966-01-02
421473,False,Above Suspicion,en,2019-06-20
46337,False,Bikini Girls from the Lost Planet,en,2006-01-01
1403903,False,Ato Noturno,pt,2026-01-15
410762,False,В едином строю,ru,1959-10-05
1396742,False,Contrarreloj,es,2024-12-04
440709,False,Traídas Pelo Desejo,pt,1976-02-08
1221061,False,In die Sonne schauen,de,2025-08-28
110930,False,Adieu Mères,en,2008-02-01
15392,False,Crossroads,en,1986-03-14
11973,False,Thirteen Days,en,2000-12-25
1513650,False,That Feeling,en,2022-02-23
568435,False,El tesoro,es,2018-12-08
30197,False,The Producers,en,1968-03-18
364272,False,Ayrton: Retratos e Memórias - O Filme,pt,2015-10-26
700862,False,新宿マリア,ja,1975-03-21
1514026,False,Buddy,en,2026-08-28
5851,False,Showtime,en,2002-03-14
1175176,False,La Carne,es,2024-01-01
12187,False,Heart and Souls,en,1993-08-13
1640598,False,Negative Space,en,
145220,False,Muppets Most Wanted,en,2014-03-20
12143,False,Bad Lieutenant,en,1992-11-20
318624,False,回民支队,zh,1959-01-01
30159,False,I Confess,en,1953-02-12
13151,False,Scooby-Doo on Zombie Island,en,1998-09-22
1479460,False,In Mourning,en,2025-05-12
342878,False,Un moment d'égarement,fr,2015-06-24
13567,False,Sleepaway Camp,en,1983-11-18
324560,False,Brimstone,en,2016-03-12
465595,False,달콤한섹스,ko,2017-07-06
30943,False,The Deep End of the Ocean,en,1999-03-12
853160,False,Pa Va Hêng,vi,2021-07-20
1075456,False,O'Dessa,en,2025-03-08
1608982,False,جرس إنذار: الحفرة,ar,2026-01-21
349048,False,Hija de la Laguna,es,2015-08-27
683906,False,В город пришла беда,ru,1966-01-01
1700453,False,Sword,en,2026-05-15
537739,False,Can You Keep a Secret?,en,2019-09-13
1029076,False,Nurut Dong,id,2022-06-22
8338,False,Blindness,en,2008-05-14
16337,False,The Texas Chainsaw Massacre 2,en,1986-08-22
1514497,False,La yorona,es,1994-01-01
464889,False,Sniper: Ultimate Kill,en,2017-10-03
197998,False,皆月,ja,1999-10-23
10703,False,七劍,zh,2005-07-25
10351,False,Wishmaster,en,1997-09-19
11592,False,Serial Mom,en,1994-04-13
1636891,False,Mexicali,en,2026-03-13
715888,False,Animaux Médecins,fr,2014-01-01
291351,False,The Sea of Trees,en,2016-04-27
1549709,False,พี่นาค 5,th,2026-03-03
28609,False,ドラゴンボールＺ オラの悟飯をかえせッ!!,ja,1989-07-15
823,False,人狼 JIN-ROH,ja,1999-11-17
1255788,False,Le Jardinier,fr,2025-01-30
24752,False,ドラゴンボールZ とびっきりの最強対最強,ja,1991-07-20
227700,False,Anna,en,2013-10-13
1677713,False,Butt/Stuff,en,2026-04-20
348964,False,Baby Phone,fr,2014-01-17
260713,False,Lezioni private,it,1975-11-03
2266,False,"Paris, je t'aime",fr,2006-06-21
260,False,The 39 Steps,en,1935-06-06
571384,False,Come Play,en,2020-10-28
486632,False,Hullámhosszok,hu,1971-01-01
486632,False,Hullámhosszok,hu,1971-01-01
1252,False,Lonely Hearts,en,2006-04-30
371729,False,Moleque Tião,pt,1943-12-07
350004,False,꿈,ko,1990-09-29
45752,False,Scooby-Doo! Camp Scare,en,2010-09-14
8011,False,Highlander III: The Sorcerer,en,1994-11-29
11866,False,Flight of the Phoenix,en,2004-12-17
1322752,False,劇場版プロジェクトセカイ 壊れたセカイと歌えないミク,ja,2025-01-17
678,False,Out of the Past,en,1947-11-25
599134,False,La Libertad es una Palabra Grande,es,2018-11-17
462275,False,Az utolsó előtti ember,hu,1963-01-01
256917,False,The Water Diviner,en,2014-12-25
13378,False,Mickey's Twice Upon a Christmas,en,2004-11-09
250734,False,Far from the Madding Crowd,en,2015-04-23
266285,False,The Salvation,da,2014-05-22
973390,False,Sometime Again,en,
12253,False,Biker Boyz,en,2003-01-31
9871,False,Ginger Snaps,en,2000-12-11
596141,False,"Там, где длинная зима",ru,1968-10-21
18311,False,阿飛正傳,cn,1990-12-15
162903,False,The Fifth Estate,en,2013-10-11
1075,False,"Crna mačka, beli mačor",sr,1998-06-01
1027729,False,爆乳戦隊ファイバスター,ja,2008-09-12
21309,False,River's Edge,en,1986-10-10
1658982,False,The Roast of Kevin Hart,en,2026-05-10
544170,False,Heaven's Not All That,en,2017-09-28
16411,False,頭文字D,cn,2005-05-12
383962,False,Блакитна сукня,uk,2017-05-31
1088548,False,Amarga Navidad,es,2026-03-20
11806,False,Beethoven,en,1992-04-03
449406,False,Vivo,en,2021-07-30
339259,False,The Man with the Iron Heart,en,2017-05-25
300439,False,Operación Mantis,es,1984-01-01
793200,False,Misión en Buenos Aires,es,1954-02-03
10206,False,Buffy the Vampire Slayer,en,1992-07-24
327331,False,The Dirt,en,2019-03-18
22423,False,Guilty by Suspicion,en,1991-03-15
10949,False,Oliver Twist,en,1948-06-28
769248,False,Mezanino,pt,2020-11-27
5653,False,Luther,en,2003-10-29
1129104,False,Flavia,en,2026-04-12
11010,False,Il postino,it,1994-09-22
31675,False,Cromwell,en,1970-07-16
1243779,False,La estacion,es,2021-01-01
450516,False,Siempre días azules,es,2005-11-11
940780,False,Somos Dois,pt,1950-12-06
38579,False,Marmaduke,en,2010-06-03
1297446,False,Slanted,en,2026-03-13
526007,False,The Night Clerk,en,2020-02-19
11031,False,This Is Spinal Tap,en,1984-03-02
1286932,False,La Subterránea,es,2022-07-15
26612,False,Treasure Island,en,1990-06-07
929066,False,Одесский подкидыш,ru,2018-04-21
617762,False,The Electrical Life of Louis Wain,en,2021-10-21
551271,False,Medieval,en,2022-09-08
690311,False,Sin Pulso,en,2011-02-28
763665,False,Estrella roja,es,2021-11-20
765172,False,Rise of the Teenage Mutant Ninja Turtles: The Movie,en,2022-11-19
11352,False,Always,en,1989-12-22
576887,False,Lui,pt,2019-01-16
2470,False,Belle Époque,es,1992-12-04
447759,False,청불학원,ko,2017-03-14
722194,False,পোড়ামন,bn,2013-06-14
444090,False,Askeladden - I Dovregubbens hall,no,2017-09-29
1735723,False,Private Property,en,2026-08-08
335423,False,Манкурт,tk,1990-01-01
460846,False,Security,en,2017-03-04
1054913,False,Escale,fr,2023-01-14
546726,False,Sub Rosa,en,2014-08-10
286457,False,Októberi vasárnap,en,1979-08-11
16441,False,The Beastmaster,en,1982-08-16
1400125,False,Un Rocher,en,2024-11-22
11557,False,St. Elmo's Fire,en,1985-06-28
1453624,False,Virus,es,2010-01-01
9103,False,The Quest,en,1996-04-19
86597,False,The Tall Man,en,2012-03-19
3090,False,The Treasure of the Sierra Madre,en,1948-01-15
472271,False,花为媒,zh,1963-08-01
14177,False,Beauty Shop,en,2005-04-22
68812,False,The Iceman,en,2012-09-01
472271,False,花为媒,zh,1963-08-01
14177,False,Beauty Shop,en,2005-04-22
68812,False,The Iceman,en,2012-09-01
1063879,False,Vermines,fr,2023-12-27
38360,False,Летят журавли,ru,1957-10-12
31414,False,Sátántangó,hu,1994-02-08
6072,False,One Eight Seven,en,1997-07-29
1739672,False,ان داتا,ur,1976-11-26
1375107,False,Pajaratan Cinta,id,
206563,False,Trash,en,2014-10-09
1654045,False,La cuarta,en,2024-03-27
616446,False,Brothers,en,2024-10-10
1469164,False,Casa Grande,en,2026-05-01
76170,False,The Wolverine,en,2013-07-21
295833,False,Basilio Martín Patino. La Décima Carta,en,2014-09-25
70436,False,The Raven,en,2012-03-09
662708,False,劇場版ポケットモンスター ココ,ja,2020-12-25
520360,False,King of Thieves,en,2018-09-04
25623,False,ハウス,ja,1977-08-26
212716,False,What If,en,2013-09-07
149522,False,Куда течет море?,ru,2011-01-01
614911,False,The Midnight Sky,en,2020-12-10
458271,False,"Urtain, el Rey de la Selva… o así",es,1969-01-01
893258,False,September 12th: Reflections on September 11th From an Airline Worker,en,2021-09-07
540,False,D.E.B.S.,en,2005-03-25
284289,False,Beyond the Reach,en,2014-09-06
13197,False,10th & Wolf,en,2006-02-19
1150531,False,Barquito,es,2014-01-01
58857,False,十三人の刺客,ja,2010-09-25
945043,False,KINBAKU～月の章～,ja,2017-01-06
12819,False,Alpha and Omega,en,2010-07-05
482,False,Shaft,en,1971-06-25
1002563,False,ଗୁପ୍‌ଚୁପ୍,or,2022-06-10
580951,False,Маҥнайгы таптал,ru,2015-02-12
415227,False,Emberrabló lányok,hu,1990-01-01
578189,False,Black and Blue,en,2019-10-25
81672,False,Appassionata,it,1974-05-22
8348,False,Thunderbolt and Lightfoot,en,1974-05-23
1105764,False,Tenemos Patria,es,2023-07-06
931642,False,Lights Out,en,2024-02-16
10294,False,Vacancy,en,2007-04-20
362865,False,Pomeriggio caldo,it,1989-03-16
1040827,False,আড়াল,bn,2022-10-27
1209451,False,Peluit Panjang,id,2023-11-26
376865,False,High Life,en,2018-09-26
13931,False,Mike's New Car,en,2002-05-24
134366,False,Grave Encounters 2,en,2012-10-12
30484,False,Warrior Queen,en,1987-01-26
450131,False,El proyecto,en,2017-04-27
370567,False,Sherlock Gnomes,en,2018-03-15
11234,False,The Omega Man,en,1971-08-01
1728021,False,Life Review ®,es,2026-08-01
378303,False,"Le Président, sa femme et moi !",fr,2010-06-24
354251,False,Southbound,en,2015-09-17
11890,False,Oscar,en,1991-04-26
3078,False,It Happened One Night,en,1934-02-22
1429744,False,ปากกัด ตีนถีบ,th,2025-07-08
1288481,False,The altar,en,
79246,False,Az elvarázsolt dollár,hu,1986-05-01
785738,False,Nosotros,es,
351964,False,The Escort,en,2015-11-05
25188,False,The Last Picture Show,en,1971-10-03
21832,False,新世紀エヴァンゲリオン劇場版 シト新生,ja,1997-03-15
902,False,La Cité des enfants perdus,fr,1995-05-17
631708,False,Fortín alto,es,1941-06-03
82390,False,The Paperboy,en,2012-09-14
10753,False,警察故事續集,cn,1988-08-13
33511,False,Nowhere Boy,en,2009-12-25
315129,False,Szerelmi álmok,en,1935-01-01
558582,False,First Cow,en,2020-03-06
196024,False,Kvinden i buret,da,2013-10-03
19840,False,"I Love You, Beth Cooper",en,2009-07-10
14202,False,The Painted Veil,en,2006-12-09
31947,False,King Kong Lives,en,1986-12-16
112355,False,La tua presenza nuda!,it,1972-10-14
1549786,False,Atenção Realidade,pt,1979-01-01
148604,False,Злой дух Ямбуя,ru,1977-08-25
20539,False,The Crucible,en,1996-11-27
819422,False,Goldfish,en,2021-03-16
582895,False,Chanson douce,fr,2019-11-27
148604,False,Злой дух Ямбуя,ru,1977-08-25
20539,False,The Crucible,en,1996-11-27
819422,False,Goldfish,en,2021-03-16
582895,False,Chanson douce,fr,2019-11-27
1423091,False,Túnel,es,
261296,False,Rózsafabot,hu,1940-11-25
337007,False,Alagút,en,1980-04-23
14013,False,BASEketball,en,1998-07-28
12140,False,イノセンス,ja,2004-03-06
952217,False,King Tweety,en,2022-06-13
9400,False,Set It Off,en,1996-11-06
25405,False,Taking Chance,en,2009-09-21
795811,False,偶然と想像,ja,2021-04-11
345200,False,El señor,es,2012-02-21
13666,False,The Wolf Man,en,1941-12-09
133931,False,Zambezia,en,2012-06-05
626412,False,외계+인 2부,ko,2024-01-10
400054,False,Searchdog,en,2016-05-28
984401,False,Hôtel Artemis,en,2000-06-06
671583,False,Upside-Down Magic,en,2020-07-31
625048,False,The Choice,en,2019-08-14
843053,False,Rudé boty,cs,2021-06-23
1188258,False,青春18x2 君へと続く道,zh,2024-03-14
11937,False,The Gods Must Be Crazy II,en,1989-07-01
1017909,False,Sofia the First: Ready To Be A Princess,en,2013-09-13
1425310,False,PedidosYa,es,2024-10-24
1313194,False,Summer of 69,en,2025-03-13
760517,False,모럴센스,ko,2022-02-11
429476,False,Hell Fest,en,2018-09-27
300494,False,Հարսնացուն հյուսիսից,hy,1975-11-19
10657,False,Needful Things,en,1993-08-27
11037,False,Iron Eagle,en,1986-01-17
514810,False,Beautiful Rose,en,2017-03-28
139567,False,Fire with Fire,en,2012-08-31
11041,False,The Beverly Hillbillies,en,1993-10-15
698818,False,음란 주택: 노예가 된 아내,ko,2020-02-06
739990,False,Nightbooks,en,2021-09-15
686487,False,King Kong vs. Godzilla,en,1963-06-26
986280,False,Kuolleet lehdet,fi,2023-09-14
760907,False,Beat 97,pt,2020-11-05
422124,False,O Amor Que Não Ousa Dizer Seu Nome,pt,2013-10-10
919586,False,O Assalto,pt,2023-09-05
1098927,False,পবিত্র ভালোবাসা,bn,2018-10-05
267307,False,Remue-ménage,fr,2002-04-22
730251,False,HAPPYEND,ja,2024-10-04
384798,False,Kill Command,en,2016-05-13
530723,False,Bad Education,en,2019-09-08
924246,False,Was bleibt,de,2019-05-30
842033,False,괴기맨숀,ko,2021-06-30
435577,False,Den 12. mann,no,2017-12-25
290864,False,一個人的武林,zh,2014-10-31
1585476,False,Kevin Costner Presents: The First Christmas,en,2025-12-09
81250,False,Geek Charming,en,2011-11-11
615121,False,The Thomas Crown Affair,en,2027-03-04
119675,False,Behind the Candelabra,en,2013-05-26
6280,False,Junior,en,1994-11-22
950051,False,Sujeito Oculto,pt,2022-06-23
280034,False,Ксенофілія,uk,2012-01-01
368940,False,Robinson Crusoe,de,2016-02-04
9609,False,Of Mice and Men,en,1992-09-16
982500,False,Pontianak Kembali,ms,1963-02-16
658009,False,宗师叶问,zh,2019-12-23
458302,False,Rémi sans famille,fr,2018-12-12
1020414,False,Peter Pan's Neverland Nightmare,en,2025-01-13
1374686,False,Light of the World,en,2025-09-04
447541,False,Vadászat angolokra,hu,2006-11-30
37950,False,Charlie St. Cloud,en,2010-07-30
980931,False,No Endings,en,2022-05-07
485431,False,Заложник,ru,1984-05-25
547932,False,The Trouble Agent,en,2016-03-11
1201155,False,Ipad Dealing,en,
484747,False,Les Chatouilles,fr,2018-11-14
1443268,False,Entre Vidas,pt,
1088226,False,Артем и Ева,ru,2023-03-07
51731,False,鹿鼎記 II : 神龍敎,cn,1992-09-24
13159,False,Georgia Rule,en,2007-05-10
467824,False,인랑,ko,2018-07-25
1159121,False,Francisco,es,2021-10-09
1023332,False,Anwar,es,2022-04-30
519131,False,La Chanson,fr,2018-05-18
1159121,False,Francisco,es,2021-10-09
1023332,False,Anwar,es,2022-04-30
519131,False,La Chanson,fr,2018-05-18
13257,False,Mr. Woodcock,en,2007-09-14
8999,False,Derailed,en,2005-11-11
390584,False,King Cobra,en,2016-10-21
898525,False,El arponero,no,2022-05-05
1397159,False,Manequim,pt,2024-12-04
11637,False,Are We There Yet?,en,2005-01-20
719463,False,Haute Couture,fr,2021-11-10
1724606,False,Bomb,en,2025-11-01
1630235,False,El Rastro,es,2026-02-28
14372,False,Leviathan,en,1989-03-17
1723428,False,Ira Electoral,en,2025-12-24
1720375,False,Breakfast,en,2026-07-25
13341,False,Bad News Bears,en,2005-07-22
1178908,False,Goal Atzmi,he,1996-01-01
11694,False,Cat Ballou,en,1965-06-24
1985,False,The Constant Gardener,en,2005-08-31
1404061,False,Monroe,en,2024-12-13
9787,False,Lords of Dogtown,en,2005-06-03
530336,False,昭和枯れすすき,ja,1975-06-07
382591,False,Demain tout commence,fr,2016-12-07
1242404,False,Steve,en,2025-09-19
856264,False,荒江女侠 第六集,zh,1930-12-31
1158616,False,Le Répondeur,fr,2025-06-04
411742,False,Esküvőtől válóperig,hu,
48624,False,超神伝説 うろつき童子,ja,1989-03-18
1186350,False,മാർക്കോ,ml,2024-12-20
1503002,False,Dr. Jason,en,2022-01-27
332889,False,La Compromission,ar,1986-01-02
1600294,False,Bloddie,tl,
630957,False,"Amsterdam, journaalonderwerpen",xx,1913-01-01
50507,False,非洲和尚,cn,1991-07-05
13499,False,"Yours, Mine & Ours",en,2005-11-23
763740,False,Picumã,pt,2020-11-12
1335666,False,Glenrothan,en,2026-04-17
823609,False,Monster Family 2,en,2021-10-15
248574,False,Barely Lethal,en,2015-04-23
7211,False,Dan in Real Life,en,2007-10-26
823609,False,Monster Family 2,en,2021-10-15
248574,False,Barely Lethal,en,2015-04-23
7211,False,Dan in Real Life,en,2007-10-26
550231,False,The Secret: Dare to Dream,en,2020-04-16
4174,False,Spellbound,en,1945-11-08
647250,False,The Machine,en,2023-05-25
1370917,False,Madrid,es,2022-10-13
7300,False,One Fine Day,en,1996-12-20
1251717,False,Vicious,en,2025-08-06
739547,False,Thelma the Unicorn,en,2024-05-17
1461714,False,My Mom Jayne,en,2025-06-20
4193,False,Evil Under the Sun,en,1982-03-05
47423,False,縱橫四海,cn,1991-02-02
516571,False,ଲୁଚକାଳି,or,2012-03-29
356414,False,Agora: Από τη Δημοκρατία στις Αγορές,el,2015-01-15
1527163,False,මෝඩ තරිඳු,si,2025-10-10
846821,False,Папині кросівки,uk,2022-01-23
39144,False,ドラゴンボール 神龍の伝説,ja,1986-12-20
2020,False,The Bachelor,en,1999-11-05
1215162,False,Kill 'em All 2,en,2024-09-24
1339422,False,Casa diversa,es,2024-08-27
360310,False,Tarântula,pt,2015-09-17
10679,False,Iron Sky,en,2012-04-04
597890,False,Voyagers,en,2021-04-08
330083,False,П. К. П.,ru,1926-09-28
2148,False,The Cotton Club,en,1984-12-14
1730595,False,راجہ پاکستانی,ur,1997-08-14
1278395,False,La Espera,es,2024-01-29
45202,False,하녀,ko,2010-05-13
1726595,False,Retrouvailles,fr,
1139817,False,무도실무관,ko,2024-09-12
116303,False,レンタネコ,ja,2012-05-12
1567159,False,Radio Destino,es,2025-10-21
271116,False,Devil Angel,cn,1995-11-09
122583,False,名探偵コナン １１人目のストライカー,ja,2012-04-14
1204913,False,In Memoriam,th,2024-05-24
903339,False,Ridley,en,2021-11-20
639220,False,Повар и певица,ru,1979-07-09
1010182,False,Refúgio,pt,2022-05-18
3573,False,Emma,en,1996-08-02
2669,False,The Bounty,en,1984-05-04
975773,False,Wicked Little Letters,en,2024-02-23
1665104,False,The Book,en,2026-04-10
15035,False,Fire and Ice,en,1983-03-25
74513,False,Forces spéciales,fr,2011-11-02
1629194,False,Experimento Lab,pt,
11386,False,The Crying Game,en,1992-09-02
10142,False,Casualties of War,en,1989-08-18
325789,False,The Infiltrator,en,2016-07-13
43824,False,Waterloo Bridge,en,1940-05-17
960258,False,Shark Bait,en,2022-05-13
1182861,False,Romería,es,2025-09-05
849869,False,길복순,ko,2023-02-18
22787,False,Whiteout,en,2009-09-09
402862,False,Amores Passageiros,pt,2012-01-02
14677,False,Last Train from Gun Hill,en,1959-07-29
9290,False,Crocodile Dundee in Los Angeles,en,2001-04-12
1740085,False,Twisted Scissors,en,2026-08-01
10833,False,Heartbreakers,en,2001-03-23
1045061,False,La Fabbricazione,tr,2015-05-15
1740085,False,Twisted Scissors,en,2026-08-01
10833,False,Heartbreakers,en,2001-03-23
1045061,False,La Fabbricazione,tr,2015-05-15
2086,False,Nick of Time,en,1995-11-22
1567026,False,Cold Feet,es,
7548,False,The Libertine,en,2004-09-16
3586,False,Prêt-à-Porter,en,1994-12-23
488515,False,A kivégzés,hu,2014-05-23
9988,False,Beerfest,en,2006-08-25
548225,False,Em Pessoa,pt,2018-04-16
11167,False,Peeping Tom,en,1960-04-07
1603330,False,Rush Hour,en,2024-03-06
460321,False,Close,en,2019-02-22
12280,False,The Paper,en,1994-03-18
73686,False,W ciemności,pl,2011-12-09
202575,False,The House of Magic,en,2013-12-24
803934,False,Partner,bn,2020-12-12
380238,False,Freddy Hotel,it,2014-07-09
401951,False,Negócio Fechado,es,2001-06-13
850845,False,幻 Express,zh,2020-09-13
850845,False,幻 Express,zh,2020-09-13
531384,False,無雙,cn,2018-09-30
263341,False,"Crouching Tiger, Hidden Dragon: Sword of Destiny",en,2016-02-18
1739444,False,Viagem Perdida,pt,
1383154,False,눈동자,ko,2026-06-24
1358942,False,Altering Ego,de,2024-10-11
341586,False,শ্যামল ছায়া,bn,2004-11-01
1075831,False,Todavia Sinto,pt,2023-01-20
836919,False,"Who Are You, Charlie Brown?",en,2021-06-24
10313,False,The Men Who Stare at Goats,en,2009-10-17
271714,False,Love & Mercy,en,2015-05-29
13509,False,The Monster Squad,en,1987-08-14
1436161,False,Obsession,en,2025-03-28
241257,False,Regression,en,2015-10-01
1620231,False,Nuance,fr,2025-01-10
763873,False,Under Wraps,en,2021-10-01
300168,False,天將雄師,zh,2015-02-19
755437,False,Mamá o papá,es,2021-12-17
553600,False,プロメア,ja,2019-05-24
364946,False,Inferno,fr,2008-10-23
335778,False,Risen,en,2016-02-18
15659,False,Foul Play,en,1978-07-14
1139979,False,The Wonderful World of Mickey Mouse: Steamboat Silly,en,2023-07-28
14728,False,The Librarian: The Curse of the Judas Chalice,en,2008-10-25
15136,False,夕陽天使,cn,2002-05-14
440597,False,Wish Upon,en,2017-07-07
11884,False,The Last Starfighter,en,1984-07-13
430516,False,Robert Bosch - Vermächtnis eines Großindustriellen,de,2011-08-17
670266,False,Tremors: Shrieker Island,en,2020-10-20
1363867,False,Alma,es,2012-01-01
340442,False,Pilgrimage,en,2017-04-23
1439,False,Anna and the King,en,1999-12-16
931493,False,Mưu Kế Thượng Lưu,vi,2022-02-03
11101,False,Stalingrad,de,1993-01-20
1117652,False,وداعا يا لبنان,ar,1968-09-09
660017,False,At Rainbow’s End 2,en,2020-01-02
453201,False,The 15:17 to Paris,en,2018-02-07
437542,False,딸의 친구,ko,2017-01-19
38027,False,Mandingo,en,1975-06-06
232474,False,Jecão... Um Fofoqueiro no Céu,pt,1977-03-25
232474,False,Jecão... Um Fofoqueiro no Céu,pt,1977-03-25
736732,False,브로커,ko,2022-06-08
1511549,False,Ancora più sexy,it,2026-06-12
9623,False,The Juror,en,1996-02-02
295151,False,Let It Snow,en,2019-11-08
409433,False,Onésime a un duel à l'américaine,en,1912-12-31
869019,False,Dil Do,hi,2020-09-30
387936,False,Fanfreluches et idées noires,fr,2016-03-15
914415,False,Gogol Doc,uk,2019-04-11
882209,False,Comando Terrorista,es,1992-10-08
263746,False,மந்திரி குமாரி,ta,1950-06-24
1047856,False,Incondicional,pt,2022-11-13
1650883,False,角頭3,zh,
1999,False,In the Bedroom,en,2001-11-23
290825,False,Yoga Hosers,en,2016-07-08
1209217,False,名探偵コナン 100万ドルの五稜星（みちしるべ）,ja,2024-04-12
1125311,False,Imaginary,en,2024-03-06
421,False,The Life Aquatic with Steve Zissou,en,2004-12-10
931035,False,姉日記,ja,1984-06-29
10490,False,Drop Dead Gorgeous,en,1999-07-16
928344,False,Weird: The Al Yankovic Story,en,2022-09-08
1236419,False,Piece by Piece,en,2024-10-10
819540,False,في زاوية أمي,ar,2020-11-21
1141679,False,PRÓXIMO!,pt,2023-06-16
231164,False,甘い鞭,ja,2013-09-21
938008,False,더 킬러: 죽어도 되는 아이,ko,2022-07-13
19345,False,Black Widow,en,1987-02-06
964960,False,La Passion de Dodin Bouffant,fr,2023-11-08
291881,False,BoOzy’ OS et la Gemme de Cristal,fr,2013-04-15
931102,False,龙马精神,zh,2023-04-07
1680455,False,Shaken,en,2026-04-24
10007,False,See No Evil,en,2006-05-19
320004,False,Nadie quiere la noche,en,2015-11-27
9611,False,Romy and Michele's High School Reunion,en,1997-04-25
1284629,False,Sludge,en,2024-05-03
824369,False,ଭାଇ ଭାଇ,or,1956-07-21
559638,False,정사: 아내의 친구,ko,2018-05-17
1600672,False,エヴァンゲリオン放送30周年記念特別興行,ja,2026-02-21
760868,False,Svart krabba,sv,2022-03-18
463570,False,Lisboa-Província,pt,2010-06-26
391423,False,입영전야,ko,2016-04-05
1370083,False,Peperiskaan,zh,2024-12-07
283227,False,A Little Chaos,en,2015-03-26
4169,False,Breach,en,2007-02-12
406708,False,Caçadores de Espécies e o Símbolo Secreto,pt,2014-01-01
703237,False,Ma blessure d'âge adulte,fr,2020-05-11
11826,False,Sexy Beast,en,2001-01-12
16759,False,Five Minutes of Heaven,en,2009-01-19
27374,False,Lake Mungo,en,2009-07-30
1401093,False,Мажор 10 лет,ru,2024-12-21
1729158,False,Feather Dance,en,2025-11-01
177205,False,Suicídio Encomendado,pt,2007-03-14
1255369,False,Финник 2,ru,2025-10-23
10341,False,Bis ans Ende der Welt,de,1991-09-12
936061,False,Under Wraps 2,en,2022-09-25
508113,False,कान्छी,ne,2018-02-16
15573,False,The Cowboys,en,1972-01-13
259072,False,Wrong Turn 6: Last Resort,en,2014-08-22
1665544,False,Toda Noite,pt,
77951,False,Walking with Dinosaurs,en,2013-12-18
1665544,False,Toda Noite,pt,
77951,False,Walking with Dinosaurs,en,2013-12-18
1533735,False,Nawab Cafe,te,2026-03-12
435901,False,О любви,ru,2017-03-23
789211,False,Commentary Tracks,en,2020-08-01
156126,False,Onésime horloger,fr,1912-11-01
1664309,False,Vera,es,2015-01-01
700457,False,Dois Perdidos,pt,2019-08-15
523936,False,Méandre,fr,2021-07-01
283235,False,99 Homes,en,2015-09-25
1699155,False,Maternal Instinct,en,2026-06-11
26963,False,The Secret of Kells,en,2009-02-09
13785,False,Best in Show,en,2000-09-29
21348,False,Kirikou et la sorcière,fr,1998-12-09
321751,False,A Perfect Day,en,2015-08-28
251516,False,Kung Fury,en,2015-05-22
13150,False,Pride and Glory,en,2008-09-09
190955,False,Blood Ties,en,2013-08-22
353569,False,Table 19,en,2017-03-03
1473148,False,Gentle Monster,de,2026-09-17
1473148,False,Gentle Monster,de,2026-09-17
809083,False,La radio,es,2021-01-30
559563,False,사춘기 여동생,ko,2018-06-13
483846,False,Цемент,uk,1927-12-01
3089,False,Red River,en,1948-09-17
775,False,Le Voyage dans la Lune,fr,1902-06-15
500774,False,Flash,es,2018-01-06
453039,False,Antes do Fim,pt,2018-02-15
1599152,False,Hasarların Arxasında,tr,
815543,False,El Pirata,es,2015-12-06
774100,False,"Alexander and the Terrible, Horrible, No Good, Very Bad Road Trip",en,2025-03-26
308369,False,Me and Earl and the Dying Girl,en,2015-06-12
300391,False,Көч,ky,2014-10-04
243684,False,"Men, Women & Children",en,2014-10-17
586461,False,Swallow,en,2020-01-15
21683,False,Batman: Mystery of the Batwoman,en,2003-10-21
1396880,False,Ruang Tunggu,id,2025-01-06
538001,False,Mina,es,2017-07-28
8090,False,Untraceable,en,2008-01-22
1547522,False,The Mask,hi,2023-09-23
49986,False,Les enragés,fr,1985-01-09
1099616,False,Suna Panjuri,or,1995-06-13
178182,False,女教師狩り,ja,1982-08-28
1305169,False,Sin piel,es,2024-06-29
83686,False,The Words,en,2012-09-07
1555334,False,La Création,fr,
526044,False,La Traviata,en,2018-04-16
1257387,False,Antwan,en,2024-03-11
14580,False,The Big Heat,en,1953-10-14
4104,False,Benny & Joon,en,1993-04-16
651045,False,노래방: 화끈한 여자들 2,ko,2019-11-20
469184,False,Ich und das Universum,de,2003-08-02
1431334,False,Beyond Beauty,en,2018-11-22
63113,False,La Drôlesse,fr,1979-05-23
1453590,False,Títere,es,2006-01-01
1105074,False,Bədbəxtliyin son gecəsi,az,2020-04-25
13279,False,Lakeview Terrace,en,2008-09-19
306637,False,Darah Muda,en,1963-01-01
11868,False,Dracula,en,1958-04-21
177381,False,Camões,pt,1946-09-20
373569,False,Snatched,en,2017-05-03
1230538,False,Warisan,id,2024-01-18
9568,False,The Dentist,en,1996-06-07
76758,False,金陵十三釵,zh,2011-12-15
1738932,False,RUN,it,
614226,False,Где-то есть сын,ru,1962-11-11
1737566,False,Dolla,en,2021-01-01
177888,False,Teen Beach Movie,en,2013-08-07
13689,False,Peaceful Warrior,en,2006-03-30
438674,False,Dragged Across Concrete,en,2019-02-21
41009,False,Perrier's Bounty,en,2010-03-18
27902,False,Love Wrecked,en,2005-11-01
8424,False,Jeux d'enfants,fr,2003-09-17
770895,False,Querido Patxi,es,2020-11-16
1576118,False,Straw,en,2023-10-31
606402,False,야차,ko,2022-04-08
869976,False,Núcleo,pt,2021-05-29
271706,False,大鱼海棠,zh,2016-07-08
1426518,False,Being Eddie,en,2025-11-11
940428,False,Кофе vs. Шашлыки,ru,2017-03-27
1734892,False,Restu Ramadan,en,2017-01-01
390061,False,Mark Felt: The Man Who Brought Down the White House,en,2017-09-28
10449,False,When a Man Loves a Woman,en,1994-04-29
724665,False,"Confess, Fletch",en,2022-09-16
421223,False,La máscara,es,1977-07-31
359412,False,Marauders,en,2016-07-01
1285959,False,The Passenger,en,2026-06-05
458670,False,Сокровища пылающих скал,ru,1969-08-18
959462,False,獨自寂寞,zh,2022-04-23
1030110,False,Anamnesis (Prologue),en,2012-02-06
10909,False,Kalifornia,en,1993-06-24
997816,False,Perfection,pt,2022-08-13
1544,False,Imagine Me & You,en,2006-01-27
649276,False,Permutável,pt,2019-11-14
10772,False,Django,it,1966-04-06
1370939,False,保镖,zh,2025-10-01
19265,False,Whatever Works,en,2009-06-19
765119,False,The Bubble,en,2022-03-25
9388,False,Thank You for Smoking,en,2005-09-09
763298,False,Endlich Leon,xx,2020-11-13
763298,False,Endlich Leon,xx,2020-11-13
351694,False,西游记之大圣归来,zh,2015-07-10
1105654,False,Que nada me apague,es,2022-11-23
477804,False,Cœurs sourds,fr,2017-09-23
1477862,False,Silence,en,2025-04-12
618162,False,The Harder They Fall,en,2021-10-22
1506405,False,Vecinos,es,2019-01-01
357469,False,Rádio Pirata,pt,1987-01-01
480681,False,En affære,no,2018-10-05
14704,False,Donkey Xote,es,2007-12-05
1639837,False,Távol,hu,2026-03-01
430155,False,Кома,ru,2020-01-01
11076,False,Fly Away Home,en,1996-09-13
31685,False,The Hunchback of Notre Dame,en,1939-08-31
1563990,False,Testemunho,pt,
1684243,False,The Last Light,en,2026-06-21
429245,False,好きでもないくせに,ja,2016-09-03
518727,False,Так себе зима,ru,2018-05-09
358898,False,মেঘমল্লার,bn,2014-12-12
10618,False,黃飛鴻之二：男兒當自強,cn,1992-04-16
1735152,False,Kerana Anisa,en,2016-01-01
1115009,False,Unsung Hero,en,2024-04-26
592643,False,Embattled,en,2020-11-20
39412,False,Goodbye Emmanuelle,fr,1977-10-14
458737,False,First Reformed,en,2018-05-18
398329,False,El maletín,es,2013-07-24
854684,False,21살 승하의 아이돌 비밀일기,ko,2021-03-08
104819,False,Orozco el embalsamador,es,2001-10-06
24411,False,The Shepherd: Border Patrol,en,2008-03-04
339308,False,The Unscarred,en,2000-06-01
14863,False,Anaconda 3: Offspring,en,2008-10-23
1280784,False,Spades,en,2026-06-18
517093,False,Балканский рубеж,ru,2019-03-21
9681,False,Casanova,en,2005-12-25
1235623,False,目中无人2,zh,2024-07-21
14029,False,Dèmoni,it,1985-10-04
174783,False,Zwei Mütter,de,2013-02-14
473924,False,동창회의 목적: 더 비기닝,ko,2017-02-02
1620883,False,Yuddha Parva,kn,1991-10-03
448241,False,Em busca da terra sem males,gn,2017-02-12
174783,False,Zwei Mütter,de,2013-02-14
473924,False,동창회의 목적: 더 비기닝,ko,2017-02-02
1620883,False,Yuddha Parva,kn,1991-10-03
448241,False,Em busca da terra sem males,gn,2017-02-12
538851,False,შემოქმედი,ka,2018-03-27
157386,False,The Spectacular Now,en,2013-08-02
1484932,False,Até Amanhã,pt,2024-12-19
6552,False,Idle Hands,en,1999-04-30
1567691,False,Currents,en,2025-10-12
573,False,Frenzy,en,1972-05-25
93162,False,জীবন থেকে নেয়া,bn,1970-03-09
664850,False,Here We Are: Notes for Living on Planet Earth,en,2020-04-16
54186,False,告白,ja,2010-06-04
462038,False,Pieds nus,en,2012-06-16
33320,False,千年女優,ja,2002-09-14
157849,False,A Most Wanted Man,en,2014-07-25
9920,False,Ultraviolet,en,2006-03-03
4464,False,Seabiscuit,en,2003-07-22
26337,False,China Moon,en,1994-03-04
13550,False,The Changeling,en,1980-03-28
1619801,False,JENSEN SPECIAL,nl,2026-01-17
707462,False,Samanta,es,2018-12-18
864756,False,שמש זורחת למטה,en,2021-09-01
1066426,False,Lyrical March,hy,1981-05-31
1514682,False,Above & Below,en,2026-07-29
1008368,False,موكب الإباء,en,2005-01-01
1075761,False,Mi criaturita,en,
381341,False,Perfetti sconosciuti,it,2016-02-11
11966,False,Short Circuit 2,en,1988-07-06
544276,False,مواجهه,fa,2008-11-10
16198,False,ホーホケキョ となりの山田くん,ja,1999-07-17
14166,False,Pretty Persuasion,en,2005-01-22
1653,False,Diarios de motocicleta,es,2004-02-06
70578,False,Trespass,en,2011-10-13
923213,False,Звери,ru,2019-05-31
862557,False,The Hill,en,2023-08-18
18767,False,火燒島,cn,1990-03-28
1585657,False,Тюльпаны,ru,2026-03-05
491472,False,At Eternity's Gate,en,2018-11-15
844185,False,Unfrosted,en,2024-04-30
1220522,False,డెకాయిట్,te,2026-04-10
1689189,False,Dog Day,pt,2026-05-06
1658214,False,Scorpio Nights 4,tl,2026-03-31
760336,False,Munich - The Edge of War,en,2021-12-31
162215,False,How I Live Now,en,2013-09-10
895744,False,Studio 666,en,2022-02-24
13225,False,FernGully: The Last Rainforest,en,1992-04-10
819876,False,Crimes of the Future,en,2022-05-25
400981,False,Onça Pintada - Mais Perto Do Que Se Pode Imaginar,pt,2014-06-06
9434,False,Grosse Pointe Blank,en,1997-04-11
1625455,False,Polong,ms,2026-05-28
3110,False,Shane,en,1953-04-23
66657,False,逃學威龍III之龍過雞年,cn,1993-01-14
28260,False,Return of the Living Dead III,en,1993-10-01
10375,False,D-Tox,en,2002-01-04
455408,False,Après la neige,fr,2012-09-21
11647,False,無間道II,cn,2003-10-01
1733962,False,Aisya & Bella,en,2021-01-01
1003579,False,Batman: The Doom That Came to Gotham,en,2023-03-10
936848,False,Die WG,de,
1733962,False,Aisya & Bella,en,2021-01-01
1003579,False,Batman: The Doom That Came to Gotham,en,2023-03-10
936848,False,Die WG,de,
1733041,False,Modrý Drak,cs,
55156,False,九品芝麻官,zh,1994-03-31
9815,False,Goal II: Living the Dream,en,2007-02-09
467183,False,Terraqueos: Vestígios de uma Era Digital,pt,2014-03-01
982271,False,Book Club: The Next Chapter,en,2023-05-11
664040,False,티켓다방 2,ko,2019-12-26
549185,False,大傻的早餐,en,2008-01-01
11323,False,The Informant!,en,2009-09-18
452615,False,Monument,de,1990-03-23
795421,False,雪山义侠,zh,1991-01-01
1214509,False,In a Violent Nature,en,2024-05-31
987642,False,அருள்மொழி,ta,2022-06-16
9393,False,Napola - Elite für den Führer,de,2004-07-04
10544,False,Ned Kelly,en,2003-03-22
4474,False,My Super Ex-Girlfriend,en,2006-07-20
39207,False,名探偵コナン 戦慄の楽譜（フルスコア）,ja,2008-04-19
450228,False,Csodálatos vadállatok,hu,2005-05-22
846007,False,Без права на пощаду,ru,1970-10-15
39850,False,Eros,en,2004-12-03
44945,False,Trust,en,2010-09-10
1635169,False,Breaking Cover,en,2026-06-16
1306953,False,Memória Enterrada,pt,2024-06-11
147773,False,The Way Way Back,en,2013-06-06
10307,False,Stigmata,en,1999-09-02
752317,False,Domingo no Asfalto,pt,2021-04-20
572640,False,Sanctorum,es,2019-09-07
1550915,False,Súper Z,es,2025-10-11
636882,False,Fonds Communs,en,2011-06-15
1286185,False,The Carpenter's Son,en,2025-11-13
16780,False,The Return of the Texas Chainsaw Massacre,en,1995-09-22
1556828,False,Dhanalakshmi,kn,1977-02-28
11577,False,Pat Garrett & Billy the Kid,en,1973-05-23
1671625,False,Peligro Inminente,es,
1075467,False,"""THE BUTTERFLY""",en,2023-01-17
451342,False,L'Ampélopède,fr,1974-09-25
322714,False,ஓர் இரவு,ta,1951-04-11
620705,False,Crater,en,2023-05-12
11377,False,House on Haunted Hill,en,1999-10-29
18480,False,Brüno,en,2009-07-08
1217602,False,London Calling,en,2025-09-18
18257,False,Black Belt Jones,en,1974-01-28
534471,False,Море зовёт,ru,1956-04-30
6933,False,One Missed Call,en,2008-01-04
341303,False,मुना मदन,ne,2003-06-27
1735922,False,Alumbramentos,pt,2002-08-16
20694,False,Rugrats Go Wild,en,2003-06-13
742946,False,Moitié-Moitié,fr,2020-03-01
1620462,False,Mayami nuestro,es,1981-01-01
1666,False,The Bridge,en,2006-10-27
9466,False,Celebrity,en,1998-09-25
446824,False,"Pedro Osmar, Prá Liberdade Que Se Conquista",pt,2017-03-16
1728804,False,Cyber 999,en,2023-01-01
736073,False,"Batman: The Long Halloween, Part One",en,2021-06-21
1521504,False,Sleepless Moon,en,2024-01-01
2453,False,Harley Davidson and the Marlboro Man,en,1991-08-23
432965,False,Jöjjön elsején!,hu,1940-03-20
39101,False,ドラゴンボールZ 地球まるごと超決戦,ja,1990-06-07
2453,False,Harley Davidson and the Marlboro Man,en,1991-08-23
432965,False,Jöjjön elsején!,hu,1940-03-20
39101,False,ドラゴンボールZ 地球まるごと超決戦,ja,1990-06-07
341479,False,El que murió de amor,es,1945-11-08
1124340,False,Despertar de primavera: En vivo desde el Teatro Astral,es,
44251,False,ドラゴンボールＺ 危険なふたり！超戦士はねむれない,ja,1994-03-12
1437256,False,죽기 전에 한 번만,ko,2025-02-14
1738251,False,Kaploof,en,2026-07-17
1665693,False,Love Letter,en,
470878,False,I Can Only Imagine,en,2018-02-14
1683530,False,Cleave,en,
506406,False,Hello Apartment,en,2018-02-19
9586,False,The Bonfire of the Vanities,en,1990-12-21
1629382,False,Banlieusards 3,fr,2026-03-04
583903,False,Our Friend,en,2019-09-04
155999,False,Inimesed sõdurisinelis,et,1968-07-25
48289,False,The Debt,en,2010-09-30
1261188,False,Den svenska länken,sv,2026-02-13
1559541,False,Private Browser,en,2026-04-12
11424,False,High Society,en,1956-07-17
221731,False,るろうに剣心 京都大火編,ja,2014-08-01
1555951,False,Salikmata,tl,2025-10-22
401545,False,Todos lo saben,es,2018-05-09
408648,False,Batman and Harley Quinn,en,2017-07-21
483509,False,新任女教師 劇場版 愛してるとか 好きだとか,ja,2009-01-23
84427,False,"L'Apollonide, souvenirs de la maison close",fr,2011-09-21
11123,False,Earthquake,en,1974-11-15
900581,False,পদ্মাপুরান,bn,2021-10-08
230222,False,Tarzan,en,2013-10-17
1329336,False,The Bad Guys: Haunted Heist,en,2024-10-02
9991,False,Mean Machine,en,2001-12-26
865224,False,La Ola sin Fronteras: Una expedición al Atlántico Sur,es,2019-04-05
717196,False,Niko ja myrskyporojen arvoitus,fi,2024-10-07
18881,False,カイト,ja,1998-02-25
1372284,False,Squirming Hearts,en,2024-10-11
896529,False,Ave Maria,pt,2021-12-31
877010,False,Nad Niemnem,en,2021-06-16
286636,False,Békeidő,hu,1980-08-13
1590081,False,Valami Vad,hu,2025-11-11
11812,False,The Sweetest Thing,en,2002-04-12
1242937,False,The Dreadful,en,2026-02-20
1447947,False,YOUNG&FINE,ja,2025-06-27
1631485,False,Parque Lezama,es,2026-02-19
426426,False,Roma,es,2018-11-21
37495,False,Four Lions,en,2010-05-07
41003,False,White Palace,en,1990-10-19
681732,False,澳門之年,cn,2019-12-07
180894,False,Ninja: Shadow of a Tear,en,2013-12-27
1275051,False,绝密任务,zh,2026-06-19
431819,False,打ち上げ花火、下から見るか？横から見るか？,ja,2017-08-18
10215,False,Sliding Doors,en,1998-04-23
707886,False,Feel the Beat,en,2020-06-19
1646953,False,Prehistoric,fa,2026-03-21
75736,False,Catch.44,en,2011-12-08
401513,False,Притяжение,ru,2017-01-26
103922,False,Inn i mørket,no,2012-02-03
10438,False,Beethoven's 2nd,en,1993-12-14
1653453,False,"Love, Again",en,2026-05-09
250538,False,The Good Lie,en,2014-09-10
1311034,False,劇場版「鬼滅の刃」無限城編 2,ja,
1311034,False,劇場版「鬼滅の刃」無限城編 2,ja,
565502,False,Les Nouvelles Geishas des buveurs solitaires,ja,2016-04-21
1101965,False,ବାହାଘର ଡଟ୍ କମ୍,or,2023-03-19
3121,False,Nashville,en,1975-06-11
377897,False,Barbie: Spy Squad,en,2016-01-15
1399033,False,Entre Linhas,pt,2025-03-31
466622,False,The Rhythm Section,en,2020-01-31
869025,False,Raymond & Ray,en,2022-10-14
427824,False,Palhaços,pt,2011-10-01
322391,False,சிவகங்கைச் சீமை,ta,1959-05-19
618353,False,DC Showcase - Batman: Death in the Family,en,2020-10-13
1261501,False,Ad Vitam,fr,2025-01-09
1357305,False,唐探1900,zh,2025-01-29
160962,False,"Hilfe, Hilfe, die Globolinks!",de,1969-12-07
3509,False,A Scanner Darkly,en,2006-07-07
673309,False,American Underdog,en,2021-12-25
16288,False,Creepshow 2,en,1987-05-01
45408,False,The Protector,en,1985-06-15
384682,False,Office Christmas Party,en,2016-11-25
1525008,False,Apartamento Seis,en,
1244977,False,Plus forts que le diable,fr,2026-03-25
1611914,False,Washed Up,en,2026-03-25
659175,False,Spoku stunda,xx,2013-05-04
933335,False,The Process,en,
1630077,False,狠家伙,zh,
1041430,False,اعتكاف,de,2022-05-18
10067,False,The Shaggy Dog,en,2006-03-09
1653677,False,Ingin Tenang,id,2026-03-17
499152,False,Las herederas,es,2018-03-15
1736912,False,Janji Jantan,en,2020-01-01
926076,False,Side Two,en,2015-06-20
6949,False,"What's Up, Doc?",en,1972-03-09
26814,False,Love Happy,en,1949-10-12
813129,False,Мої думки тихі 2,uk,
250060,False,Alcalde por elección,es,1976-12-06
882339,False,钱在路上跑,zh,2014-12-12
86703,False,2-Headed Shark Attack,en,2012-06-26
1652947,False,Tuklas,tl,2026-03-20
612182,False,Yolo - Bạn Chỉ Sống Một Lần,vi,2019-01-11
1164227,False,Ártemis,pt,2023-08-13
13154,False,Showdown in Little Tokyo,en,1991-08-23
897571,False,Ілюзія контролю: Початок,uk,2017-11-23
12902,False,Scooby-Doo! and the Loch Ness Monster,en,2004-05-20
11170,False,We Are Marshall,en,2006-12-12
1729922,False,مافیا,ur,1997-02-09
1362786,False,Velhos Bandidos,pt,2026-03-26
556901,False,Teen Titans Go! vs. Teen Titans,en,2019-07-21
823610,False,Seal Team,en,2021-10-28
91984,False,El man,es,2009-01-23
408567,False,Deadly Pickup,en,2016-07-26
1194963,False,노이즈,ko,2025-06-25
988905,False,"Музыкальный альманах ""Весна""",ru,2022-06-19
643532,False,The Card Counter,en,2021-09-03
62961,False,メタル スキン パニック MADOX-01,ja,1987-12-15
432776,False,Kádár kontra Kerekes,hu,1942-04-20
103686,False,Paradies: Liebe,de,2012-04-27
805320,False,Bird Box Barcelona,es,2023-07-14
14805,False,Bait,en,2000-09-15
14811,False,Fiddler on the Roof,en,1971-11-03
728754,False,STAND BY ME ドラえもん2,ja,2020-11-20
14811,False,Fiddler on the Roof,en,1971-11-03
728754,False,STAND BY ME ドラえもん2,ja,2020-11-20
1104352,False,Respeitável Público,pt,1987-12-23
892,False,Delicatessen,fr,1991-04-17
1189945,False,LADRÃO,pt,2023-06-12
1108211,False,消失的她,zh,2023-06-22
441701,False,Verónica,es,2017-08-25
1443202,False,Revelations,en,2025-01-10
60672,False,Les Rivières pourpres 2 : Les Anges de l'apocalypse,fr,2004-02-18
504827,False,The Bob's Burgers Movie,en,2022-05-26
1568348,False,Snake Creek,en,2025-10-01
1536433,False,Chicas tristes,es,2026-08-12
788754,False,Elza Soares: A Mulher do Fim do Mundo,pt,2017-03-03
1043213,False,Otra historia de esas,es,
1323103,False,Zwarte Sporen,nl,2024-05-30
746419,False,Father of the Bride,en,2022-07-21
200509,False,Planet Z,fr,2011-02-14
462677,False,映画ドラえもん のび太の南極カチコチ大冒険,ja,2017-03-04
545890,False,Мой добрый папа,ru,1970-01-28
11689,False,I due superpiedi quasi piatti,it,1977-04-01
787448,False,Senen Raja,id,1954-11-04
932068,False,Униженные и оскорблённые,ru,1979-09-10
64789,False,映画ドラえもん のび太の恐竜,ja,1980-03-15
914215,False,Humane,en,2024-04-26
1518050,False,Último Dia,pt,2025-07-27
1432241,False,Cinco Tipos de Medo,pt,2026-04-09
580468,False,Little Hero,en,2018-12-31
374052,False,The Love Witch,en,2016-11-11
224982,False,Eddie & Suzanne,no,1975-09-10
86467,False,Bel Ami,en,2012-03-09
696157,False,Whitney Houston: I Wanna Dance with Somebody,en,2022-12-20
496704,False,Tremors: A Cold Day in Hell,en,2018-05-01
5725,False,Supervixens,en,1975-04-02
19114,False,Endless Love,en,1981-07-17
1730417,False,Renjana,en,2022-01-01
1687466,False,Test,en,2026-06-03
920097,False,Я - жених,ru,2018-03-01
9440,False,Primary Colors,en,1998-03-20
1737006,False,Surfer Lover,en,2021-01-01
408220,False,Justice League Dark,en,2017-01-24
536464,False,Vilaiyaattu Pasange,ta,2011-10-13
2275,False,The General's Daughter,en,1999-06-18
387893,False,Ice Age: The Great Egg-Scapade,en,2016-03-19
468919,False,Macbeth XXI,en,2016-10-06
24961,False,The Wiz,en,1978-10-24
1305194,False,Mi prima la sexóloga 2 (de la fantasía a la realidad),es,2024-05-15
705138,False,Correntes,pt,2020-01-01
572154,False,青春ブタ野郎はゆめみる少女の夢を見ない,ja,2019-06-15
1544239,False,Truco,es,2024-01-01
855173,False,Ensaio,pt,2019-02-28
1470414,False,Sweet Lovin',en,2023-05-01
1252051,False,Disforia,es,2025-09-20
469721,False,The Cured,en,2017-11-24
1596744,False,Sans regard,fr,2026-04-23
371638,False,The Disaster Artist,en,2017-03-12
502425,False,Escape from Pretoria,en,2020-03-06
146015,False,The Double,en,2014-04-03
1354908,False,Mercado,es,2016-11-30
493663,False,A monológ,hu,1963-01-01
856157,False,二对一,zh,1933-01-01
28298,False,Eugénie,fr,1973-04-05
19064,False,Once Bitten,en,1985-11-15
70529,False,Ne čakaj na maj,sl,1957-01-01
1211681,False,Génesis,es,2023-11-24
1373040,False,Restroom 555,en,2024-10-21
796420,False,La Cerise sur le gâteau,fr,2020-09-17
924148,False,Nascente,pt,2018-11-02
1561697,False,Néma,hu,2012-06-10
1186957,False,The Velveteen Rabbit,en,2023-11-21
27324,False,回路,ja,2001-02-03
520720,False,Kim Possible,en,2019-02-15
765703,False,Atrasada,pt,2019-02-08
13025,False,Diary of the Dead,en,2007-05-26
848700,False,Minotaure,fr,2026-10-14
14756,False,葉問,cn,2008-12-12
23397,False,Straight Time,en,1978-03-18
900,False,Bringing Up Baby,en,1938-02-18
1533282,False,Mil Luas,pt,2025-09-16
1146336,False,Yo Momma!,en,2022-09-23
175168,False,レイプゾンビ LUST OF THE DEAD,ja,2012-07-13
35685,False,Lady Chatterley's Lover,en,1981-06-29
1552829,False,Враги,xx,1924-11-03
203835,False,Amityville: The Awakening,en,2017-06-30
919616,False,מדיאה,he,2018-03-01
645689,False,The Duke,en,2021-07-23
29259,False,Le Trou,fr,1960-03-18
914911,False,Дід Іван з села Річки,uk,1978-12-31
261539,False,Aliança,pt,2014-01-25
1727408,False,THE MIND,id,2026-07-12
447544,False,Grêm10x0 - 100 Anos de Grenal,pt,2009-10-29
1724673,False,¿Qué Somos?,es,2025-05-28
366924,False,Batman: Bad Blood,en,2016-01-19
1224962,False,Perfect,en,
470114,False,24 Hours To Live,en,2017-10-26
50393,False,Kung Fu Panda Holiday,en,2010-11-26
1165642,False,이 별에 필요한,ko,2025-05-30
614560,False,Mank,en,2020-11-13
978906,False,Rumah Kuntilanak,id,2022-06-02
39206,False,名探偵コナン 紺碧の棺 （ジョリー・ロジャー）,ja,2007-04-21
481515,False,Любовь и партнёрство,ru,2016-11-05
2405,False,Joseph,en,1995-04-10
10498,False,Point of No Return,en,1993-03-19
1103468,False,Тихие берега,ru,1973-07-02
508570,False,The One and Only Ivan,en,2020-08-21
1179684,False,Amsterdamned II,nl,2025-11-30
9669,False,リング 2,ja,1999-01-23
456951,False,Les Enfants partent à l'Aube,fr,2017-05-24
164457,False,Out of the Furnace,en,2013-11-12
1216040,False,EMO!!!,tl,2023-11-08
308,False,Broken Flowers,en,2005-07-31
1693324,False,Buddies,en,
1582906,False,VIRGIN,en,2025-11-27
427374,False,La clé de la chambre à lessive,fr,2013-04-24
1325230,False,Paluwagan,tl,2024-09-17
853865,False,روداج,ar,2010-02-02
20815,False,The Handmaid's Tale,en,1990-02-15
11816,False,On Golden Pond,en,1981-12-04
734413,False,మెట్రో కథలు,te,2020-08-14
211816,False,La Promesse,en,1969-07-09
65215,False,Stewie Griffin: The Untold Story,en,2005-07-23
42994,False,MEMORIES,ja,1995-12-23
28978,False,The Circus,en,1928-01-06
588958,False,Der Patriot,de,2018-11-18
370468,False,До последней минуты,ru,1974-03-04
17474,False,The Man in the Moon,en,1991-09-30
14620,False,The Butterfly Effect 2,en,2006-08-17
1525438,False,Pound It?,en,2025-08-04
449512,False,Índio Cidadão?,pt,2014-04-19
13350,False,Scooby-Doo and the Ghoul School,en,1988-10-16
729097,False,젊은엄마 5,ko,2020-04-03
650734,False,Харах Оды,ru,2019-09-17
13532,False,Fanboys,en,2009-02-06
6646,False,Treasure Island,en,1950-07-19
233699,False,脱ぐまで待って,ja,1971-01-01
337898,False,Días de Combate,es,1982-09-30
9079,False,Dying Young,en,1991-06-20
615857,False,AMEX Unstaged Presents: Vampire Weekend,en,2013-04-28
1598884,False,Las cumpleañeras,es,
70670,False,Hodejegerne,no,2011-08-26
814800,False,Goodnight Mommy,en,2022-09-16
831946,False,Interceptor,en,2022-05-26
754551,False,少年阿堯,zh,2021-01-08
1716,False,Le Dernier Métro,fr,1980-09-17
1087388,False,Sting,en,2024-04-12
33518,False,Alligator,en,1980-11-14
1042240,False,Amy & I,en,2022-10-27
675319,False,Zone 414,en,2021-09-03
80184,False,La cara oculta,es,2011-09-16
10748,False,St Trinian's,en,2007-12-21
364433,False,Lo chiamavano Jeeg Robot,it,2016-02-25
585834,False,Silence & Darkness,en,2019-03-03
1648961,False,Marinella,fr,2026-03-17
869641,False,Vacation Friends 2,en,2023-08-24
3870,False,Novecento,it,1976-08-28
2103,False,Solaris,en,2002-11-27
13474,False,P2,en,2007-11-09
16553,False,Little Manhattan,en,2005-09-26
1548210,False,Stolen Moments,en,2025-09-16
8285,False,The Spirit,en,2008-12-25
691626,False,Pagen in der Traumfabrik - Schwarze Komparsen in deutschen Spielfilmen,de,2002-03-01
940842,False,Chornyy vagon,ky,2022-04-03
12767,False,Cold Creek Manor,en,2003-09-19
5780,False,Torn Curtain,en,1966-07-14
866187,False,Violeta: uma assassina de aluguel em crise,pt,2021-08-27
1579176,False,Hometown,es,2018-04-26
46929,False,Fun and Fancy Free,en,1947-09-27
172323,False,Puro Mula,es,2011-04-01
1314832,False,Thingy,en,2026-07-21
24748,False,Hud,en,1963-05-24
12508,False,Rock Star,en,2001-09-04
850028,False,"Alice, Darling",en,2022-12-30
39204,False,名探偵コナン 水平線上の陰謀,ja,2005-04-09
1023,False,Adams æbler,da,2005-04-15
575774,False,His House,en,2020-01-27
1680467,False,El Mazaròl,it,2026-04-26
20455,False,Digimon: The Movie,en,2000-10-06
1287571,False,Agak Laen: Menyala Pantiku!,id,2025-11-27
790459,False,Fingernails,en,2023-10-27
16394,False,Winnie the Pooh: Springtime with Roo,en,2004-03-09
36304,False,絵の中のぼくの村,ja,1996-07-13
16394,False,Winnie the Pooh: Springtime with Roo,en,2004-03-09
36304,False,絵の中のぼくの村,ja,1996-07-13
25934,False,"To Sir, with Love",en,1967-06-14
11026,False,Exorcist: The Beginning,en,2004-08-20
1664119,False,Малыш-каратист,ru,2026-06-21
1222262,False,Diestro,es,
676701,False,Tadeo Jones 3: La Tabla Esmeralda,es,2022-08-24
1417031,False,18 segundos,es,2024-07-08
13691,False,Piglet's Big Movie,en,2003-03-16
1528577,False,Thỏ Ơi!!,vi,2026-02-17
9556,False,Darkman,en,1990-08-24
2525,False,The Bible: In the Beginning...,en,1966-09-28
1305717,False,Hunting Grounds,en,2025-05-16
75285,False,Womb Raider,en,2003-12-09
14621,False,Lean On Me,en,1989-03-03
26688,False,Sorority Row,en,2009-09-09
404378,False,A Street Cat Named Bob,en,2016-11-04
11455,False,Up in Smoke,en,1978-09-15
146239,False,Delivery Man,en,2013-10-10
45958,False,Biutiful,es,2010-10-20
413504,False,La pintura mural de Rafael Ríos Rey,es,2007-01-02
269795,False,2:22,en,2017-06-29
49022,False,Something Borrowed,en,2011-05-05
1736433,False,Krematorium: Film,cs,2025-05-16
87503,False,De Sade 70,es,1970-02-20
653127,False,여자 하숙집 3,ko,2019-06-11
554426,False,बुलबुल,ne,2019-02-15
327332,False,Aniceto do Império: Dia de Alforria,pt,1981-12-31
649668,False,Santa Liberdade,gl,2004-01-22
14299,False,Cadillac Records,en,2008-12-05
36391,False,Kingsajz,pl,1988-05-02
1688163,False,Hayok,tl,2026-05-15
4912,False,Confessions of a Dangerous Mind,en,2002-12-31
700853,False,O Banquete,en,
1015744,False,Вокзал надії,uk,2022-08-24
1626,False,Vivre sa vie: film en douze tableaux,fr,1962-09-20
9070,False,Mighty Morphin Power Rangers: The Movie,en,1995-06-30
1448497,False,Ocean with David Attenborough,en,2025-05-08
16084,False,Freaky Friday,en,1976-12-17
369192,False,Battle of the Sexes,en,2017-09-22
1069597,False,碧綠,zh,
21629,False,Stir Crazy,en,1980-12-12
10534,False,White Squall,en,1996-02-02
879341,False,Державна установа,uk,2018-05-31
857127,False,洞房花烛夜,zh,1942-01-01
1530862,False,After Party,ar,
1637870,False,In Halves,en,2022-11-20
523607,False,Maestro,en,2023-11-22
1610489,False,Heritage,fr,2026-04-10
617882,False,소울메이트,ko,2023-03-15
152603,False,Only Lovers Left Alive,en,2013-12-12
13012,False,Felon,en,2008-07-17
727719,False,玉梨魂,zh,1924-01-01
1218762,False,Jingle Bell Heist,en,2025-11-25
1558839,False,Frogman Returns,en,2025-10-19
12503,False,Under Fire,en,1983-10-21
11548,False,*batteries not included,en,1987-12-18
440361,False,Nesporazum,sr,2020-12-01
18032,False,The Secret of Moonacre,en,2009-02-06
1107049,False,돈을 갖고 튀어라,ko,2023-04-28
16187,False,Buzz Lightyear of Star Command: The Adventure Begins,en,2000-08-08
6967,False,Die weisse Massai,de,2005-09-14
376866,False,Jackie,en,2016-12-02
14438,False,Fireproof,en,2008-09-26
1092646,False,Silmitsi,et,2022-12-01
522927,False,The Forgiven,en,2022-07-01
203977,False,شاطئ الأطفال الضائعين,ar,1991-04-09
1100905,False,Barreira,pt,2023-03-17
972573,False,Bond Delusion,en,2022-05-05
1253971,False,Cunk on Life,en,2024-12-05
316152,False,Free State of Jones,en,2016-06-24
1064497,False,INTERSTICE,en,2022-12-16
799546,False,Luckiest Girl Alive,en,2022-09-30
91875,False,Joy,fr,1983-07-27
1731323,False,Mache Fusion,en,2021-01-01
355338,False,Riley's First Date?,en,2015-11-03
488108,False,El tango vuelve a París,es,1948-01-16
103510,False,ウルトラマンゼロ THE MOVIE 超決戦！ベリアル銀河帝国,ja,2010-12-23
326316,False,Spinning Gold,en,2023-03-31
219318,False,Eyjafjallajökull,fr,2013-10-02
219318,False,Eyjafjallajökull,fr,2013-10-02
79224,False,최종병기 활,ko,2011-08-10
69735,False,Batman: Year One,en,2011-09-27
1641071,False,Hallway Monitor,en,2026-07-19
3083,False,Mr. Smith Goes to Washington,en,1939-10-19
11617,False,Rio Grande,en,1950-11-15
303598,False,Петрович,ru,2012-09-02
84188,False,Compliance,en,2012-08-23
6951,False,Turner & Hooch,en,1989-07-28
1164345,False,Хотя бы кинода 2,kk,2023-06-06
13805,False,Disaster Movie,en,2008-08-29
10395,False,Wolf,en,1994-06-17
10322,False,Being There,en,1979-12-19
1103257,False,Dış Hatlar,tr,2021-09-20
454615,False,Black Water,en,2018-05-18
11364,False,Regarding Henry,en,1991-07-10
15379,False,Missing in Action,en,1984-11-16
727740,False,空谷兰,zh,1925-01-01
1325497,False,KEROSENE,en,2026-05-16
494407,False,劇場版ポケットモンスター みんなの物語,ja,2018-07-13
1619720,False,Lab Rat,en,2026-01-15
1403294,False,Entre Aulas,pt,2025-01-27
434683,False,J'ai tout donné,fr,1972-06-21
407375,False,Sniper: Ghost Shooter,en,2016-08-02
916284,False,Pretérito Imperfeito,pt,2021-12-15
16258,False,The Butterfly Effect 3: Revelations,en,2009-01-09
934456,False,Americana,en,2025-08-15
450755,False,Девочка-дура,ru,2006-01-01
811321,False,爱滋病患者,zh,1988-01-01
1544326,False,நூறு சாமி,ta,2026-06-19
778106,False,Along for the Ride,en,2022-05-06
1852,False,World Trade Center,en,2006-08-09
889727,False,武捜戦隊サイレンジャー 前編,ja,2011-04-08
1058626,False,"People of Moon, People of Blood: Yanomami document 1972-1982",pt,1985-01-01
22798,False,Whip It,en,2009-04-09
290542,False,You're Not You,en,2014-10-10
3902,False,I'm Not There,en,2007-10-01
848945,False,Luna Roja,es,2021-04-19
1633642,False,Movie Magic,en,2026-02-11
10081,False,The Principal,en,1987-09-18
290542,False,You're Not You,en,2014-10-10
3902,False,I'm Not There,en,2007-10-01
848945,False,Luna Roja,es,2021-04-19
1633642,False,Movie Magic,en,2026-02-11
10081,False,The Principal,en,1987-09-18
535400,False,Живой,ru,2013-06-15
1724881,False,Ghost Written,en,
1441,False,The Contract,en,2006-04-05
940241,False,97 Minutes,en,2023-06-09
18305,False,英雄本色2,cn,1987-12-17
34067,False,劇場版ポケットモンスター アドバンスジェネレーション ミュウと波導の勇者 ルカリオ,ja,2005-07-16
671237,False,Mobil,ar,2018-09-26
656690,False,The Social Dilemma,en,2020-01-26
462746,False,Hospital da Memória,pt,2017-06-20
364552,False,咱们的牛百岁,zh,1983-01-01
110490,False,Rags,en,2012-05-28
435800,False,西游伏妖篇,zh,2017-01-28
856606,False,六十年后上海滩,zh,1938-01-01
121734,False,Las aventuras de Tadeo Jones,es,2012-08-10
1802,False,La Cérémonie,fr,1995-08-30
637534,False,BAC Nord,fr,2021-08-18
1299288,False,La Hayde Maske,tr,2024-06-28
508081,False,어린 엄마,ko,2017-02-28
242042,False,Barefoot,en,2014-02-02
1124364,False,قصة ملك الصحافة,ar,2023-05-07
12618,False,Random Hearts,en,1999-10-08
27945,False,Hombre,en,1967-03-21
18860,False,笑傲江湖,cn,1990-04-05
1391239,False,The Debut,en,2026-12-10
24070,False,Mixed Nuts,en,1994-12-21
152599,False,The Immigrant,en,2013-11-27
1735122,False,Lukisan Cinta,en,2017-01-01
1365166,False,El Banco,es,
1223178,False,ウマ娘 プリティーダービー 新時代の扉,ja,2024-05-24
671622,False,처제의 비밀,ko,2019-12-20
79548,False,Gone,en,2012-02-23
591844,False,Partenaires particuliers,fr,2018-04-18
986441,False,Soñarse muerto,es,2013-05-13
59092,False,На ощупь,ru,2010-09-02
845659,False,Perfect Addiction,en,2023-02-16
554972,False,성난황소,ko,2018-11-22
718400,False,The Vanished,en,2020-08-21
1310753,False,Guerra Civil,pt,2024-04-26
1140498,False,Is This Thing On?,en,2025-12-19
235591,False,Half Marriage,en,1929-10-13
31642,False,Heaven & Earth,en,1993-12-25
1688073,False,Full Tank,en,2026-03-18
360231,False,Это мгновение,ru,1970-02-23
1412654,False,Stay Happy,en,2025-09-06
1115052,False,La Nymphe d'Eden,fr,
441384,False,The Beach Bum,en,2019-03-21
289457,False,青春之歌,zh,1959-01-02
503417,False,She Came to Me,en,2023-10-06
159174,False,Vou Rifar Meu Coração,pt,2012-08-03
3172,False,Bandits,en,2001-10-12
14392,False,投名狀,zh,2007-12-12
346905,False,Memorias de Lucía,es,2003-12-30
9455,False,The Corruptor,en,1999-03-12
10720,False,Down with Love,en,2003-05-08
10139,False,Milk,en,2008-11-05
10720,False,Down with Love,en,2003-05-08
10139,False,Milk,en,2008-11-05
1375831,False,Diabolic,en,2025-11-20
93837,False,So Undercover,en,2012-12-06
22536,False,박쥐,ko,2009-04-30
484355,False,Here and Now,en,2018-11-09
981908,False,Düştüm Çıkmazlara,tr,1986-05-19
1392954,False,Angry Beach,pt,2022-01-01
355497,False,Um Apólogo,pt,1939-01-01
377447,False,铁道飞虎,zh,2016-12-23
983044,False,Konvoi,no,2023-12-25
477280,False,Borboletas Indômitas,pt,2010-08-20
1215796,False,Mundo 1,pt,2022-11-11
1015003,False,کوێستانی قەندیل,ku,2010-08-01
262338,False,Good People,en,2014-08-12
1599492,False,La Sonidista,es,2021-08-22
1357034,False,Reflejo,es,
424225,False,Betonzaj,hu,2015-03-25
200392,False,Purgatorio: Viaje al corazón de la frontera,es,2013-03-01
620071,False,Аревик,ru,1978-11-10
930557,False,Se vale soñar,es,2019-04-08
18198,False,Barbie Mariposa,en,2008-02-26
1493700,False,Nuevas Raíces,es,2025-06-08
560144,False,Skylines,en,2020-10-25
695309,False,Static,en,2019-04-16
81128,False,天若有情,cn,1990-06-14
91616,False,Women Unchained,en,1974-01-01
20544,False,Something the Lord Made,en,2004-05-30
13944,False,Passengers,en,2008-09-26
146451,False,91:an Karlsson,sv,1946-09-02
127493,False,Stolen,en,2012-09-06
1623854,False,Outros Santos,pt,2026-01-26
209361,False,One Chance,en,2013-09-09
10155,False,U Turn,en,1997-10-03
1136381,False,ノーパン添乗員,ja,2001-01-01
951863,False,El vestido,es,2022-04-01
11849,False,Dungeons & Dragons,en,2000-12-08
1081761,False,ବୋହୂ ଆମ ବିଛୁଆତି,or,2023-01-29
146301,False,Paranormal Activity: The Ghost Dimension,en,2015-10-21
777112,False,Maman ça va être ta fête... de Noël !,fr,2020-12-16
777112,False,Maman ça va être ta fête... de Noël !,fr,2020-12-16
340027,False,Brain on Fire,en,2017-02-22
140,False,La mala educación,es,2004-03-19
1094556,False,The Thundermans Return,en,2024-03-07
1024798,False,Kurentova luna,sl,2022-08-26
980593,False,Meninos Tristes,pt,2017-08-01
45132,False,Super,en,2010-11-26
1680497,False,Galatta Family,ta,2025-11-28
7227,False,Airport '77,en,1977-03-11
876052,False,Пелюшковий торт,uk,2021-09-24
878738,False,La sed,es,2022-05-05
10787,False,The Invisible Man,en,1933-10-31
1901,False,In Good Company,en,2004-12-29
418078,False,It Comes at Night,en,2017-06-09
1401318,False,A Merry Little Ex-Mas,en,2025-11-12
743466,False,ऐना झ्यालको पुतली,ne,2020-10-26
1075834,False,Злива. Кіно-офорти до історії Гайдамаччини,uk,1929-04-18
15028,False,Clockstoppers,en,2002-03-29
10362,False,Two Lovers,en,2008-11-19
15767,False,ゴジラ ファイナルウォーズ,ja,2004-12-04
11929,False,Dolores Claiborne,en,1995-03-24
1458099,False,The Only Living Pickpocket in New York,en,2026-10-23
507903,False,Spoiler Alert,en,2022-12-02
1055971,False,湘西剿匪记2,zh,1987-01-01
484002,False,Diagnóstico esperanza,es,2013-10-29
1583224,False,Visual Record,tl,
337941,False,...und immer ruft das Herz,de,1959-03-01
309775,False,Axınla aşağı,az,2014-12-19
28485,False,Escalofrío,es,1978-08-12
890813,False,"Paroles, paroles",fr,2021-11-04
1516113,False,Pozğun,az,2025-06-23
381902,False,西遊記之孫悟空三打白骨精,zh,2016-01-22
732450,False,Batman: Soul of the Dragon,en,2021-01-12
627463,False,The Assistant,en,2020-01-31
1338799,False,劇場版総集編 呪術廻戦 懐玉・玉折,ja,2025-05-30
675531,False,Dark Harvest,en,2023-10-11
1381151,False,Holy Days,en,2026-02-26
818110,False,The Magic Flute - Das Vermächtnis der Zauberflöte,en,2022-09-30
916221,False,डाँडैमा टुनी छ,ne,2021-12-10
22855,False,Superman/Batman: Public Enemies,en,2009-09-29
5082,False,La compagna di viaggio,it,1981-01-03
71917,False,Acné,es,2008-05-18
354110,False,Forsaken,en,2015-09-16
1548,False,Ghost World,en,2001-07-20
9638,False,Phantasm,en,1979-03-28
354857,False,Regular Show: The Movie,en,2015-09-01
17663,False,Anne of Green Gables,en,1985-12-01
16642,False,Days of Heaven,en,1978-09-13
1103162,False,Energúmenos,es,2024-10-30
12277,False,Undercover Brother,en,2002-05-31
284296,False,Top Five,en,2014-12-12
1619168,False,Nos Vestiges,fr,2024-07-21
11426,False,From Here to Eternity,en,1953-08-28
856850,False,Medaljens Pris,sv,2012-07-26
412119,False,రాజా చెయ్యి వేస్తే,te,2016-04-29
453755,False,Arctic,en,2018-11-21
1242743,False,Memories Unforgotten,en,2022-10-20
314578,False,Spartacus & Cassandra,fr,2014-10-10
359674,False,Голубой лёд,ru,1970-01-05
1275577,False,Translúmia,pt,2024-03-07
359674,False,Голубой лёд,ru,1970-01-05
1275577,False,Translúmia,pt,2024-03-07
914569,False,Alma y Esperanza,en,2012-11-05
513427,False,King Lear,en,2018-05-28
451945,False,120 battements par minute,fr,2017-08-23
223984,False,Зелена кофта,uk,2013-09-26
1437783,False,Pecado Imperdoável,pt,2024-12-18
939338,False,Pattie et la colère de Poséidon,fr,2023-01-25
599960,False,French Exit,en,2021-02-12
146381,False,Justin and the Knights of Valour,en,2013-08-09
397685,False,Wikén,es,2016-04-15
318608,False,珊瑚岛上的死光,zh,1980-01-01
107852,False,Ça brûle,fr,2006-08-16
565426,False,To All the Boys: P.S. I Still Love You,en,2020-02-03
427215,False,La Montaña,es,2013-10-24
1646479,False,Dr. Scarecrow,en,2016-07-12
37702,False,大內密探零零發,cn,1996-02-16
1492640,False,Unabomber,en,2026-09-25
843846,False,Butcher's Crossing,en,2023-02-03
636368,False,Тиннитус,ru,2018-07-13
9403,False,Private Parts,en,1997-03-07
451955,False,L'Amant double,fr,2017-05-26
537140,False,Hope Gap,en,2019-10-03
1076298,False,Nuevo Amanecer,es,2023-10-12
531789,False,Tứ Quái Sài Gòn,vi,1973-01-01
523961,False,"Accident, MD",en,2017-12-31
437109,False,악녀,ko,2017-06-08
441090,False,Partizánok,en,2016-10-04
11040,False,Little Big Man,en,1970-12-23
420331,False,مبارک,fa,2017-02-11
384476,False,Nueva Venecia,es,2016-03-07
844,False,2046,zh,2004-09-29
1692233,False,Dona Zenilda,pt,2026-02-10
1359227,False,LEGO Marvel Avengers: Mission Demolition,en,2024-10-17
37636,False,High Art,en,1998-06-12
340487,False,Certain Women,en,2016-09-25
72113,False,Carnage,en,2011-09-16
382735,False,Laugh Lines,he,2016-02-04
363220,False,Le Lotus dans tous ses états,fr,2011-05-10
1739282,False,Schuimkoppen,nl,2025-07-04
72113,False,Carnage,en,2011-09-16
382735,False,Laugh Lines,he,2016-02-04
363220,False,Le Lotus dans tous ses états,fr,2011-05-10
1739282,False,Schuimkoppen,nl,2025-07-04
487276,False,As Órbitas,pt,2012-01-01
1913,False,Mar adentro,es,2004-09-03
689224,False,Neptune,en,2019-01-01
1732511,False,Blood Pressure,en,
429459,False,Interrogatório,pt,2015-12-22
1254624,False,Night Always Comes,en,2025-08-15
1109964,False,ମୁଖାଗ୍ନି,or,2023-04-07
636713,False,É Uma Vez,pt,
294993,False,黄飞鸿之英雄有梦,zh,2014-11-20
23685,False,Monkeybone,en,2001-02-23
611390,False,کتاکشا,ur,2019-06-21
1738834,False,Menino Ávio,pt,
1103479,False,Берег надежды,ru,1967-05-29
414087,False,Vòng Eo 56,vi,2016-04-06
8696,False,Calendar Girls,en,2003-09-02
940101,False,Annatto,ar,2022-02-16
38963,False,바르게 살자,ko,2007-08-18
1694176,False,Play on Play,ko,2026-05-14
341012,False,Popstar: Never Stop Never Stopping,en,2016-06-03
153158,False,Metegol,es,2013-07-18
12702,False,Critters 3,en,1991-12-11
518963,False,독전,ko,2018-05-22
621717,False,Agosto,es,2019-09-10
578844,False,어린 형수 4,ko,2019-01-25
560044,False,The Willoughbys,en,2020-04-22
12526,False,Bug,en,2007-02-21
7985,False,Penelope,en,2007-11-17
1730177,False,Life Support,en,2025-11-01
515042,False,Free Solo,en,2018-09-28
16157,False,機動戦士ガンダム 逆襲のシャア,ja,1988-03-12
20235,False,Belle's Magical World,en,1998-02-16
1531186,False,Edgefield Road,en,2025-10-01
190899,False,Dead Mine,id,2012-09-27
509410,False,El Drogas: un día nada más,es,2016-11-04
37185,False,甜蜜蜜,cn,1996-11-02
789394,False,Wahrer Anfang,de,2013-07-13
509410,False,El Drogas: un día nada más,es,2016-11-04
37185,False,甜蜜蜜,cn,1996-11-02
789394,False,Wahrer Anfang,de,2013-07-13
522,False,Ed Wood,en,1994-09-28
862163,False,Antarvasna,mr,2021-03-20
601367,False,Terror Noturno,pt,2019-06-30
589470,False,狼牙山五壮士,zh,1958-01-01
9779,False,The Sisterhood of the Traveling Pants,en,2005-06-01
727340,False,헌트,ko,2022-08-10
8844,False,Jumanji,en,1995-12-15
1211442,False,Rebuilding,en,2025-11-14
929826,False,A Morte de Lázaro,pt,2022-01-24
12695,False,Still Smokin,en,1983-05-06
12395,False,Thunderheart,en,1992-04-03
1446721,False,Sampan Family,en,1949-01-01
858170,False,"Al final, El mar",es,2021-08-16
1076961,False,Василина,uk,1927-11-30
638535,False,Laughing Matters,en,2019-10-10
65765,False,Rinconcito madrileño,es,1936-01-01
803114,False,The Requin,en,2022-01-28
1001154,False,Нове місто друзів,uk,2022-07-09
1504404,False,Validation,en,2021-05-21
1217574,False,Algo nuevo,es,2024-09-26
1165,False,The Queen,en,2006-09-15
114955,False,Let It Shine,en,2012-06-15
5781,False,Cet obscur objet du désir,fr,1977-08-17
163314,False,Engenheiros do Hawaii - Acústico Novos Horizontes,pt,
1734514,False,Shah & Zam,en,
463329,False,Hotel Úsvit,sk,2016-11-18
942539,False,A política do cinema,pt,
99770,False,Astérix & Obélix : Au service de Sa Majesté,fr,2012-10-17
638748,False,Mereka Kembali,id,1975-06-18
535514,False,Новоселье,ru,1974-09-23
445703,False,ஆர்யமாலா,ta,1941-03-08
724430,False,Далеко и не скоро,ru,2012-10-22
27215,False,Rock Haven,en,2007-06-21
25018,False,Leatherface: The Texas Chainsaw Massacre III,en,1990-01-12
567006,False,甲鉄城のカバネリ 海門決戦,ja,2019-05-10
134597,False,The Collection,en,2012-11-30
683412,False,Río arriba,es,2005-03-13
858514,False,DUDA,pt,2021-05-19
405114,False,Cuộc đời của Yến,vi,2015-11-18
1553949,False,醉刀客,zh,2025-10-18
10596,False,Replicant,en,2001-05-11
732059,False,Rock autour du Kremlin,fr,1985-08-01
1292211,False,Fenómenos naturales,es,2024-06-09
1730354,False,Phillip Philadelphia,en,2026-08-07
1606889,False,Shadow Death,en,2025-12-19
1078249,False,Den grænseløse,da,2024-02-01
16409,False,Last Chance Harvey,en,2008-12-25
11655,False,Cronos,es,1993-11-05
12584,False,The Shootist,en,1976-07-21
666440,False,作战啦！茶室总动员,zh,2020-01-30
1542995,False,বনলতা এক্সপ্রেস,bn,2026-03-21
390478,False,L'Apparition,fr,1986-03-30
811592,False,One Shot,en,2021-11-05
430528,False,Si j'étais un homme,fr,2017-02-22
466426,False,野潮,zh,2017-07-09
931260,False,Nubes pasajeras,es,2023-04-06
24161,False,Amici miei - Atto III°,it,1985-06-06
24161,False,Amici miei - Atto III°,it,1985-06-06
998452,False,Mi reino,es,2022-08-04
340022,False,Gringo,en,2018-03-08
12122,False,Village of the Damned,en,1995-04-28
862965,False,Emily the Criminal,en,2022-08-12
1011064,False,Les Drujes,fr,2004-06-16
1655031,False,Casa 8069,es,2023-10-31
12220,False,The Story of Us,en,1999-10-14
1655972,False,De Illegale,da,2026-04-09
969442,False,Lxs desobedientes,es,2022-04-30
1579156,False,Angel Lust,en,2026-01-17
265189,False,Turist,sv,2014-08-15
377264,False,Morgan,en,2016-09-01
263726,False,ராஜராஜன்,ta,1957-04-25
1006631,False,Magda Frank,en,
1209102,False,El Cominezo,es,
348056,False,A pénzcsináló,hu,1964-07-08
25095,False,Wuthering Heights,en,1992-10-16
795607,False,白蛇2：青蛇劫起,zh,2021-07-23
708629,False,Lo-Fi,es,2011-01-01
