Company,Job,Salary,Level,Work Time,Experience
"Ministry of Social Development, Youth and Sports, Gandaki Province",Help Desk Assistant,Nrs. Negotiable Monthly,Mid Level,Contract,N/A
"Skill Training Nepal (IT Training Center in Kathmandu, Nepal)",FLUTTER DEVELOPER,Not Disclosed,N/A,N/A,N/A
SoftUp,WordPress Developer,Not Disclosed,N/A,N/A,N/A
Infinite Computer Solutions,SQL Developer,Not Disclosed,N/A,N/A,N/A
Nakshatra Techno Hub,Junior Laravel Developer,Not Disclosed,N/A,N/A,N/A
Nakshatra Techno Hub,Junior Vue.Js Developer,Not Disclosed,N/A,N/A,N/A
ComplianceQuest,Senior Software Engineer-Quality Control,Not Disclosed,N/A,N/A,N/A
Nirvan Studio,Laravel Developer,Not Disclosed,N/A,N/A,N/A
JobsNepal.com,Java Developer,Not Disclosed,N/A,N/A,N/A
SELISE Group,Front-End Software Engineer (React),Not Disclosed,N/A,N/A,N/A
Smart Data Solutions,"Software Engineer I, Machine Learning",Not Disclosed,N/A,N/A,N/A
SoftUp,Full Stack Web Developer,Not Disclosed,N/A,N/A,N/A
OnePoint,Solutions Architect,Not Disclosed,N/A,N/A,N/A
Garocha,Openclaw expert,Not Disclosed,N/A,N/A,N/A
Smart Data Solutions,"Software Engineer I, Support",Not Disclosed,N/A,N/A,N/A
OnePoint,Senior Backend Engineer,Not Disclosed,N/A,N/A,N/A
Verisk,Software Engineer (Java + .Net),Not Disclosed,N/A,N/A,N/A
Green Development Bank Limited,Information Security Officer,Nrs. Negotiable Monthly,Mid Level,Contract,2 + years
Code Mantra,Mobile App Developer (React Native),Nrs. 80K-100K Monthly (Negotiable),Mid Level,Full Time,4 + years
Code Mantra,Senior Full Stack Developer (Backend),Nrs. (100K - 150K) Monthly (Negotiable),Senior Level,Full Time,5 + years
IQVIA,Senior Java Engineer,Not Disclosed,N/A,N/A,N/A
SoftUp,Full-Stack Web Developer (Intern),Not Disclosed,N/A,N/A,N/A
A.M.D. Soft and Services Pvt. Ltd.,Laravel Intern,Not Disclosed,N/A,N/A,N/A
"Skill Training Nepal (IT Training Center in Kathmandu, Nepal)",REACT NATIVE / MOBILE APP DEVELOPER,Not Disclosed,N/A,N/A,N/A
Devfinity,Sr. Frontend Developer,Not Disclosed,N/A,N/A,N/A
Batas Hire Purchase Pvt. Ltd,Full Stack Developer,Not Disclosed,Junior Level,Full Time,2 + years
Batas Hire Purchase Pvt. Ltd,UX/UI Developer,Not Disclosed,Junior Level,Full Time,2 + years
Dlytica Talent,Senior Data Engineer(Nepal),Not Disclosed,N/A,N/A,N/A
KutkiTech Pvt. Ltd.,Software Engineering Intern (Python/AI),Not Disclosed,N/A,N/A,N/A
"Ministry of Social Development, Youth and Sports, Gandaki Province",Help Desk Assistant,Nrs. Negotiable Monthly,Mid Level,Contract,N/A
"Skill Training Nepal (IT Training Center in Kathmandu, Nepal)",FLUTTER DEVELOPER,Not Disclosed,N/A,N/A,N/A
SoftUp,WordPress Developer,Not Disclosed,N/A,N/A,N/A
Infinite Computer Solutions,SQL Developer,Not Disclosed,N/A,N/A,N/A
Nakshatra Techno Hub,Junior Laravel Developer,Not Disclosed,N/A,N/A,N/A
Nakshatra Techno Hub,Junior Vue.Js Developer,Not Disclosed,N/A,N/A,N/A
ComplianceQuest,Senior Software Engineer-Quality Control,Not Disclosed,N/A,N/A,N/A
Nirvan Studio,Laravel Developer,Not Disclosed,N/A,N/A,N/A
JobsNepal.com,Java Developer,Not Disclosed,N/A,N/A,N/A
SELISE Group,Front-End Software Engineer (React),Not Disclosed,N/A,N/A,N/A
Smart Data Solutions,"Software Engineer I, Machine Learning",Not Disclosed,N/A,N/A,N/A
SoftUp,Full Stack Web Developer,Not Disclosed,N/A,N/A,N/A
OnePoint,Solutions Architect,Not Disclosed,N/A,N/A,N/A
Garocha,Openclaw expert,Not Disclosed,N/A,N/A,N/A
Smart Data Solutions,"Software Engineer I, Support",Not Disclosed,N/A,N/A,N/A
OnePoint,Senior Backend Engineer,Not Disclosed,N/A,N/A,N/A
Verisk,Software Engineer (Java + .Net),Not Disclosed,N/A,N/A,N/A
Green Development Bank Limited,Information Security Officer,Nrs. Negotiable Monthly,Mid Level,Contract,2 + years
Code Mantra,Mobile App Developer (React Native),Nrs. 80K-100K Monthly (Negotiable),Mid Level,Full Time,4 + years
Code Mantra,Senior Full Stack Developer (Backend),Nrs. (100K - 150K) Monthly (Negotiable),Senior Level,Full Time,5 + years
IQVIA,Senior Java Engineer,Not Disclosed,N/A,N/A,N/A
SoftUp,Full-Stack Web Developer (Intern),Not Disclosed,N/A,N/A,N/A
A.M.D. Soft and Services Pvt. Ltd.,Laravel Intern,Not Disclosed,N/A,N/A,N/A
"Skill Training Nepal (IT Training Center in Kathmandu, Nepal)",REACT NATIVE / MOBILE APP DEVELOPER,Not Disclosed,N/A,N/A,N/A
Devfinity,Sr. Frontend Developer,Not Disclosed,N/A,N/A,N/A
Batas Hire Purchase Pvt. Ltd,Full Stack Developer,Not Disclosed,Junior Level,Full Time,2 + years
Batas Hire Purchase Pvt. Ltd,UX/UI Developer,Not Disclosed,Junior Level,Full Time,2 + years
Dlytica Talent,Senior Data Engineer(Nepal),Not Disclosed,N/A,N/A,N/A
KutkiTech Pvt. Ltd.,Software Engineering Intern (Python/AI),Not Disclosed,N/A,N/A,N/A
"Ministry of Social Development, Youth and Sports, Gandaki Province",Help Desk Assistant,Nrs. Negotiable Monthly,Mid Level,Contract,N/A
"Skill Training Nepal (IT Training Center in Kathmandu, Nepal)",FLUTTER DEVELOPER,Not Disclosed,N/A,N/A,N/A
SoftUp,WordPress Developer,Not Disclosed,N/A,N/A,N/A
Infinite Computer Solutions,SQL Developer,Not Disclosed,N/A,N/A,N/A
Nakshatra Techno Hub,Junior Laravel Developer,Not Disclosed,N/A,N/A,N/A
Nakshatra Techno Hub,Junior Vue.Js Developer,Not Disclosed,N/A,N/A,N/A
ComplianceQuest,Senior Software Engineer-Quality Control,Not Disclosed,N/A,N/A,N/A
Nirvan Studio,Laravel Developer,Not Disclosed,N/A,N/A,N/A
JobsNepal.com,Java Developer,Not Disclosed,N/A,N/A,N/A
SELISE Group,Front-End Software Engineer (React),Not Disclosed,N/A,N/A,N/A
Smart Data Solutions,"Software Engineer I, Machine Learning",Not Disclosed,N/A,N/A,N/A
SoftUp,Full Stack Web Developer,Not Disclosed,N/A,N/A,N/A
OnePoint,Solutions Architect,Not Disclosed,N/A,N/A,N/A
Garocha,Openclaw expert,Not Disclosed,N/A,N/A,N/A
Smart Data Solutions,"Software Engineer I, Support",Not Disclosed,N/A,N/A,N/A
OnePoint,Senior Backend Engineer,Not Disclosed,N/A,N/A,N/A
Verisk,Software Engineer (Java + .Net),Not Disclosed,N/A,N/A,N/A
Green Development Bank Limited,Information Security Officer,Nrs. Negotiable Monthly,Mid Level,Contract,2 + years
Code Mantra,Mobile App Developer (React Native),Nrs. 80K-100K Monthly (Negotiable),Mid Level,Full Time,4 + years
Code Mantra,Senior Full Stack Developer (Backend),Nrs. (100K - 150K) Monthly (Negotiable),Senior Level,Full Time,5 + years
IQVIA,Senior Java Engineer,Not Disclosed,N/A,N/A,N/A
SoftUp,Full-Stack Web Developer (Intern),Not Disclosed,N/A,N/A,N/A
A.M.D. Soft and Services Pvt. Ltd.,Laravel Intern,Not Disclosed,N/A,N/A,N/A
"Skill Training Nepal (IT Training Center in Kathmandu, Nepal)",REACT NATIVE / MOBILE APP DEVELOPER,Not Disclosed,N/A,N/A,N/A
Devfinity,Sr. Frontend Developer,Not Disclosed,N/A,N/A,N/A
Batas Hire Purchase Pvt. Ltd,Full Stack Developer,Not Disclosed,Junior Level,Full Time,2 + years
Batas Hire Purchase Pvt. Ltd,UX/UI Developer,Not Disclosed,Junior Level,Full Time,2 + years
Dlytica Talent,Senior Data Engineer(Nepal),Not Disclosed,N/A,N/A,N/A
KutkiTech Pvt. Ltd.,Software Engineering Intern (Python/AI),Not Disclosed,N/A,N/A,N/A
"Ministry of Social Development, Youth and Sports, Gandaki Province",Help Desk Assistant,Nrs. Negotiable Monthly,Mid Level,Contract,N/A
"Skill Training Nepal (IT Training Center in Kathmandu, Nepal)",FLUTTER DEVELOPER,Not Disclosed,N/A,N/A,N/A
SoftUp,WordPress Developer,Not Disclosed,N/A,N/A,N/A
Infinite Computer Solutions,SQL Developer,Not Disclosed,N/A,N/A,N/A
Nakshatra Techno Hub,Junior Laravel Developer,Not Disclosed,N/A,N/A,N/A
Nakshatra Techno Hub,Junior Vue.Js Developer,Not Disclosed,N/A,N/A,N/A
ComplianceQuest,Senior Software Engineer-Quality Control,Not Disclosed,N/A,N/A,N/A
Nirvan Studio,Laravel Developer,Not Disclosed,N/A,N/A,N/A
JobsNepal.com,Java Developer,Not Disclosed,N/A,N/A,N/A
SELISE Group,Front-End Software Engineer (React),Not Disclosed,N/A,N/A,N/A
Smart Data Solutions,"Software Engineer I, Machine Learning",Not Disclosed,N/A,N/A,N/A
SoftUp,Full Stack Web Developer,Not Disclosed,N/A,N/A,N/A
OnePoint,Solutions Architect,Not Disclosed,N/A,N/A,N/A
Garocha,Openclaw expert,Not Disclosed,N/A,N/A,N/A
Smart Data Solutions,"Software Engineer I, Support",Not Disclosed,N/A,N/A,N/A
OnePoint,Senior Backend Engineer,Not Disclosed,N/A,N/A,N/A
Verisk,Software Engineer (Java + .Net),Not Disclosed,N/A,N/A,N/A
Green Development Bank Limited,Information Security Officer,Nrs. Negotiable Monthly,Mid Level,Contract,2 + years
Code Mantra,Mobile App Developer (React Native),Nrs. 80K-100K Monthly (Negotiable),Mid Level,Full Time,4 + years
Code Mantra,Senior Full Stack Developer (Backend),Nrs. (100K - 150K) Monthly (Negotiable),Senior Level,Full Time,5 + years
IQVIA,Senior Java Engineer,Not Disclosed,N/A,N/A,N/A
SoftUp,Full-Stack Web Developer (Intern),Not Disclosed,N/A,N/A,N/A
A.M.D. Soft and Services Pvt. Ltd.,Laravel Intern,Not Disclosed,N/A,N/A,N/A
"Skill Training Nepal (IT Training Center in Kathmandu, Nepal)",REACT NATIVE / MOBILE APP DEVELOPER,Not Disclosed,N/A,N/A,N/A
Devfinity,Sr. Frontend Developer,Not Disclosed,N/A,N/A,N/A
Batas Hire Purchase Pvt. Ltd,Full Stack Developer,Not Disclosed,Junior Level,Full Time,2 + years
Batas Hire Purchase Pvt. Ltd,UX/UI Developer,Not Disclosed,Junior Level,Full Time,2 + years
Dlytica Talent,Senior Data Engineer(Nepal),Not Disclosed,N/A,N/A,N/A
KutkiTech Pvt. Ltd.,Software Engineering Intern (Python/AI),Not Disclosed,N/A,N/A,N/A
"Ministry of Social Development, Youth and Sports, Gandaki Province",Help Desk Assistant,Nrs. Negotiable Monthly,Mid Level,Contract,N/A
"Skill Training Nepal (IT Training Center in Kathmandu, Nepal)",FLUTTER DEVELOPER,Not Disclosed,N/A,N/A,N/A
SoftUp,WordPress Developer,Not Disclosed,N/A,N/A,N/A
Infinite Computer Solutions,SQL Developer,Not Disclosed,N/A,N/A,N/A
Nakshatra Techno Hub,Junior Laravel Developer,Not Disclosed,N/A,N/A,N/A
Nakshatra Techno Hub,Junior Vue.Js Developer,Not Disclosed,N/A,N/A,N/A
ComplianceQuest,Senior Software Engineer-Quality Control,Not Disclosed,N/A,N/A,N/A
Nirvan Studio,Laravel Developer,Not Disclosed,N/A,N/A,N/A
JobsNepal.com,Java Developer,Not Disclosed,N/A,N/A,N/A
SELISE Group,Front-End Software Engineer (React),Not Disclosed,N/A,N/A,N/A
Smart Data Solutions,"Software Engineer I, Machine Learning",Not Disclosed,N/A,N/A,N/A
SoftUp,Full Stack Web Developer,Not Disclosed,N/A,N/A,N/A
OnePoint,Solutions Architect,Not Disclosed,N/A,N/A,N/A
Garocha,Openclaw expert,Not Disclosed,N/A,N/A,N/A
Smart Data Solutions,"Software Engineer I, Support",Not Disclosed,N/A,N/A,N/A
OnePoint,Senior Backend Engineer,Not Disclosed,N/A,N/A,N/A
Verisk,Software Engineer (Java + .Net),Not Disclosed,N/A,N/A,N/A
Green Development Bank Limited,Information Security Officer,Nrs. Negotiable Monthly,Mid Level,Contract,2 + years
Code Mantra,Mobile App Developer (React Native),Nrs. 80K-100K Monthly (Negotiable),Mid Level,Full Time,4 + years
Code Mantra,Senior Full Stack Developer (Backend),Nrs. (100K - 150K) Monthly (Negotiable),Senior Level,Full Time,5 + years
IQVIA,Senior Java Engineer,Not Disclosed,N/A,N/A,N/A
SoftUp,Full-Stack Web Developer (Intern),Not Disclosed,N/A,N/A,N/A
A.M.D. Soft and Services Pvt. Ltd.,Laravel Intern,Not Disclosed,N/A,N/A,N/A
"Skill Training Nepal (IT Training Center in Kathmandu, Nepal)",REACT NATIVE / MOBILE APP DEVELOPER,Not Disclosed,N/A,N/A,N/A
Devfinity,Sr. Frontend Developer,Not Disclosed,N/A,N/A,N/A
Batas Hire Purchase Pvt. Ltd,Full Stack Developer,Not Disclosed,Junior Level,Full Time,2 + years
Batas Hire Purchase Pvt. Ltd,UX/UI Developer,Not Disclosed,Junior Level,Full Time,2 + years
Dlytica Talent,Senior Data Engineer(Nepal),Not Disclosed,N/A,N/A,N/A
KutkiTech Pvt. Ltd.,Software Engineering Intern (Python/AI),Not Disclosed,N/A,N/A,N/A
"Ministry of Social Development, Youth and Sports, Gandaki Province",Help Desk Assistant,Nrs. Negotiable Monthly,Mid Level,Contract,N/A
"Skill Training Nepal (IT Training Center in Kathmandu, Nepal)",FLUTTER DEVELOPER,Not Disclosed,N/A,N/A,N/A
SoftUp,WordPress Developer,Not Disclosed,N/A,N/A,N/A
Infinite Computer Solutions,SQL Developer,Not Disclosed,N/A,N/A,N/A
Nakshatra Techno Hub,Junior Laravel Developer,Not Disclosed,N/A,N/A,N/A
Nakshatra Techno Hub,Junior Vue.Js Developer,Not Disclosed,N/A,N/A,N/A
ComplianceQuest,Senior Software Engineer-Quality Control,Not Disclosed,N/A,N/A,N/A
Nirvan Studio,Laravel Developer,Not Disclosed,N/A,N/A,N/A
JobsNepal.com,Java Developer,Not Disclosed,N/A,N/A,N/A
SELISE Group,Front-End Software Engineer (React),Not Disclosed,N/A,N/A,N/A
Smart Data Solutions,"Software Engineer I, Machine Learning",Not Disclosed,N/A,N/A,N/A
SoftUp,Full Stack Web Developer,Not Disclosed,N/A,N/A,N/A
OnePoint,Solutions Architect,Not Disclosed,N/A,N/A,N/A
Garocha,Openclaw expert,Not Disclosed,N/A,N/A,N/A
Smart Data Solutions,"Software Engineer I, Support",Not Disclosed,N/A,N/A,N/A
OnePoint,Senior Backend Engineer,Not Disclosed,N/A,N/A,N/A
Verisk,Software Engineer (Java + .Net),Not Disclosed,N/A,N/A,N/A
Green Development Bank Limited,Information Security Officer,Nrs. Negotiable Monthly,Mid Level,Contract,2 + years
Code Mantra,Mobile App Developer (React Native),Nrs. 80K-100K Monthly (Negotiable),Mid Level,Full Time,4 + years
Code Mantra,Senior Full Stack Developer (Backend),Nrs. (100K - 150K) Monthly (Negotiable),Senior Level,Full Time,5 + years
IQVIA,Senior Java Engineer,Not Disclosed,N/A,N/A,N/A
SoftUp,Full-Stack Web Developer (Intern),Not Disclosed,N/A,N/A,N/A
A.M.D. Soft and Services Pvt. Ltd.,Laravel Intern,Not Disclosed,N/A,N/A,N/A
"Skill Training Nepal (IT Training Center in Kathmandu, Nepal)",REACT NATIVE / MOBILE APP DEVELOPER,Not Disclosed,N/A,N/A,N/A
Devfinity,Sr. Frontend Developer,Not Disclosed,N/A,N/A,N/A
Batas Hire Purchase Pvt. Ltd,Full Stack Developer,Not Disclosed,Junior Level,Full Time,2 + years
Batas Hire Purchase Pvt. Ltd,UX/UI Developer,Not Disclosed,Junior Level,Full Time,2 + years
Dlytica Talent,Senior Data Engineer(Nepal),Not Disclosed,N/A,N/A,N/A
KutkiTech Pvt. Ltd.,Software Engineering Intern (Python/AI),Not Disclosed,N/A,N/A,N/A
"Ministry of Social Development, Youth and Sports, Gandaki Province",Help Desk Assistant,Nrs. Negotiable Monthly,Mid Level,Contract,N/A
"Skill Training Nepal (IT Training Center in Kathmandu, Nepal)",FLUTTER DEVELOPER,Not Disclosed,N/A,N/A,N/A
SoftUp,WordPress Developer,Not Disclosed,N/A,N/A,N/A
Infinite Computer Solutions,SQL Developer,Not Disclosed,N/A,N/A,N/A
Nakshatra Techno Hub,Junior Laravel Developer,Not Disclosed,N/A,N/A,N/A
Nakshatra Techno Hub,Junior Vue.Js Developer,Not Disclosed,N/A,N/A,N/A
ComplianceQuest,Senior Software Engineer-Quality Control,Not Disclosed,N/A,N/A,N/A
Nirvan Studio,Laravel Developer,Not Disclosed,N/A,N/A,N/A
JobsNepal.com,Java Developer,Not Disclosed,N/A,N/A,N/A
SELISE Group,Front-End Software Engineer (React),Not Disclosed,N/A,N/A,N/A
Smart Data Solutions,"Software Engineer I, Machine Learning",Not Disclosed,N/A,N/A,N/A
SoftUp,Full Stack Web Developer,Not Disclosed,N/A,N/A,N/A
OnePoint,Solutions Architect,Not Disclosed,N/A,N/A,N/A
Garocha,Openclaw expert,Not Disclosed,N/A,N/A,N/A
Smart Data Solutions,"Software Engineer I, Support",Not Disclosed,N/A,N/A,N/A
OnePoint,Senior Backend Engineer,Not Disclosed,N/A,N/A,N/A
Verisk,Software Engineer (Java + .Net),Not Disclosed,N/A,N/A,N/A
Green Development Bank Limited,Information Security Officer,Nrs. Negotiable Monthly,Mid Level,Contract,2 + years
Code Mantra,Mobile App Developer (React Native),Nrs. 80K-100K Monthly (Negotiable),Mid Level,Full Time,4 + years
Code Mantra,Senior Full Stack Developer (Backend),Nrs. (100K - 150K) Monthly (Negotiable),Senior Level,Full Time,5 + years
IQVIA,Senior Java Engineer,Not Disclosed,N/A,N/A,N/A
SoftUp,Full-Stack Web Developer (Intern),Not Disclosed,N/A,N/A,N/A
A.M.D. Soft and Services Pvt. Ltd.,Laravel Intern,Not Disclosed,N/A,N/A,N/A
"Skill Training Nepal (IT Training Center in Kathmandu, Nepal)",REACT NATIVE / MOBILE APP DEVELOPER,Not Disclosed,N/A,N/A,N/A
Devfinity,Sr. Frontend Developer,Not Disclosed,N/A,N/A,N/A
Batas Hire Purchase Pvt. Ltd,Full Stack Developer,Not Disclosed,Junior Level,Full Time,2 + years
Batas Hire Purchase Pvt. Ltd,UX/UI Developer,Not Disclosed,Junior Level,Full Time,2 + years
Dlytica Talent,Senior Data Engineer(Nepal),Not Disclosed,N/A,N/A,N/A
KutkiTech Pvt. Ltd.,Software Engineering Intern (Python/AI),Not Disclosed,N/A,N/A,N/A
"Ministry of Social Development, Youth and Sports, Gandaki Province",Help Desk Assistant,Nrs. Negotiable Monthly,Mid Level,Contract,N/A
"Skill Training Nepal (IT Training Center in Kathmandu, Nepal)",FLUTTER DEVELOPER,Not Disclosed,N/A,N/A,N/A
SoftUp,WordPress Developer,Not Disclosed,N/A,N/A,N/A
Infinite Computer Solutions,SQL Developer,Not Disclosed,N/A,N/A,N/A
Nakshatra Techno Hub,Junior Laravel Developer,Not Disclosed,N/A,N/A,N/A
Nakshatra Techno Hub,Junior Vue.Js Developer,Not Disclosed,N/A,N/A,N/A
ComplianceQuest,Senior Software Engineer-Quality Control,Not Disclosed,N/A,N/A,N/A
Nirvan Studio,Laravel Developer,Not Disclosed,N/A,N/A,N/A
JobsNepal.com,Java Developer,Not Disclosed,N/A,N/A,N/A
SELISE Group,Front-End Software Engineer (React),Not Disclosed,N/A,N/A,N/A
Smart Data Solutions,"Software Engineer I, Machine Learning",Not Disclosed,N/A,N/A,N/A
SoftUp,Full Stack Web Developer,Not Disclosed,N/A,N/A,N/A
OnePoint,Solutions Architect,Not Disclosed,N/A,N/A,N/A
Garocha,Openclaw expert,Not Disclosed,N/A,N/A,N/A
Smart Data Solutions,"Software Engineer I, Support",Not Disclosed,N/A,N/A,N/A
OnePoint,Senior Backend Engineer,Not Disclosed,N/A,N/A,N/A
Verisk,Software Engineer (Java + .Net),Not Disclosed,N/A,N/A,N/A
Green Development Bank Limited,Information Security Officer,Nrs. Negotiable Monthly,Mid Level,Contract,2 + years
Code Mantra,Mobile App Developer (React Native),Nrs. 80K-100K Monthly (Negotiable),Mid Level,Full Time,4 + years
Code Mantra,Senior Full Stack Developer (Backend),Nrs. (100K - 150K) Monthly (Negotiable),Senior Level,Full Time,5 + years
IQVIA,Senior Java Engineer,Not Disclosed,N/A,N/A,N/A
SoftUp,Full-Stack Web Developer (Intern),Not Disclosed,N/A,N/A,N/A
A.M.D. Soft and Services Pvt. Ltd.,Laravel Intern,Not Disclosed,N/A,N/A,N/A
"Skill Training Nepal (IT Training Center in Kathmandu, Nepal)",REACT NATIVE / MOBILE APP DEVELOPER,Not Disclosed,N/A,N/A,N/A
Devfinity,Sr. Frontend Developer,Not Disclosed,N/A,N/A,N/A
Batas Hire Purchase Pvt. Ltd,Full Stack Developer,Not Disclosed,Junior Level,Full Time,2 + years
Batas Hire Purchase Pvt. Ltd,UX/UI Developer,Not Disclosed,Junior Level,Full Time,2 + years
Dlytica Talent,Senior Data Engineer(Nepal),Not Disclosed,N/A,N/A,N/A
KutkiTech Pvt. Ltd.,Software Engineering Intern (Python/AI),Not Disclosed,N/A,N/A,N/A
"Ministry of Social Development, Youth and Sports, Gandaki Province",Help Desk Assistant,Nrs. Negotiable Monthly,Mid Level,Contract,N/A
"Skill Training Nepal (IT Training Center in Kathmandu, Nepal)",FLUTTER DEVELOPER,Not Disclosed,N/A,N/A,N/A
SoftUp,WordPress Developer,Not Disclosed,N/A,N/A,N/A
Infinite Computer Solutions,SQL Developer,Not Disclosed,N/A,N/A,N/A
Nakshatra Techno Hub,Junior Laravel Developer,Not Disclosed,N/A,N/A,N/A
Nakshatra Techno Hub,Junior Vue.Js Developer,Not Disclosed,N/A,N/A,N/A
ComplianceQuest,Senior Software Engineer-Quality Control,Not Disclosed,N/A,N/A,N/A
Nirvan Studio,Laravel Developer,Not Disclosed,N/A,N/A,N/A
JobsNepal.com,Java Developer,Not Disclosed,N/A,N/A,N/A
SELISE Group,Front-End Software Engineer (React),Not Disclosed,N/A,N/A,N/A
Smart Data Solutions,"Software Engineer I, Machine Learning",Not Disclosed,N/A,N/A,N/A
SoftUp,Full Stack Web Developer,Not Disclosed,N/A,N/A,N/A
OnePoint,Solutions Architect,Not Disclosed,N/A,N/A,N/A
Garocha,Openclaw expert,Not Disclosed,N/A,N/A,N/A
Smart Data Solutions,"Software Engineer I, Support",Not Disclosed,N/A,N/A,N/A
OnePoint,Senior Backend Engineer,Not Disclosed,N/A,N/A,N/A
Verisk,Software Engineer (Java + .Net),Not Disclosed,N/A,N/A,N/A
Green Development Bank Limited,Information Security Officer,Nrs. Negotiable Monthly,Mid Level,Contract,2 + years
Code Mantra,Mobile App Developer (React Native),Nrs. 80K-100K Monthly (Negotiable),Mid Level,Full Time,4 + years
Code Mantra,Senior Full Stack Developer (Backend),Nrs. (100K - 150K) Monthly (Negotiable),Senior Level,Full Time,5 + years
IQVIA,Senior Java Engineer,Not Disclosed,N/A,N/A,N/A
SoftUp,Full-Stack Web Developer (Intern),Not Disclosed,N/A,N/A,N/A
A.M.D. Soft and Services Pvt. Ltd.,Laravel Intern,Not Disclosed,N/A,N/A,N/A
"Skill Training Nepal (IT Training Center in Kathmandu, Nepal)",REACT NATIVE / MOBILE APP DEVELOPER,Not Disclosed,N/A,N/A,N/A
Devfinity,Sr. Frontend Developer,Not Disclosed,N/A,N/A,N/A
Batas Hire Purchase Pvt. Ltd,Full Stack Developer,Not Disclosed,Junior Level,Full Time,2 + years
Batas Hire Purchase Pvt. Ltd,UX/UI Developer,Not Disclosed,Junior Level,Full Time,2 + years
Dlytica Talent,Senior Data Engineer(Nepal),Not Disclosed,N/A,N/A,N/A
KutkiTech Pvt. Ltd.,Software Engineering Intern (Python/AI),Not Disclosed,N/A,N/A,N/A
"Ministry of Social Development, Youth and Sports, Gandaki Province",Help Desk Assistant,Nrs. Negotiable Monthly,Mid Level,Contract,N/A
"Skill Training Nepal (IT Training Center in Kathmandu, Nepal)",FLUTTER DEVELOPER,Not Disclosed,N/A,N/A,N/A
SoftUp,WordPress Developer,Not Disclosed,N/A,N/A,N/A
Infinite Computer Solutions,SQL Developer,Not Disclosed,N/A,N/A,N/A
Nakshatra Techno Hub,Junior Laravel Developer,Not Disclosed,N/A,N/A,N/A
Nakshatra Techno Hub,Junior Vue.Js Developer,Not Disclosed,N/A,N/A,N/A
ComplianceQuest,Senior Software Engineer-Quality Control,Not Disclosed,N/A,N/A,N/A
Nirvan Studio,Laravel Developer,Not Disclosed,N/A,N/A,N/A
JobsNepal.com,Java Developer,Not Disclosed,N/A,N/A,N/A
SELISE Group,Front-End Software Engineer (React),Not Disclosed,N/A,N/A,N/A
Smart Data Solutions,"Software Engineer I, Machine Learning",Not Disclosed,N/A,N/A,N/A
SoftUp,Full Stack Web Developer,Not Disclosed,N/A,N/A,N/A
OnePoint,Solutions Architect,Not Disclosed,N/A,N/A,N/A
Garocha,Openclaw expert,Not Disclosed,N/A,N/A,N/A
Smart Data Solutions,"Software Engineer I, Support",Not Disclosed,N/A,N/A,N/A
OnePoint,Senior Backend Engineer,Not Disclosed,N/A,N/A,N/A
Verisk,Software Engineer (Java + .Net),Not Disclosed,N/A,N/A,N/A
Green Development Bank Limited,Information Security Officer,Nrs. Negotiable Monthly,Mid Level,Contract,2 + years
Code Mantra,Mobile App Developer (React Native),Nrs. 80K-100K Monthly (Negotiable),Mid Level,Full Time,4 + years
Code Mantra,Senior Full Stack Developer (Backend),Nrs. (100K - 150K) Monthly (Negotiable),Senior Level,Full Time,5 + years
IQVIA,Senior Java Engineer,Not Disclosed,N/A,N/A,N/A
SoftUp,Full-Stack Web Developer (Intern),Not Disclosed,N/A,N/A,N/A
A.M.D. Soft and Services Pvt. Ltd.,Laravel Intern,Not Disclosed,N/A,N/A,N/A
"Skill Training Nepal (IT Training Center in Kathmandu, Nepal)",REACT NATIVE / MOBILE APP DEVELOPER,Not Disclosed,N/A,N/A,N/A
Devfinity,Sr. Frontend Developer,Not Disclosed,N/A,N/A,N/A
Batas Hire Purchase Pvt. Ltd,Full Stack Developer,Not Disclosed,Junior Level,Full Time,2 + years
Batas Hire Purchase Pvt. Ltd,UX/UI Developer,Not Disclosed,Junior Level,Full Time,2 + years
Dlytica Talent,Senior Data Engineer(Nepal),Not Disclosed,N/A,N/A,N/A
KutkiTech Pvt. Ltd.,Software Engineering Intern (Python/AI),Not Disclosed,N/A,N/A,N/A
"Ministry of Social Development, Youth and Sports, Gandaki Province",Help Desk Assistant,Nrs. Negotiable Monthly,Mid Level,Contract,N/A
"Skill Training Nepal (IT Training Center in Kathmandu, Nepal)",FLUTTER DEVELOPER,Not Disclosed,N/A,N/A,N/A
SoftUp,WordPress Developer,Not Disclosed,N/A,N/A,N/A
Infinite Computer Solutions,SQL Developer,Not Disclosed,N/A,N/A,N/A
Nakshatra Techno Hub,Junior Laravel Developer,Not Disclosed,N/A,N/A,N/A
Nakshatra Techno Hub,Junior Vue.Js Developer,Not Disclosed,N/A,N/A,N/A
ComplianceQuest,Senior Software Engineer-Quality Control,Not Disclosed,N/A,N/A,N/A
Nirvan Studio,Laravel Developer,Not Disclosed,N/A,N/A,N/A
JobsNepal.com,Java Developer,Not Disclosed,N/A,N/A,N/A
SELISE Group,Front-End Software Engineer (React),Not Disclosed,N/A,N/A,N/A
Smart Data Solutions,"Software Engineer I, Machine Learning",Not Disclosed,N/A,N/A,N/A
SoftUp,Full Stack Web Developer,Not Disclosed,N/A,N/A,N/A
OnePoint,Solutions Architect,Not Disclosed,N/A,N/A,N/A
Garocha,Openclaw expert,Not Disclosed,N/A,N/A,N/A
Smart Data Solutions,"Software Engineer I, Support",Not Disclosed,N/A,N/A,N/A
OnePoint,Senior Backend Engineer,Not Disclosed,N/A,N/A,N/A
Verisk,Software Engineer (Java + .Net),Not Disclosed,N/A,N/A,N/A
Green Development Bank Limited,Information Security Officer,Nrs. Negotiable Monthly,Mid Level,Contract,2 + years
Code Mantra,Mobile App Developer (React Native),Nrs. 80K-100K Monthly (Negotiable),Mid Level,Full Time,4 + years
Code Mantra,Senior Full Stack Developer (Backend),Nrs. (100K - 150K) Monthly (Negotiable),Senior Level,Full Time,5 + years
IQVIA,Senior Java Engineer,Not Disclosed,N/A,N/A,N/A
SoftUp,Full-Stack Web Developer (Intern),Not Disclosed,N/A,N/A,N/A
A.M.D. Soft and Services Pvt. Ltd.,Laravel Intern,Not Disclosed,N/A,N/A,N/A
"Skill Training Nepal (IT Training Center in Kathmandu, Nepal)",REACT NATIVE / MOBILE APP DEVELOPER,Not Disclosed,N/A,N/A,N/A
Devfinity,Sr. Frontend Developer,Not Disclosed,N/A,N/A,N/A
Batas Hire Purchase Pvt. Ltd,Full Stack Developer,Not Disclosed,Junior Level,Full Time,2 + years
Batas Hire Purchase Pvt. Ltd,UX/UI Developer,Not Disclosed,Junior Level,Full Time,2 + years
Dlytica Talent,Senior Data Engineer(Nepal),Not Disclosed,N/A,N/A,N/A
KutkiTech Pvt. Ltd.,Software Engineering Intern (Python/AI),Not Disclosed,N/A,N/A,N/A
"Ministry of Social Development, Youth and Sports, Gandaki Province",Help Desk Assistant,Nrs. Negotiable Monthly,Mid Level,Contract,N/A
"Skill Training Nepal (IT Training Center in Kathmandu, Nepal)",FLUTTER DEVELOPER,Not Disclosed,N/A,N/A,N/A
SoftUp,WordPress Developer,Not Disclosed,N/A,N/A,N/A
Infinite Computer Solutions,SQL Developer,Not Disclosed,N/A,N/A,N/A
Nakshatra Techno Hub,Junior Laravel Developer,Not Disclosed,N/A,N/A,N/A
Nakshatra Techno Hub,Junior Vue.Js Developer,Not Disclosed,N/A,N/A,N/A
ComplianceQuest,Senior Software Engineer-Quality Control,Not Disclosed,N/A,N/A,N/A
Nirvan Studio,Laravel Developer,Not Disclosed,N/A,N/A,N/A
JobsNepal.com,Java Developer,Not Disclosed,N/A,N/A,N/A
SELISE Group,Front-End Software Engineer (React),Not Disclosed,N/A,N/A,N/A
Smart Data Solutions,"Software Engineer I, Machine Learning",Not Disclosed,N/A,N/A,N/A
SoftUp,Full Stack Web Developer,Not Disclosed,N/A,N/A,N/A
OnePoint,Solutions Architect,Not Disclosed,N/A,N/A,N/A
Garocha,Openclaw expert,Not Disclosed,N/A,N/A,N/A
Smart Data Solutions,"Software Engineer I, Support",Not Disclosed,N/A,N/A,N/A
OnePoint,Senior Backend Engineer,Not Disclosed,N/A,N/A,N/A
Verisk,Software Engineer (Java + .Net),Not Disclosed,N/A,N/A,N/A
Green Development Bank Limited,Information Security Officer,Nrs. Negotiable Monthly,Mid Level,Contract,2 + years
Code Mantra,Mobile App Developer (React Native),Nrs. 80K-100K Monthly (Negotiable),Mid Level,Full Time,4 + years
Code Mantra,Senior Full Stack Developer (Backend),Nrs. (100K - 150K) Monthly (Negotiable),Senior Level,Full Time,5 + years
IQVIA,Senior Java Engineer,Not Disclosed,N/A,N/A,N/A
SoftUp,Full-Stack Web Developer (Intern),Not Disclosed,N/A,N/A,N/A
A.M.D. Soft and Services Pvt. Ltd.,Laravel Intern,Not Disclosed,N/A,N/A,N/A
"Skill Training Nepal (IT Training Center in Kathmandu, Nepal)",REACT NATIVE / MOBILE APP DEVELOPER,Not Disclosed,N/A,N/A,N/A
Devfinity,Sr. Frontend Developer,Not Disclosed,N/A,N/A,N/A
Batas Hire Purchase Pvt. Ltd,Full Stack Developer,Not Disclosed,Junior Level,Full Time,2 + years
Batas Hire Purchase Pvt. Ltd,UX/UI Developer,Not Disclosed,Junior Level,Full Time,2 + years
Dlytica Talent,Senior Data Engineer(Nepal),Not Disclosed,N/A,N/A,N/A
KutkiTech Pvt. Ltd.,Software Engineering Intern (Python/AI),Not Disclosed,N/A,N/A,N/A
"Ministry of Social Development, Youth and Sports, Gandaki Province",Help Desk Assistant,Nrs. Negotiable Monthly,Mid Level,Contract,N/A
"Skill Training Nepal (IT Training Center in Kathmandu, Nepal)",FLUTTER DEVELOPER,Not Disclosed,N/A,N/A,N/A
SoftUp,WordPress Developer,Not Disclosed,N/A,N/A,N/A
Infinite Computer Solutions,SQL Developer,Not Disclosed,N/A,N/A,N/A
Nakshatra Techno Hub,Junior Laravel Developer,Not Disclosed,N/A,N/A,N/A
Nakshatra Techno Hub,Junior Vue.Js Developer,Not Disclosed,N/A,N/A,N/A
ComplianceQuest,Senior Software Engineer-Quality Control,Not Disclosed,N/A,N/A,N/A
Nirvan Studio,Laravel Developer,Not Disclosed,N/A,N/A,N/A
JobsNepal.com,Java Developer,Not Disclosed,N/A,N/A,N/A
SELISE Group,Front-End Software Engineer (React),Not Disclosed,N/A,N/A,N/A
Smart Data Solutions,"Software Engineer I, Machine Learning",Not Disclosed,N/A,N/A,N/A
SoftUp,Full Stack Web Developer,Not Disclosed,N/A,N/A,N/A
OnePoint,Solutions Architect,Not Disclosed,N/A,N/A,N/A
Garocha,Openclaw expert,Not Disclosed,N/A,N/A,N/A
Smart Data Solutions,"Software Engineer I, Support",Not Disclosed,N/A,N/A,N/A
OnePoint,Senior Backend Engineer,Not Disclosed,N/A,N/A,N/A
Verisk,Software Engineer (Java + .Net),Not Disclosed,N/A,N/A,N/A
Green Development Bank Limited,Information Security Officer,Nrs. Negotiable Monthly,Mid Level,Contract,2 + years
Code Mantra,Mobile App Developer (React Native),Nrs. 80K-100K Monthly (Negotiable),Mid Level,Full Time,4 + years
Code Mantra,Senior Full Stack Developer (Backend),Nrs. (100K - 150K) Monthly (Negotiable),Senior Level,Full Time,5 + years
IQVIA,Senior Java Engineer,Not Disclosed,N/A,N/A,N/A
SoftUp,Full-Stack Web Developer (Intern),Not Disclosed,N/A,N/A,N/A
A.M.D. Soft and Services Pvt. Ltd.,Laravel Intern,Not Disclosed,N/A,N/A,N/A
"Skill Training Nepal (IT Training Center in Kathmandu, Nepal)",REACT NATIVE / MOBILE APP DEVELOPER,Not Disclosed,N/A,N/A,N/A
Devfinity,Sr. Frontend Developer,Not Disclosed,N/A,N/A,N/A
Batas Hire Purchase Pvt. Ltd,Full Stack Developer,Not Disclosed,Junior Level,Full Time,2 + years
Batas Hire Purchase Pvt. Ltd,UX/UI Developer,Not Disclosed,Junior Level,Full Time,2 + years
Dlytica Talent,Senior Data Engineer(Nepal),Not Disclosed,N/A,N/A,N/A
KutkiTech Pvt. Ltd.,Software Engineering Intern (Python/AI),Not Disclosed,N/A,N/A,N/A
"Ministry of Social Development, Youth and Sports, Gandaki Province",Help Desk Assistant,Nrs. Negotiable Monthly,Mid Level,Contract,N/A
"Skill Training Nepal (IT Training Center in Kathmandu, Nepal)",FLUTTER DEVELOPER,Not Disclosed,N/A,N/A,N/A
SoftUp,WordPress Developer,Not Disclosed,N/A,N/A,N/A
Infinite Computer Solutions,SQL Developer,Not Disclosed,N/A,N/A,N/A
Nakshatra Techno Hub,Junior Laravel Developer,Not Disclosed,N/A,N/A,N/A
Nakshatra Techno Hub,Junior Vue.Js Developer,Not Disclosed,N/A,N/A,N/A
ComplianceQuest,Senior Software Engineer-Quality Control,Not Disclosed,N/A,N/A,N/A
Nirvan Studio,Laravel Developer,Not Disclosed,N/A,N/A,N/A
JobsNepal.com,Java Developer,Not Disclosed,N/A,N/A,N/A
SELISE Group,Front-End Software Engineer (React),Not Disclosed,N/A,N/A,N/A
Smart Data Solutions,"Software Engineer I, Machine Learning",Not Disclosed,N/A,N/A,N/A
SoftUp,Full Stack Web Developer,Not Disclosed,N/A,N/A,N/A
OnePoint,Solutions Architect,Not Disclosed,N/A,N/A,N/A
Garocha,Openclaw expert,Not Disclosed,N/A,N/A,N/A
Smart Data Solutions,"Software Engineer I, Support",Not Disclosed,N/A,N/A,N/A
OnePoint,Senior Backend Engineer,Not Disclosed,N/A,N/A,N/A
Verisk,Software Engineer (Java + .Net),Not Disclosed,N/A,N/A,N/A
Green Development Bank Limited,Information Security Officer,Nrs. Negotiable Monthly,Mid Level,Contract,2 + years
Code Mantra,Mobile App Developer (React Native),Nrs. 80K-100K Monthly (Negotiable),Mid Level,Full Time,4 + years
Code Mantra,Senior Full Stack Developer (Backend),Nrs. (100K - 150K) Monthly (Negotiable),Senior Level,Full Time,5 + years
IQVIA,Senior Java Engineer,Not Disclosed,N/A,N/A,N/A
SoftUp,Full-Stack Web Developer (Intern),Not Disclosed,N/A,N/A,N/A
A.M.D. Soft and Services Pvt. Ltd.,Laravel Intern,Not Disclosed,N/A,N/A,N/A
"Skill Training Nepal (IT Training Center in Kathmandu, Nepal)",REACT NATIVE / MOBILE APP DEVELOPER,Not Disclosed,N/A,N/A,N/A
Devfinity,Sr. Frontend Developer,Not Disclosed,N/A,N/A,N/A
Batas Hire Purchase Pvt. Ltd,Full Stack Developer,Not Disclosed,Junior Level,Full Time,2 + years
Batas Hire Purchase Pvt. Ltd,UX/UI Developer,Not Disclosed,Junior Level,Full Time,2 + years
Dlytica Talent,Senior Data Engineer(Nepal),Not Disclosed,N/A,N/A,N/A
KutkiTech Pvt. Ltd.,Software Engineering Intern (Python/AI),Not Disclosed,N/A,N/A,N/A
"Ministry of Social Development, Youth and Sports, Gandaki Province",Help Desk Assistant,Nrs. Negotiable Monthly,Mid Level,Contract,N/A
"Skill Training Nepal (IT Training Center in Kathmandu, Nepal)",FLUTTER DEVELOPER,Not Disclosed,N/A,N/A,N/A
SoftUp,WordPress Developer,Not Disclosed,N/A,N/A,N/A
Infinite Computer Solutions,SQL Developer,Not Disclosed,N/A,N/A,N/A
Nakshatra Techno Hub,Junior Laravel Developer,Not Disclosed,N/A,N/A,N/A
Nakshatra Techno Hub,Junior Vue.Js Developer,Not Disclosed,N/A,N/A,N/A
ComplianceQuest,Senior Software Engineer-Quality Control,Not Disclosed,N/A,N/A,N/A
Nirvan Studio,Laravel Developer,Not Disclosed,N/A,N/A,N/A
JobsNepal.com,Java Developer,Not Disclosed,N/A,N/A,N/A
SELISE Group,Front-End Software Engineer (React),Not Disclosed,N/A,N/A,N/A
Smart Data Solutions,"Software Engineer I, Machine Learning",Not Disclosed,N/A,N/A,N/A
SoftUp,Full Stack Web Developer,Not Disclosed,N/A,N/A,N/A
OnePoint,Solutions Architect,Not Disclosed,N/A,N/A,N/A
Garocha,Openclaw expert,Not Disclosed,N/A,N/A,N/A
Smart Data Solutions,"Software Engineer I, Support",Not Disclosed,N/A,N/A,N/A
OnePoint,Senior Backend Engineer,Not Disclosed,N/A,N/A,N/A
Verisk,Software Engineer (Java + .Net),Not Disclosed,N/A,N/A,N/A
Green Development Bank Limited,Information Security Officer,Nrs. Negotiable Monthly,Mid Level,Contract,2 + years
Code Mantra,Mobile App Developer (React Native),Nrs. 80K-100K Monthly (Negotiable),Mid Level,Full Time,4 + years
Code Mantra,Senior Full Stack Developer (Backend),Nrs. (100K - 150K) Monthly (Negotiable),Senior Level,Full Time,5 + years
IQVIA,Senior Java Engineer,Not Disclosed,N/A,N/A,N/A
SoftUp,Full-Stack Web Developer (Intern),Not Disclosed,N/A,N/A,N/A
A.M.D. Soft and Services Pvt. Ltd.,Laravel Intern,Not Disclosed,N/A,N/A,N/A
"Skill Training Nepal (IT Training Center in Kathmandu, Nepal)",REACT NATIVE / MOBILE APP DEVELOPER,Not Disclosed,N/A,N/A,N/A
Devfinity,Sr. Frontend Developer,Not Disclosed,N/A,N/A,N/A
Batas Hire Purchase Pvt. Ltd,Full Stack Developer,Not Disclosed,Junior Level,Full Time,2 + years
Batas Hire Purchase Pvt. Ltd,UX/UI Developer,Not Disclosed,Junior Level,Full Time,2 + years
Dlytica Talent,Senior Data Engineer(Nepal),Not Disclosed,N/A,N/A,N/A
KutkiTech Pvt. Ltd.,Software Engineering Intern (Python/AI),Not Disclosed,N/A,N/A,N/A
"Ministry of Social Development, Youth and Sports, Gandaki Province",Help Desk Assistant,Nrs. Negotiable Monthly,Mid Level,Contract,N/A
"Skill Training Nepal (IT Training Center in Kathmandu, Nepal)",FLUTTER DEVELOPER,Not Disclosed,N/A,N/A,N/A
SoftUp,WordPress Developer,Not Disclosed,N/A,N/A,N/A
Infinite Computer Solutions,SQL Developer,Not Disclosed,N/A,N/A,N/A
Nakshatra Techno Hub,Junior Laravel Developer,Not Disclosed,N/A,N/A,N/A
Nakshatra Techno Hub,Junior Vue.Js Developer,Not Disclosed,N/A,N/A,N/A
ComplianceQuest,Senior Software Engineer-Quality Control,Not Disclosed,N/A,N/A,N/A
Nirvan Studio,Laravel Developer,Not Disclosed,N/A,N/A,N/A
JobsNepal.com,Java Developer,Not Disclosed,N/A,N/A,N/A
SELISE Group,Front-End Software Engineer (React),Not Disclosed,N/A,N/A,N/A
Smart Data Solutions,"Software Engineer I, Machine Learning",Not Disclosed,N/A,N/A,N/A
SoftUp,Full Stack Web Developer,Not Disclosed,N/A,N/A,N/A
OnePoint,Solutions Architect,Not Disclosed,N/A,N/A,N/A
Garocha,Openclaw expert,Not Disclosed,N/A,N/A,N/A
Smart Data Solutions,"Software Engineer I, Support",Not Disclosed,N/A,N/A,N/A
OnePoint,Senior Backend Engineer,Not Disclosed,N/A,N/A,N/A
Verisk,Software Engineer (Java + .Net),Not Disclosed,N/A,N/A,N/A
Green Development Bank Limited,Information Security Officer,Nrs. Negotiable Monthly,Mid Level,Contract,2 + years
Code Mantra,Mobile App Developer (React Native),Nrs. 80K-100K Monthly (Negotiable),Mid Level,Full Time,4 + years
Code Mantra,Senior Full Stack Developer (Backend),Nrs. (100K - 150K) Monthly (Negotiable),Senior Level,Full Time,5 + years
IQVIA,Senior Java Engineer,Not Disclosed,N/A,N/A,N/A
SoftUp,Full-Stack Web Developer (Intern),Not Disclosed,N/A,N/A,N/A
A.M.D. Soft and Services Pvt. Ltd.,Laravel Intern,Not Disclosed,N/A,N/A,N/A
"Skill Training Nepal (IT Training Center in Kathmandu, Nepal)",REACT NATIVE / MOBILE APP DEVELOPER,Not Disclosed,N/A,N/A,N/A
Devfinity,Sr. Frontend Developer,Not Disclosed,N/A,N/A,N/A
Batas Hire Purchase Pvt. Ltd,Full Stack Developer,Not Disclosed,Junior Level,Full Time,2 + years
Batas Hire Purchase Pvt. Ltd,UX/UI Developer,Not Disclosed,Junior Level,Full Time,2 + years
Dlytica Talent,Senior Data Engineer(Nepal),Not Disclosed,N/A,N/A,N/A
KutkiTech Pvt. Ltd.,Software Engineering Intern (Python/AI),Not Disclosed,N/A,N/A,N/A
"Ministry of Social Development, Youth and Sports, Gandaki Province",Help Desk Assistant,Nrs. Negotiable Monthly,Mid Level,Contract,N/A
"Skill Training Nepal (IT Training Center in Kathmandu, Nepal)",FLUTTER DEVELOPER,Not Disclosed,N/A,N/A,N/A
SoftUp,WordPress Developer,Not Disclosed,N/A,N/A,N/A
Infinite Computer Solutions,SQL Developer,Not Disclosed,N/A,N/A,N/A
Nakshatra Techno Hub,Junior Laravel Developer,Not Disclosed,N/A,N/A,N/A
Nakshatra Techno Hub,Junior Vue.Js Developer,Not Disclosed,N/A,N/A,N/A
ComplianceQuest,Senior Software Engineer-Quality Control,Not Disclosed,N/A,N/A,N/A
Nirvan Studio,Laravel Developer,Not Disclosed,N/A,N/A,N/A
JobsNepal.com,Java Developer,Not Disclosed,N/A,N/A,N/A
SELISE Group,Front-End Software Engineer (React),Not Disclosed,N/A,N/A,N/A
Smart Data Solutions,"Software Engineer I, Machine Learning",Not Disclosed,N/A,N/A,N/A
SoftUp,Full Stack Web Developer,Not Disclosed,N/A,N/A,N/A
OnePoint,Solutions Architect,Not Disclosed,N/A,N/A,N/A
Garocha,Openclaw expert,Not Disclosed,N/A,N/A,N/A
Smart Data Solutions,"Software Engineer I, Support",Not Disclosed,N/A,N/A,N/A
OnePoint,Senior Backend Engineer,Not Disclosed,N/A,N/A,N/A
Verisk,Software Engineer (Java + .Net),Not Disclosed,N/A,N/A,N/A
Green Development Bank Limited,Information Security Officer,Nrs. Negotiable Monthly,Mid Level,Contract,2 + years
Code Mantra,Mobile App Developer (React Native),Nrs. 80K-100K Monthly (Negotiable),Mid Level,Full Time,4 + years
Code Mantra,Senior Full Stack Developer (Backend),Nrs. (100K - 150K) Monthly (Negotiable),Senior Level,Full Time,5 + years
IQVIA,Senior Java Engineer,Not Disclosed,N/A,N/A,N/A
SoftUp,Full-Stack Web Developer (Intern),Not Disclosed,N/A,N/A,N/A
A.M.D. Soft and Services Pvt. Ltd.,Laravel Intern,Not Disclosed,N/A,N/A,N/A
"Skill Training Nepal (IT Training Center in Kathmandu, Nepal)",REACT NATIVE / MOBILE APP DEVELOPER,Not Disclosed,N/A,N/A,N/A
Devfinity,Sr. Frontend Developer,Not Disclosed,N/A,N/A,N/A
Batas Hire Purchase Pvt. Ltd,Full Stack Developer,Not Disclosed,Junior Level,Full Time,2 + years
Batas Hire Purchase Pvt. Ltd,UX/UI Developer,Not Disclosed,Junior Level,Full Time,2 + years
Dlytica Talent,Senior Data Engineer(Nepal),Not Disclosed,N/A,N/A,N/A
KutkiTech Pvt. Ltd.,Software Engineering Intern (Python/AI),Not Disclosed,N/A,N/A,N/A
"Ministry of Social Development, Youth and Sports, Gandaki Province",Help Desk Assistant,Nrs. Negotiable Monthly,Mid Level,Contract,N/A
"Skill Training Nepal (IT Training Center in Kathmandu, Nepal)",FLUTTER DEVELOPER,Not Disclosed,N/A,N/A,N/A
SoftUp,WordPress Developer,Not Disclosed,N/A,N/A,N/A
Infinite Computer Solutions,SQL Developer,Not Disclosed,N/A,N/A,N/A
Nakshatra Techno Hub,Junior Laravel Developer,Not Disclosed,N/A,N/A,N/A
Nakshatra Techno Hub,Junior Vue.Js Developer,Not Disclosed,N/A,N/A,N/A
ComplianceQuest,Senior Software Engineer-Quality Control,Not Disclosed,N/A,N/A,N/A
Nirvan Studio,Laravel Developer,Not Disclosed,N/A,N/A,N/A
JobsNepal.com,Java Developer,Not Disclosed,N/A,N/A,N/A
SELISE Group,Front-End Software Engineer (React),Not Disclosed,N/A,N/A,N/A
Smart Data Solutions,"Software Engineer I, Machine Learning",Not Disclosed,N/A,N/A,N/A
SoftUp,Full Stack Web Developer,Not Disclosed,N/A,N/A,N/A
OnePoint,Solutions Architect,Not Disclosed,N/A,N/A,N/A
Garocha,Openclaw expert,Not Disclosed,N/A,N/A,N/A
Smart Data Solutions,"Software Engineer I, Support",Not Disclosed,N/A,N/A,N/A
OnePoint,Senior Backend Engineer,Not Disclosed,N/A,N/A,N/A
Verisk,Software Engineer (Java + .Net),Not Disclosed,N/A,N/A,N/A
Green Development Bank Limited,Information Security Officer,Nrs. Negotiable Monthly,Mid Level,Contract,2 + years
Code Mantra,Mobile App Developer (React Native),Nrs. 80K-100K Monthly (Negotiable),Mid Level,Full Time,4 + years
Code Mantra,Senior Full Stack Developer (Backend),Nrs. (100K - 150K) Monthly (Negotiable),Senior Level,Full Time,5 + years
IQVIA,Senior Java Engineer,Not Disclosed,N/A,N/A,N/A
SoftUp,Full-Stack Web Developer (Intern),Not Disclosed,N/A,N/A,N/A
A.M.D. Soft and Services Pvt. Ltd.,Laravel Intern,Not Disclosed,N/A,N/A,N/A
"Skill Training Nepal (IT Training Center in Kathmandu, Nepal)",REACT NATIVE / MOBILE APP DEVELOPER,Not Disclosed,N/A,N/A,N/A
Devfinity,Sr. Frontend Developer,Not Disclosed,N/A,N/A,N/A
Batas Hire Purchase Pvt. Ltd,Full Stack Developer,Not Disclosed,Junior Level,Full Time,2 + years
Batas Hire Purchase Pvt. Ltd,UX/UI Developer,Not Disclosed,Junior Level,Full Time,2 + years
Dlytica Talent,Senior Data Engineer(Nepal),Not Disclosed,N/A,N/A,N/A
KutkiTech Pvt. Ltd.,Software Engineering Intern (Python/AI),Not Disclosed,N/A,N/A,N/A
"Ministry of Social Development, Youth and Sports, Gandaki Province",Help Desk Assistant,Nrs. Negotiable Monthly,Mid Level,Contract,N/A
"Skill Training Nepal (IT Training Center in Kathmandu, Nepal)",FLUTTER DEVELOPER,Not Disclosed,N/A,N/A,N/A
SoftUp,WordPress Developer,Not Disclosed,N/A,N/A,N/A
Infinite Computer Solutions,SQL Developer,Not Disclosed,N/A,N/A,N/A
Nakshatra Techno Hub,Junior Laravel Developer,Not Disclosed,N/A,N/A,N/A
Nakshatra Techno Hub,Junior Vue.Js Developer,Not Disclosed,N/A,N/A,N/A
ComplianceQuest,Senior Software Engineer-Quality Control,Not Disclosed,N/A,N/A,N/A
Nirvan Studio,Laravel Developer,Not Disclosed,N/A,N/A,N/A
JobsNepal.com,Java Developer,Not Disclosed,N/A,N/A,N/A
SELISE Group,Front-End Software Engineer (React),Not Disclosed,N/A,N/A,N/A
Smart Data Solutions,"Software Engineer I, Machine Learning",Not Disclosed,N/A,N/A,N/A
SoftUp,Full Stack Web Developer,Not Disclosed,N/A,N/A,N/A
OnePoint,Solutions Architect,Not Disclosed,N/A,N/A,N/A
Garocha,Openclaw expert,Not Disclosed,N/A,N/A,N/A
Smart Data Solutions,"Software Engineer I, Support",Not Disclosed,N/A,N/A,N/A
OnePoint,Senior Backend Engineer,Not Disclosed,N/A,N/A,N/A
Verisk,Software Engineer (Java + .Net),Not Disclosed,N/A,N/A,N/A
Green Development Bank Limited,Information Security Officer,Nrs. Negotiable Monthly,Mid Level,Contract,2 + years
Code Mantra,Mobile App Developer (React Native),Nrs. 80K-100K Monthly (Negotiable),Mid Level,Full Time,4 + years
Code Mantra,Senior Full Stack Developer (Backend),Nrs. (100K - 150K) Monthly (Negotiable),Senior Level,Full Time,5 + years
IQVIA,Senior Java Engineer,Not Disclosed,N/A,N/A,N/A
SoftUp,Full-Stack Web Developer (Intern),Not Disclosed,N/A,N/A,N/A
A.M.D. Soft and Services Pvt. Ltd.,Laravel Intern,Not Disclosed,N/A,N/A,N/A
"Skill Training Nepal (IT Training Center in Kathmandu, Nepal)",REACT NATIVE / MOBILE APP DEVELOPER,Not Disclosed,N/A,N/A,N/A
Devfinity,Sr. Frontend Developer,Not Disclosed,N/A,N/A,N/A
Batas Hire Purchase Pvt. Ltd,Full Stack Developer,Not Disclosed,Junior Level,Full Time,2 + years
Batas Hire Purchase Pvt. Ltd,UX/UI Developer,Not Disclosed,Junior Level,Full Time,2 + years
Dlytica Talent,Senior Data Engineer(Nepal),Not Disclosed,N/A,N/A,N/A
KutkiTech Pvt. Ltd.,Software Engineering Intern (Python/AI),Not Disclosed,N/A,N/A,N/A
"Ministry of Social Development, Youth and Sports, Gandaki Province",Help Desk Assistant,Nrs. Negotiable Monthly,Mid Level,Contract,N/A
"Skill Training Nepal (IT Training Center in Kathmandu, Nepal)",FLUTTER DEVELOPER,Not Disclosed,N/A,N/A,N/A
SoftUp,WordPress Developer,Not Disclosed,N/A,N/A,N/A
Infinite Computer Solutions,SQL Developer,Not Disclosed,N/A,N/A,N/A
Nakshatra Techno Hub,Junior Laravel Developer,Not Disclosed,N/A,N/A,N/A
Nakshatra Techno Hub,Junior Vue.Js Developer,Not Disclosed,N/A,N/A,N/A
ComplianceQuest,Senior Software Engineer-Quality Control,Not Disclosed,N/A,N/A,N/A
Nirvan Studio,Laravel Developer,Not Disclosed,N/A,N/A,N/A
JobsNepal.com,Java Developer,Not Disclosed,N/A,N/A,N/A
SELISE Group,Front-End Software Engineer (React),Not Disclosed,N/A,N/A,N/A
Smart Data Solutions,"Software Engineer I, Machine Learning",Not Disclosed,N/A,N/A,N/A
SoftUp,Full Stack Web Developer,Not Disclosed,N/A,N/A,N/A
OnePoint,Solutions Architect,Not Disclosed,N/A,N/A,N/A
Garocha,Openclaw expert,Not Disclosed,N/A,N/A,N/A
Smart Data Solutions,"Software Engineer I, Support",Not Disclosed,N/A,N/A,N/A
OnePoint,Senior Backend Engineer,Not Disclosed,N/A,N/A,N/A
Verisk,Software Engineer (Java + .Net),Not Disclosed,N/A,N/A,N/A
Green Development Bank Limited,Information Security Officer,Nrs. Negotiable Monthly,Mid Level,Contract,2 + years
Code Mantra,Mobile App Developer (React Native),Nrs. 80K-100K Monthly (Negotiable),Mid Level,Full Time,4 + years
Code Mantra,Senior Full Stack Developer (Backend),Nrs. (100K - 150K) Monthly (Negotiable),Senior Level,Full Time,5 + years
IQVIA,Senior Java Engineer,Not Disclosed,N/A,N/A,N/A
SoftUp,Full-Stack Web Developer (Intern),Not Disclosed,N/A,N/A,N/A
A.M.D. Soft and Services Pvt. Ltd.,Laravel Intern,Not Disclosed,N/A,N/A,N/A
"Skill Training Nepal (IT Training Center in Kathmandu, Nepal)",REACT NATIVE / MOBILE APP DEVELOPER,Not Disclosed,N/A,N/A,N/A
Devfinity,Sr. Frontend Developer,Not Disclosed,N/A,N/A,N/A
Batas Hire Purchase Pvt. Ltd,Full Stack Developer,Not Disclosed,Junior Level,Full Time,2 + years
Batas Hire Purchase Pvt. Ltd,UX/UI Developer,Not Disclosed,Junior Level,Full Time,2 + years
Dlytica Talent,Senior Data Engineer(Nepal),Not Disclosed,N/A,N/A,N/A
KutkiTech Pvt. Ltd.,Software Engineering Intern (Python/AI),Not Disclosed,N/A,N/A,N/A
"Ministry of Social Development, Youth and Sports, Gandaki Province",Help Desk Assistant,Nrs. Negotiable Monthly,Mid Level,Contract,N/A
"Skill Training Nepal (IT Training Center in Kathmandu, Nepal)",FLUTTER DEVELOPER,Not Disclosed,N/A,N/A,N/A
SoftUp,WordPress Developer,Not Disclosed,N/A,N/A,N/A
Infinite Computer Solutions,SQL Developer,Not Disclosed,N/A,N/A,N/A
Nakshatra Techno Hub,Junior Laravel Developer,Not Disclosed,N/A,N/A,N/A
Nakshatra Techno Hub,Junior Vue.Js Developer,Not Disclosed,N/A,N/A,N/A
ComplianceQuest,Senior Software Engineer-Quality Control,Not Disclosed,N/A,N/A,N/A
Nirvan Studio,Laravel Developer,Not Disclosed,N/A,N/A,N/A
JobsNepal.com,Java Developer,Not Disclosed,N/A,N/A,N/A
SELISE Group,Front-End Software Engineer (React),Not Disclosed,N/A,N/A,N/A
Smart Data Solutions,"Software Engineer I, Machine Learning",Not Disclosed,N/A,N/A,N/A
SoftUp,Full Stack Web Developer,Not Disclosed,N/A,N/A,N/A
OnePoint,Solutions Architect,Not Disclosed,N/A,N/A,N/A
Garocha,Openclaw expert,Not Disclosed,N/A,N/A,N/A
Smart Data Solutions,"Software Engineer I, Support",Not Disclosed,N/A,N/A,N/A
OnePoint,Senior Backend Engineer,Not Disclosed,N/A,N/A,N/A
Verisk,Software Engineer (Java + .Net),Not Disclosed,N/A,N/A,N/A
Green Development Bank Limited,Information Security Officer,Nrs. Negotiable Monthly,Mid Level,Contract,2 + years
Code Mantra,Mobile App Developer (React Native),Nrs. 80K-100K Monthly (Negotiable),Mid Level,Full Time,4 + years
Code Mantra,Senior Full Stack Developer (Backend),Nrs. (100K - 150K) Monthly (Negotiable),Senior Level,Full Time,5 + years
IQVIA,Senior Java Engineer,Not Disclosed,N/A,N/A,N/A
SoftUp,Full-Stack Web Developer (Intern),Not Disclosed,N/A,N/A,N/A
A.M.D. Soft and Services Pvt. Ltd.,Laravel Intern,Not Disclosed,N/A,N/A,N/A
"Skill Training Nepal (IT Training Center in Kathmandu, Nepal)",REACT NATIVE / MOBILE APP DEVELOPER,Not Disclosed,N/A,N/A,N/A
Devfinity,Sr. Frontend Developer,Not Disclosed,N/A,N/A,N/A
Batas Hire Purchase Pvt. Ltd,Full Stack Developer,Not Disclosed,Junior Level,Full Time,2 + years
Batas Hire Purchase Pvt. Ltd,UX/UI Developer,Not Disclosed,Junior Level,Full Time,2 + years
Dlytica Talent,Senior Data Engineer(Nepal),Not Disclosed,N/A,N/A,N/A
KutkiTech Pvt. Ltd.,Software Engineering Intern (Python/AI),Not Disclosed,N/A,N/A,N/A
"Ministry of Social Development, Youth and Sports, Gandaki Province",Help Desk Assistant,Nrs. Negotiable Monthly,Mid Level,Contract,N/A
"Skill Training Nepal (IT Training Center in Kathmandu, Nepal)",FLUTTER DEVELOPER,Not Disclosed,N/A,N/A,N/A
SoftUp,WordPress Developer,Not Disclosed,N/A,N/A,N/A
Infinite Computer Solutions,SQL Developer,Not Disclosed,N/A,N/A,N/A
Nakshatra Techno Hub,Junior Laravel Developer,Not Disclosed,N/A,N/A,N/A
Nakshatra Techno Hub,Junior Vue.Js Developer,Not Disclosed,N/A,N/A,N/A
ComplianceQuest,Senior Software Engineer-Quality Control,Not Disclosed,N/A,N/A,N/A
Nirvan Studio,Laravel Developer,Not Disclosed,N/A,N/A,N/A
JobsNepal.com,Java Developer,Not Disclosed,N/A,N/A,N/A
SELISE Group,Front-End Software Engineer (React),Not Disclosed,N/A,N/A,N/A
Smart Data Solutions,"Software Engineer I, Machine Learning",Not Disclosed,N/A,N/A,N/A
SoftUp,Full Stack Web Developer,Not Disclosed,N/A,N/A,N/A
OnePoint,Solutions Architect,Not Disclosed,N/A,N/A,N/A
Garocha,Openclaw expert,Not Disclosed,N/A,N/A,N/A
Smart Data Solutions,"Software Engineer I, Support",Not Disclosed,N/A,N/A,N/A
OnePoint,Senior Backend Engineer,Not Disclosed,N/A,N/A,N/A
Verisk,Software Engineer (Java + .Net),Not Disclosed,N/A,N/A,N/A
Green Development Bank Limited,Information Security Officer,Nrs. Negotiable Monthly,Mid Level,Contract,2 + years
Code Mantra,Mobile App Developer (React Native),Nrs. 80K-100K Monthly (Negotiable),Mid Level,Full Time,4 + years
Code Mantra,Senior Full Stack Developer (Backend),Nrs. (100K - 150K) Monthly (Negotiable),Senior Level,Full Time,5 + years
IQVIA,Senior Java Engineer,Not Disclosed,N/A,N/A,N/A
SoftUp,Full-Stack Web Developer (Intern),Not Disclosed,N/A,N/A,N/A
A.M.D. Soft and Services Pvt. Ltd.,Laravel Intern,Not Disclosed,N/A,N/A,N/A
"Skill Training Nepal (IT Training Center in Kathmandu, Nepal)",REACT NATIVE / MOBILE APP DEVELOPER,Not Disclosed,N/A,N/A,N/A
Devfinity,Sr. Frontend Developer,Not Disclosed,N/A,N/A,N/A
Batas Hire Purchase Pvt. Ltd,Full Stack Developer,Not Disclosed,Junior Level,Full Time,2 + years
Batas Hire Purchase Pvt. Ltd,UX/UI Developer,Not Disclosed,Junior Level,Full Time,2 + years
Dlytica Talent,Senior Data Engineer(Nepal),Not Disclosed,N/A,N/A,N/A
KutkiTech Pvt. Ltd.,Software Engineering Intern (Python/AI),Not Disclosed,N/A,N/A,N/A
"Ministry of Social Development, Youth and Sports, Gandaki Province",Help Desk Assistant,Nrs. Negotiable Monthly,Mid Level,Contract,N/A
"Skill Training Nepal (IT Training Center in Kathmandu, Nepal)",FLUTTER DEVELOPER,Not Disclosed,N/A,N/A,N/A
SoftUp,WordPress Developer,Not Disclosed,N/A,N/A,N/A
Infinite Computer Solutions,SQL Developer,Not Disclosed,N/A,N/A,N/A
Nakshatra Techno Hub,Junior Laravel Developer,Not Disclosed,N/A,N/A,N/A
Nakshatra Techno Hub,Junior Vue.Js Developer,Not Disclosed,N/A,N/A,N/A
ComplianceQuest,Senior Software Engineer-Quality Control,Not Disclosed,N/A,N/A,N/A
Nirvan Studio,Laravel Developer,Not Disclosed,N/A,N/A,N/A
JobsNepal.com,Java Developer,Not Disclosed,N/A,N/A,N/A
SELISE Group,Front-End Software Engineer (React),Not Disclosed,N/A,N/A,N/A
Smart Data Solutions,"Software Engineer I, Machine Learning",Not Disclosed,N/A,N/A,N/A
SoftUp,Full Stack Web Developer,Not Disclosed,N/A,N/A,N/A
OnePoint,Solutions Architect,Not Disclosed,N/A,N/A,N/A
Garocha,Openclaw expert,Not Disclosed,N/A,N/A,N/A
Smart Data Solutions,"Software Engineer I, Support",Not Disclosed,N/A,N/A,N/A
OnePoint,Senior Backend Engineer,Not Disclosed,N/A,N/A,N/A
Verisk,Software Engineer (Java + .Net),Not Disclosed,N/A,N/A,N/A
Green Development Bank Limited,Information Security Officer,Nrs. Negotiable Monthly,Mid Level,Contract,2 + years
Code Mantra,Mobile App Developer (React Native),Nrs. 80K-100K Monthly (Negotiable),Mid Level,Full Time,4 + years
Code Mantra,Senior Full Stack Developer (Backend),Nrs. (100K - 150K) Monthly (Negotiable),Senior Level,Full Time,5 + years
IQVIA,Senior Java Engineer,Not Disclosed,N/A,N/A,N/A
SoftUp,Full-Stack Web Developer (Intern),Not Disclosed,N/A,N/A,N/A
A.M.D. Soft and Services Pvt. Ltd.,Laravel Intern,Not Disclosed,N/A,N/A,N/A
"Skill Training Nepal (IT Training Center in Kathmandu, Nepal)",REACT NATIVE / MOBILE APP DEVELOPER,Not Disclosed,N/A,N/A,N/A
Devfinity,Sr. Frontend Developer,Not Disclosed,N/A,N/A,N/A
Batas Hire Purchase Pvt. Ltd,Full Stack Developer,Not Disclosed,Junior Level,Full Time,2 + years
Batas Hire Purchase Pvt. Ltd,UX/UI Developer,Not Disclosed,Junior Level,Full Time,2 + years
Dlytica Talent,Senior Data Engineer(Nepal),Not Disclosed,N/A,N/A,N/A
KutkiTech Pvt. Ltd.,Software Engineering Intern (Python/AI),Not Disclosed,N/A,N/A,N/A
"Ministry of Social Development, Youth and Sports, Gandaki Province",Help Desk Assistant,Nrs. Negotiable Monthly,Mid Level,Contract,N/A
"Skill Training Nepal (IT Training Center in Kathmandu, Nepal)",FLUTTER DEVELOPER,Not Disclosed,N/A,N/A,N/A
SoftUp,WordPress Developer,Not Disclosed,N/A,N/A,N/A
Infinite Computer Solutions,SQL Developer,Not Disclosed,N/A,N/A,N/A
Nakshatra Techno Hub,Junior Laravel Developer,Not Disclosed,N/A,N/A,N/A
Nakshatra Techno Hub,Junior Vue.Js Developer,Not Disclosed,N/A,N/A,N/A
ComplianceQuest,Senior Software Engineer-Quality Control,Not Disclosed,N/A,N/A,N/A
Nirvan Studio,Laravel Developer,Not Disclosed,N/A,N/A,N/A
JobsNepal.com,Java Developer,Not Disclosed,N/A,N/A,N/A
SELISE Group,Front-End Software Engineer (React),Not Disclosed,N/A,N/A,N/A
Smart Data Solutions,"Software Engineer I, Machine Learning",Not Disclosed,N/A,N/A,N/A
SoftUp,Full Stack Web Developer,Not Disclosed,N/A,N/A,N/A
OnePoint,Solutions Architect,Not Disclosed,N/A,N/A,N/A
Garocha,Openclaw expert,Not Disclosed,N/A,N/A,N/A
Smart Data Solutions,"Software Engineer I, Support",Not Disclosed,N/A,N/A,N/A
OnePoint,Senior Backend Engineer,Not Disclosed,N/A,N/A,N/A
Verisk,Software Engineer (Java + .Net),Not Disclosed,N/A,N/A,N/A
Green Development Bank Limited,Information Security Officer,Nrs. Negotiable Monthly,Mid Level,Contract,2 + years
Code Mantra,Mobile App Developer (React Native),Nrs. 80K-100K Monthly (Negotiable),Mid Level,Full Time,4 + years
Code Mantra,Senior Full Stack Developer (Backend),Nrs. (100K - 150K) Monthly (Negotiable),Senior Level,Full Time,5 + years
IQVIA,Senior Java Engineer,Not Disclosed,N/A,N/A,N/A
SoftUp,Full-Stack Web Developer (Intern),Not Disclosed,N/A,N/A,N/A
A.M.D. Soft and Services Pvt. Ltd.,Laravel Intern,Not Disclosed,N/A,N/A,N/A
"Skill Training Nepal (IT Training Center in Kathmandu, Nepal)",REACT NATIVE / MOBILE APP DEVELOPER,Not Disclosed,N/A,N/A,N/A
Devfinity,Sr. Frontend Developer,Not Disclosed,N/A,N/A,N/A
Batas Hire Purchase Pvt. Ltd,Full Stack Developer,Not Disclosed,Junior Level,Full Time,2 + years
Batas Hire Purchase Pvt. Ltd,UX/UI Developer,Not Disclosed,Junior Level,Full Time,2 + years
Dlytica Talent,Senior Data Engineer(Nepal),Not Disclosed,N/A,N/A,N/A
KutkiTech Pvt. Ltd.,Software Engineering Intern (Python/AI),Not Disclosed,N/A,N/A,N/A
"Ministry of Social Development, Youth and Sports, Gandaki Province",Help Desk Assistant,Nrs. Negotiable Monthly,Mid Level,Contract,N/A
"Skill Training Nepal (IT Training Center in Kathmandu, Nepal)",FLUTTER DEVELOPER,Not Disclosed,N/A,N/A,N/A
SoftUp,WordPress Developer,Not Disclosed,N/A,N/A,N/A
Infinite Computer Solutions,SQL Developer,Not Disclosed,N/A,N/A,N/A
Nakshatra Techno Hub,Junior Laravel Developer,Not Disclosed,N/A,N/A,N/A
Nakshatra Techno Hub,Junior Vue.Js Developer,Not Disclosed,N/A,N/A,N/A
ComplianceQuest,Senior Software Engineer-Quality Control,Not Disclosed,N/A,N/A,N/A
Nirvan Studio,Laravel Developer,Not Disclosed,N/A,N/A,N/A
JobsNepal.com,Java Developer,Not Disclosed,N/A,N/A,N/A
SELISE Group,Front-End Software Engineer (React),Not Disclosed,N/A,N/A,N/A
Smart Data Solutions,"Software Engineer I, Machine Learning",Not Disclosed,N/A,N/A,N/A
SoftUp,Full Stack Web Developer,Not Disclosed,N/A,N/A,N/A
OnePoint,Solutions Architect,Not Disclosed,N/A,N/A,N/A
Garocha,Openclaw expert,Not Disclosed,N/A,N/A,N/A
Smart Data Solutions,"Software Engineer I, Support",Not Disclosed,N/A,N/A,N/A
OnePoint,Senior Backend Engineer,Not Disclosed,N/A,N/A,N/A
Verisk,Software Engineer (Java + .Net),Not Disclosed,N/A,N/A,N/A
Green Development Bank Limited,Information Security Officer,Nrs. Negotiable Monthly,Mid Level,Contract,2 + years
Code Mantra,Mobile App Developer (React Native),Nrs. 80K-100K Monthly (Negotiable),Mid Level,Full Time,4 + years
Code Mantra,Senior Full Stack Developer (Backend),Nrs. (100K - 150K) Monthly (Negotiable),Senior Level,Full Time,5 + years
IQVIA,Senior Java Engineer,Not Disclosed,N/A,N/A,N/A
SoftUp,Full-Stack Web Developer (Intern),Not Disclosed,N/A,N/A,N/A
A.M.D. Soft and Services Pvt. Ltd.,Laravel Intern,Not Disclosed,N/A,N/A,N/A
"Skill Training Nepal (IT Training Center in Kathmandu, Nepal)",REACT NATIVE / MOBILE APP DEVELOPER,Not Disclosed,N/A,N/A,N/A
Devfinity,Sr. Frontend Developer,Not Disclosed,N/A,N/A,N/A
Batas Hire Purchase Pvt. Ltd,Full Stack Developer,Not Disclosed,Junior Level,Full Time,2 + years
Batas Hire Purchase Pvt. Ltd,UX/UI Developer,Not Disclosed,Junior Level,Full Time,2 + years
Dlytica Talent,Senior Data Engineer(Nepal),Not Disclosed,N/A,N/A,N/A
KutkiTech Pvt. Ltd.,Software Engineering Intern (Python/AI),Not Disclosed,N/A,N/A,N/A
"Ministry of Social Development, Youth and Sports, Gandaki Province",Help Desk Assistant,Nrs. Negotiable Monthly,Mid Level,Contract,N/A
"Skill Training Nepal (IT Training Center in Kathmandu, Nepal)",FLUTTER DEVELOPER,Not Disclosed,N/A,N/A,N/A
SoftUp,WordPress Developer,Not Disclosed,N/A,N/A,N/A
Infinite Computer Solutions,SQL Developer,Not Disclosed,N/A,N/A,N/A
Nakshatra Techno Hub,Junior Laravel Developer,Not Disclosed,N/A,N/A,N/A
Nakshatra Techno Hub,Junior Vue.Js Developer,Not Disclosed,N/A,N/A,N/A
ComplianceQuest,Senior Software Engineer-Quality Control,Not Disclosed,N/A,N/A,N/A
Nirvan Studio,Laravel Developer,Not Disclosed,N/A,N/A,N/A
JobsNepal.com,Java Developer,Not Disclosed,N/A,N/A,N/A
SELISE Group,Front-End Software Engineer (React),Not Disclosed,N/A,N/A,N/A
Smart Data Solutions,"Software Engineer I, Machine Learning",Not Disclosed,N/A,N/A,N/A
SoftUp,Full Stack Web Developer,Not Disclosed,N/A,N/A,N/A
OnePoint,Solutions Architect,Not Disclosed,N/A,N/A,N/A
Garocha,Openclaw expert,Not Disclosed,N/A,N/A,N/A
Smart Data Solutions,"Software Engineer I, Support",Not Disclosed,N/A,N/A,N/A
OnePoint,Senior Backend Engineer,Not Disclosed,N/A,N/A,N/A
Verisk,Software Engineer (Java + .Net),Not Disclosed,N/A,N/A,N/A
Green Development Bank Limited,Information Security Officer,Nrs. Negotiable Monthly,Mid Level,Contract,2 + years
Code Mantra,Mobile App Developer (React Native),Nrs. 80K-100K Monthly (Negotiable),Mid Level,Full Time,4 + years
Code Mantra,Senior Full Stack Developer (Backend),Nrs. (100K - 150K) Monthly (Negotiable),Senior Level,Full Time,5 + years
IQVIA,Senior Java Engineer,Not Disclosed,N/A,N/A,N/A
SoftUp,Full-Stack Web Developer (Intern),Not Disclosed,N/A,N/A,N/A
A.M.D. Soft and Services Pvt. Ltd.,Laravel Intern,Not Disclosed,N/A,N/A,N/A
"Skill Training Nepal (IT Training Center in Kathmandu, Nepal)",REACT NATIVE / MOBILE APP DEVELOPER,Not Disclosed,N/A,N/A,N/A
Devfinity,Sr. Frontend Developer,Not Disclosed,N/A,N/A,N/A
Batas Hire Purchase Pvt. Ltd,Full Stack Developer,Not Disclosed,Junior Level,Full Time,2 + years
Batas Hire Purchase Pvt. Ltd,UX/UI Developer,Not Disclosed,Junior Level,Full Time,2 + years
Dlytica Talent,Senior Data Engineer(Nepal),Not Disclosed,N/A,N/A,N/A
KutkiTech Pvt. Ltd.,Software Engineering Intern (Python/AI),Not Disclosed,N/A,N/A,N/A
"Ministry of Social Development, Youth and Sports, Gandaki Province",Help Desk Assistant,Nrs. Negotiable Monthly,Mid Level,Contract,N/A
"Skill Training Nepal (IT Training Center in Kathmandu, Nepal)",FLUTTER DEVELOPER,Not Disclosed,N/A,N/A,N/A
SoftUp,WordPress Developer,Not Disclosed,N/A,N/A,N/A
Infinite Computer Solutions,SQL Developer,Not Disclosed,N/A,N/A,N/A
Nakshatra Techno Hub,Junior Laravel Developer,Not Disclosed,N/A,N/A,N/A
Nakshatra Techno Hub,Junior Vue.Js Developer,Not Disclosed,N/A,N/A,N/A
ComplianceQuest,Senior Software Engineer-Quality Control,Not Disclosed,N/A,N/A,N/A
Nirvan Studio,Laravel Developer,Not Disclosed,N/A,N/A,N/A
JobsNepal.com,Java Developer,Not Disclosed,N/A,N/A,N/A
SELISE Group,Front-End Software Engineer (React),Not Disclosed,N/A,N/A,N/A
Smart Data Solutions,"Software Engineer I, Machine Learning",Not Disclosed,N/A,N/A,N/A
SoftUp,Full Stack Web Developer,Not Disclosed,N/A,N/A,N/A
OnePoint,Solutions Architect,Not Disclosed,N/A,N/A,N/A
Garocha,Openclaw expert,Not Disclosed,N/A,N/A,N/A
Smart Data Solutions,"Software Engineer I, Support",Not Disclosed,N/A,N/A,N/A
OnePoint,Senior Backend Engineer,Not Disclosed,N/A,N/A,N/A
Verisk,Software Engineer (Java + .Net),Not Disclosed,N/A,N/A,N/A
Green Development Bank Limited,Information Security Officer,Nrs. Negotiable Monthly,Mid Level,Contract,2 + years
Code Mantra,Mobile App Developer (React Native),Nrs. 80K-100K Monthly (Negotiable),Mid Level,Full Time,4 + years
Code Mantra,Senior Full Stack Developer (Backend),Nrs. (100K - 150K) Monthly (Negotiable),Senior Level,Full Time,5 + years
IQVIA,Senior Java Engineer,Not Disclosed,N/A,N/A,N/A
SoftUp,Full-Stack Web Developer (Intern),Not Disclosed,N/A,N/A,N/A
A.M.D. Soft and Services Pvt. Ltd.,Laravel Intern,Not Disclosed,N/A,N/A,N/A
"Skill Training Nepal (IT Training Center in Kathmandu, Nepal)",REACT NATIVE / MOBILE APP DEVELOPER,Not Disclosed,N/A,N/A,N/A
Devfinity,Sr. Frontend Developer,Not Disclosed,N/A,N/A,N/A
Batas Hire Purchase Pvt. Ltd,Full Stack Developer,Not Disclosed,Junior Level,Full Time,2 + years
Batas Hire Purchase Pvt. Ltd,UX/UI Developer,Not Disclosed,Junior Level,Full Time,2 + years
Dlytica Talent,Senior Data Engineer(Nepal),Not Disclosed,N/A,N/A,N/A
KutkiTech Pvt. Ltd.,Software Engineering Intern (Python/AI),Not Disclosed,N/A,N/A,N/A
"Ministry of Social Development, Youth and Sports, Gandaki Province",Help Desk Assistant,Nrs. Negotiable Monthly,Mid Level,Contract,N/A
"Skill Training Nepal (IT Training Center in Kathmandu, Nepal)",FLUTTER DEVELOPER,Not Disclosed,N/A,N/A,N/A
SoftUp,WordPress Developer,Not Disclosed,N/A,N/A,N/A
Infinite Computer Solutions,SQL Developer,Not Disclosed,N/A,N/A,N/A
Nakshatra Techno Hub,Junior Laravel Developer,Not Disclosed,N/A,N/A,N/A
Nakshatra Techno Hub,Junior Vue.Js Developer,Not Disclosed,N/A,N/A,N/A
ComplianceQuest,Senior Software Engineer-Quality Control,Not Disclosed,N/A,N/A,N/A
Nirvan Studio,Laravel Developer,Not Disclosed,N/A,N/A,N/A
JobsNepal.com,Java Developer,Not Disclosed,N/A,N/A,N/A
SELISE Group,Front-End Software Engineer (React),Not Disclosed,N/A,N/A,N/A
Smart Data Solutions,"Software Engineer I, Machine Learning",Not Disclosed,N/A,N/A,N/A
SoftUp,Full Stack Web Developer,Not Disclosed,N/A,N/A,N/A
OnePoint,Solutions Architect,Not Disclosed,N/A,N/A,N/A
Garocha,Openclaw expert,Not Disclosed,N/A,N/A,N/A
Smart Data Solutions,"Software Engineer I, Support",Not Disclosed,N/A,N/A,N/A
OnePoint,Senior Backend Engineer,Not Disclosed,N/A,N/A,N/A
Verisk,Software Engineer (Java + .Net),Not Disclosed,N/A,N/A,N/A
Green Development Bank Limited,Information Security Officer,Nrs. Negotiable Monthly,Mid Level,Contract,2 + years
Code Mantra,Mobile App Developer (React Native),Nrs. 80K-100K Monthly (Negotiable),Mid Level,Full Time,4 + years
Code Mantra,Senior Full Stack Developer (Backend),Nrs. (100K - 150K) Monthly (Negotiable),Senior Level,Full Time,5 + years
IQVIA,Senior Java Engineer,Not Disclosed,N/A,N/A,N/A
SoftUp,Full-Stack Web Developer (Intern),Not Disclosed,N/A,N/A,N/A
A.M.D. Soft and Services Pvt. Ltd.,Laravel Intern,Not Disclosed,N/A,N/A,N/A
"Skill Training Nepal (IT Training Center in Kathmandu, Nepal)",REACT NATIVE / MOBILE APP DEVELOPER,Not Disclosed,N/A,N/A,N/A
Devfinity,Sr. Frontend Developer,Not Disclosed,N/A,N/A,N/A
Batas Hire Purchase Pvt. Ltd,Full Stack Developer,Not Disclosed,Junior Level,Full Time,2 + years
Batas Hire Purchase Pvt. Ltd,UX/UI Developer,Not Disclosed,Junior Level,Full Time,2 + years
Dlytica Talent,Senior Data Engineer(Nepal),Not Disclosed,N/A,N/A,N/A
KutkiTech Pvt. Ltd.,Software Engineering Intern (Python/AI),Not Disclosed,N/A,N/A,N/A
"Ministry of Social Development, Youth and Sports, Gandaki Province",Help Desk Assistant,Nrs. Negotiable Monthly,Mid Level,Contract,N/A
"Skill Training Nepal (IT Training Center in Kathmandu, Nepal)",FLUTTER DEVELOPER,Not Disclosed,N/A,N/A,N/A
SoftUp,WordPress Developer,Not Disclosed,N/A,N/A,N/A
Infinite Computer Solutions,SQL Developer,Not Disclosed,N/A,N/A,N/A
Nakshatra Techno Hub,Junior Laravel Developer,Not Disclosed,N/A,N/A,N/A
Nakshatra Techno Hub,Junior Vue.Js Developer,Not Disclosed,N/A,N/A,N/A
ComplianceQuest,Senior Software Engineer-Quality Control,Not Disclosed,N/A,N/A,N/A
Nirvan Studio,Laravel Developer,Not Disclosed,N/A,N/A,N/A
JobsNepal.com,Java Developer,Not Disclosed,N/A,N/A,N/A
SELISE Group,Front-End Software Engineer (React),Not Disclosed,N/A,N/A,N/A
Smart Data Solutions,"Software Engineer I, Machine Learning",Not Disclosed,N/A,N/A,N/A
SoftUp,Full Stack Web Developer,Not Disclosed,N/A,N/A,N/A
OnePoint,Solutions Architect,Not Disclosed,N/A,N/A,N/A
Garocha,Openclaw expert,Not Disclosed,N/A,N/A,N/A
Smart Data Solutions,"Software Engineer I, Support",Not Disclosed,N/A,N/A,N/A
OnePoint,Senior Backend Engineer,Not Disclosed,N/A,N/A,N/A
Verisk,Software Engineer (Java + .Net),Not Disclosed,N/A,N/A,N/A
Green Development Bank Limited,Information Security Officer,Nrs. Negotiable Monthly,Mid Level,Contract,2 + years
Code Mantra,Mobile App Developer (React Native),Nrs. 80K-100K Monthly (Negotiable),Mid Level,Full Time,4 + years
Code Mantra,Senior Full Stack Developer (Backend),Nrs. (100K - 150K) Monthly (Negotiable),Senior Level,Full Time,5 + years
IQVIA,Senior Java Engineer,Not Disclosed,N/A,N/A,N/A
SoftUp,Full-Stack Web Developer (Intern),Not Disclosed,N/A,N/A,N/A
A.M.D. Soft and Services Pvt. Ltd.,Laravel Intern,Not Disclosed,N/A,N/A,N/A
"Skill Training Nepal (IT Training Center in Kathmandu, Nepal)",REACT NATIVE / MOBILE APP DEVELOPER,Not Disclosed,N/A,N/A,N/A
Devfinity,Sr. Frontend Developer,Not Disclosed,N/A,N/A,N/A
Batas Hire Purchase Pvt. Ltd,Full Stack Developer,Not Disclosed,Junior Level,Full Time,2 + years
Batas Hire Purchase Pvt. Ltd,UX/UI Developer,Not Disclosed,Junior Level,Full Time,2 + years
Dlytica Talent,Senior Data Engineer(Nepal),Not Disclosed,N/A,N/A,N/A
KutkiTech Pvt. Ltd.,Software Engineering Intern (Python/AI),Not Disclosed,N/A,N/A,N/A
"Ministry of Social Development, Youth and Sports, Gandaki Province",Help Desk Assistant,Nrs. Negotiable Monthly,Mid Level,Contract,N/A
"Skill Training Nepal (IT Training Center in Kathmandu, Nepal)",FLUTTER DEVELOPER,Not Disclosed,N/A,N/A,N/A
SoftUp,WordPress Developer,Not Disclosed,N/A,N/A,N/A
Infinite Computer Solutions,SQL Developer,Not Disclosed,N/A,N/A,N/A
Nakshatra Techno Hub,Junior Laravel Developer,Not Disclosed,N/A,N/A,N/A
Nakshatra Techno Hub,Junior Vue.Js Developer,Not Disclosed,N/A,N/A,N/A
ComplianceQuest,Senior Software Engineer-Quality Control,Not Disclosed,N/A,N/A,N/A
Nirvan Studio,Laravel Developer,Not Disclosed,N/A,N/A,N/A
JobsNepal.com,Java Developer,Not Disclosed,N/A,N/A,N/A
SELISE Group,Front-End Software Engineer (React),Not Disclosed,N/A,N/A,N/A
Smart Data Solutions,"Software Engineer I, Machine Learning",Not Disclosed,N/A,N/A,N/A
SoftUp,Full Stack Web Developer,Not Disclosed,N/A,N/A,N/A
OnePoint,Solutions Architect,Not Disclosed,N/A,N/A,N/A
Garocha,Openclaw expert,Not Disclosed,N/A,N/A,N/A
Smart Data Solutions,"Software Engineer I, Support",Not Disclosed,N/A,N/A,N/A
OnePoint,Senior Backend Engineer,Not Disclosed,N/A,N/A,N/A
Verisk,Software Engineer (Java + .Net),Not Disclosed,N/A,N/A,N/A
Green Development Bank Limited,Information Security Officer,Nrs. Negotiable Monthly,Mid Level,Contract,2 + years
Code Mantra,Mobile App Developer (React Native),Nrs. 80K-100K Monthly (Negotiable),Mid Level,Full Time,4 + years
Code Mantra,Senior Full Stack Developer (Backend),Nrs. (100K - 150K) Monthly (Negotiable),Senior Level,Full Time,5 + years
IQVIA,Senior Java Engineer,Not Disclosed,N/A,N/A,N/A
SoftUp,Full-Stack Web Developer (Intern),Not Disclosed,N/A,N/A,N/A
A.M.D. Soft and Services Pvt. Ltd.,Laravel Intern,Not Disclosed,N/A,N/A,N/A
"Skill Training Nepal (IT Training Center in Kathmandu, Nepal)",REACT NATIVE / MOBILE APP DEVELOPER,Not Disclosed,N/A,N/A,N/A
Devfinity,Sr. Frontend Developer,Not Disclosed,N/A,N/A,N/A
Batas Hire Purchase Pvt. Ltd,Full Stack Developer,Not Disclosed,Junior Level,Full Time,2 + years
Batas Hire Purchase Pvt. Ltd,UX/UI Developer,Not Disclosed,Junior Level,Full Time,2 + years
Dlytica Talent,Senior Data Engineer(Nepal),Not Disclosed,N/A,N/A,N/A
KutkiTech Pvt. Ltd.,Software Engineering Intern (Python/AI),Not Disclosed,N/A,N/A,N/A
"Ministry of Social Development, Youth and Sports, Gandaki Province",Help Desk Assistant,Nrs. Negotiable Monthly,Mid Level,Contract,N/A
"Skill Training Nepal (IT Training Center in Kathmandu, Nepal)",FLUTTER DEVELOPER,Not Disclosed,N/A,N/A,N/A
SoftUp,WordPress Developer,Not Disclosed,N/A,N/A,N/A
Infinite Computer Solutions,SQL Developer,Not Disclosed,N/A,N/A,N/A
Nakshatra Techno Hub,Junior Laravel Developer,Not Disclosed,N/A,N/A,N/A
Nakshatra Techno Hub,Junior Vue.Js Developer,Not Disclosed,N/A,N/A,N/A
ComplianceQuest,Senior Software Engineer-Quality Control,Not Disclosed,N/A,N/A,N/A
Nirvan Studio,Laravel Developer,Not Disclosed,N/A,N/A,N/A
JobsNepal.com,Java Developer,Not Disclosed,N/A,N/A,N/A
SELISE Group,Front-End Software Engineer (React),Not Disclosed,N/A,N/A,N/A
Smart Data Solutions,"Software Engineer I, Machine Learning",Not Disclosed,N/A,N/A,N/A
SoftUp,Full Stack Web Developer,Not Disclosed,N/A,N/A,N/A
OnePoint,Solutions Architect,Not Disclosed,N/A,N/A,N/A
Garocha,Openclaw expert,Not Disclosed,N/A,N/A,N/A
Smart Data Solutions,"Software Engineer I, Support",Not Disclosed,N/A,N/A,N/A
OnePoint,Senior Backend Engineer,Not Disclosed,N/A,N/A,N/A
Verisk,Software Engineer (Java + .Net),Not Disclosed,N/A,N/A,N/A
Green Development Bank Limited,Information Security Officer,Nrs. Negotiable Monthly,Mid Level,Contract,2 + years
Code Mantra,Mobile App Developer (React Native),Nrs. 80K-100K Monthly (Negotiable),Mid Level,Full Time,4 + years
Code Mantra,Senior Full Stack Developer (Backend),Nrs. (100K - 150K) Monthly (Negotiable),Senior Level,Full Time,5 + years
IQVIA,Senior Java Engineer,Not Disclosed,N/A,N/A,N/A
SoftUp,Full-Stack Web Developer (Intern),Not Disclosed,N/A,N/A,N/A
A.M.D. Soft and Services Pvt. Ltd.,Laravel Intern,Not Disclosed,N/A,N/A,N/A
"Skill Training Nepal (IT Training Center in Kathmandu, Nepal)",REACT NATIVE / MOBILE APP DEVELOPER,Not Disclosed,N/A,N/A,N/A
Devfinity,Sr. Frontend Developer,Not Disclosed,N/A,N/A,N/A
Batas Hire Purchase Pvt. Ltd,Full Stack Developer,Not Disclosed,Junior Level,Full Time,2 + years
Batas Hire Purchase Pvt. Ltd,UX/UI Developer,Not Disclosed,Junior Level,Full Time,2 + years
Dlytica Talent,Senior Data Engineer(Nepal),Not Disclosed,N/A,N/A,N/A
KutkiTech Pvt. Ltd.,Software Engineering Intern (Python/AI),Not Disclosed,N/A,N/A,N/A
"Ministry of Social Development, Youth and Sports, Gandaki Province",Help Desk Assistant,Nrs. Negotiable Monthly,Mid Level,Contract,N/A
"Skill Training Nepal (IT Training Center in Kathmandu, Nepal)",FLUTTER DEVELOPER,Not Disclosed,N/A,N/A,N/A
SoftUp,WordPress Developer,Not Disclosed,N/A,N/A,N/A
Infinite Computer Solutions,SQL Developer,Not Disclosed,N/A,N/A,N/A
Nakshatra Techno Hub,Junior Laravel Developer,Not Disclosed,N/A,N/A,N/A
Nakshatra Techno Hub,Junior Vue.Js Developer,Not Disclosed,N/A,N/A,N/A
ComplianceQuest,Senior Software Engineer-Quality Control,Not Disclosed,N/A,N/A,N/A
Nirvan Studio,Laravel Developer,Not Disclosed,N/A,N/A,N/A
JobsNepal.com,Java Developer,Not Disclosed,N/A,N/A,N/A
SELISE Group,Front-End Software Engineer (React),Not Disclosed,N/A,N/A,N/A
Smart Data Solutions,"Software Engineer I, Machine Learning",Not Disclosed,N/A,N/A,N/A
SoftUp,Full Stack Web Developer,Not Disclosed,N/A,N/A,N/A
OnePoint,Solutions Architect,Not Disclosed,N/A,N/A,N/A
Garocha,Openclaw expert,Not Disclosed,N/A,N/A,N/A
Smart Data Solutions,"Software Engineer I, Support",Not Disclosed,N/A,N/A,N/A
OnePoint,Senior Backend Engineer,Not Disclosed,N/A,N/A,N/A
Verisk,Software Engineer (Java + .Net),Not Disclosed,N/A,N/A,N/A
Green Development Bank Limited,Information Security Officer,Nrs. Negotiable Monthly,Mid Level,Contract,2 + years
Code Mantra,Mobile App Developer (React Native),Nrs. 80K-100K Monthly (Negotiable),Mid Level,Full Time,4 + years
Code Mantra,Senior Full Stack Developer (Backend),Nrs. (100K - 150K) Monthly (Negotiable),Senior Level,Full Time,5 + years
IQVIA,Senior Java Engineer,Not Disclosed,N/A,N/A,N/A
SoftUp,Full-Stack Web Developer (Intern),Not Disclosed,N/A,N/A,N/A
A.M.D. Soft and Services Pvt. Ltd.,Laravel Intern,Not Disclosed,N/A,N/A,N/A
"Skill Training Nepal (IT Training Center in Kathmandu, Nepal)",REACT NATIVE / MOBILE APP DEVELOPER,Not Disclosed,N/A,N/A,N/A
Devfinity,Sr. Frontend Developer,Not Disclosed,N/A,N/A,N/A
Batas Hire Purchase Pvt. Ltd,Full Stack Developer,Not Disclosed,Junior Level,Full Time,2 + years
Batas Hire Purchase Pvt. Ltd,UX/UI Developer,Not Disclosed,Junior Level,Full Time,2 + years
Dlytica Talent,Senior Data Engineer(Nepal),Not Disclosed,N/A,N/A,N/A
KutkiTech Pvt. Ltd.,Software Engineering Intern (Python/AI),Not Disclosed,N/A,N/A,N/A
"Ministry of Social Development, Youth and Sports, Gandaki Province",Help Desk Assistant,Nrs. Negotiable Monthly,Mid Level,Contract,N/A
"Skill Training Nepal (IT Training Center in Kathmandu, Nepal)",FLUTTER DEVELOPER,Not Disclosed,N/A,N/A,N/A
SoftUp,WordPress Developer,Not Disclosed,N/A,N/A,N/A
Infinite Computer Solutions,SQL Developer,Not Disclosed,N/A,N/A,N/A
Nakshatra Techno Hub,Junior Laravel Developer,Not Disclosed,N/A,N/A,N/A
Nakshatra Techno Hub,Junior Vue.Js Developer,Not Disclosed,N/A,N/A,N/A
ComplianceQuest,Senior Software Engineer-Quality Control,Not Disclosed,N/A,N/A,N/A
Nirvan Studio,Laravel Developer,Not Disclosed,N/A,N/A,N/A
JobsNepal.com,Java Developer,Not Disclosed,N/A,N/A,N/A
SELISE Group,Front-End Software Engineer (React),Not Disclosed,N/A,N/A,N/A
Smart Data Solutions,"Software Engineer I, Machine Learning",Not Disclosed,N/A,N/A,N/A
SoftUp,Full Stack Web Developer,Not Disclosed,N/A,N/A,N/A
OnePoint,Solutions Architect,Not Disclosed,N/A,N/A,N/A
Garocha,Openclaw expert,Not Disclosed,N/A,N/A,N/A
Smart Data Solutions,"Software Engineer I, Support",Not Disclosed,N/A,N/A,N/A
OnePoint,Senior Backend Engineer,Not Disclosed,N/A,N/A,N/A
Verisk,Software Engineer (Java + .Net),Not Disclosed,N/A,N/A,N/A
Green Development Bank Limited,Information Security Officer,Nrs. Negotiable Monthly,Mid Level,Contract,2 + years
Code Mantra,Mobile App Developer (React Native),Nrs. 80K-100K Monthly (Negotiable),Mid Level,Full Time,4 + years
Code Mantra,Senior Full Stack Developer (Backend),Nrs. (100K - 150K) Monthly (Negotiable),Senior Level,Full Time,5 + years
IQVIA,Senior Java Engineer,Not Disclosed,N/A,N/A,N/A
SoftUp,Full-Stack Web Developer (Intern),Not Disclosed,N/A,N/A,N/A
A.M.D. Soft and Services Pvt. Ltd.,Laravel Intern,Not Disclosed,N/A,N/A,N/A
"Skill Training Nepal (IT Training Center in Kathmandu, Nepal)",REACT NATIVE / MOBILE APP DEVELOPER,Not Disclosed,N/A,N/A,N/A
Devfinity,Sr. Frontend Developer,Not Disclosed,N/A,N/A,N/A
Batas Hire Purchase Pvt. Ltd,Full Stack Developer,Not Disclosed,Junior Level,Full Time,2 + years
Batas Hire Purchase Pvt. Ltd,UX/UI Developer,Not Disclosed,Junior Level,Full Time,2 + years
Dlytica Talent,Senior Data Engineer(Nepal),Not Disclosed,N/A,N/A,N/A
KutkiTech Pvt. Ltd.,Software Engineering Intern (Python/AI),Not Disclosed,N/A,N/A,N/A
"Ministry of Social Development, Youth and Sports, Gandaki Province",Help Desk Assistant,Nrs. Negotiable Monthly,Mid Level,Contract,N/A
"Skill Training Nepal (IT Training Center in Kathmandu, Nepal)",FLUTTER DEVELOPER,Not Disclosed,N/A,N/A,N/A
SoftUp,WordPress Developer,Not Disclosed,N/A,N/A,N/A
Infinite Computer Solutions,SQL Developer,Not Disclosed,N/A,N/A,N/A
Nakshatra Techno Hub,Junior Laravel Developer,Not Disclosed,N/A,N/A,N/A
Nakshatra Techno Hub,Junior Vue.Js Developer,Not Disclosed,N/A,N/A,N/A
ComplianceQuest,Senior Software Engineer-Quality Control,Not Disclosed,N/A,N/A,N/A
Nirvan Studio,Laravel Developer,Not Disclosed,N/A,N/A,N/A
JobsNepal.com,Java Developer,Not Disclosed,N/A,N/A,N/A
SELISE Group,Front-End Software Engineer (React),Not Disclosed,N/A,N/A,N/A
Smart Data Solutions,"Software Engineer I, Machine Learning",Not Disclosed,N/A,N/A,N/A
SoftUp,Full Stack Web Developer,Not Disclosed,N/A,N/A,N/A
OnePoint,Solutions Architect,Not Disclosed,N/A,N/A,N/A
Garocha,Openclaw expert,Not Disclosed,N/A,N/A,N/A
Smart Data Solutions,"Software Engineer I, Support",Not Disclosed,N/A,N/A,N/A
OnePoint,Senior Backend Engineer,Not Disclosed,N/A,N/A,N/A
Verisk,Software Engineer (Java + .Net),Not Disclosed,N/A,N/A,N/A
Green Development Bank Limited,Information Security Officer,Nrs. Negotiable Monthly,Mid Level,Contract,2 + years
Code Mantra,Mobile App Developer (React Native),Nrs. 80K-100K Monthly (Negotiable),Mid Level,Full Time,4 + years
Code Mantra,Senior Full Stack Developer (Backend),Nrs. (100K - 150K) Monthly (Negotiable),Senior Level,Full Time,5 + years
IQVIA,Senior Java Engineer,Not Disclosed,N/A,N/A,N/A
SoftUp,Full-Stack Web Developer (Intern),Not Disclosed,N/A,N/A,N/A
A.M.D. Soft and Services Pvt. Ltd.,Laravel Intern,Not Disclosed,N/A,N/A,N/A
"Skill Training Nepal (IT Training Center in Kathmandu, Nepal)",REACT NATIVE / MOBILE APP DEVELOPER,Not Disclosed,N/A,N/A,N/A
Devfinity,Sr. Frontend Developer,Not Disclosed,N/A,N/A,N/A
Batas Hire Purchase Pvt. Ltd,Full Stack Developer,Not Disclosed,Junior Level,Full Time,2 + years
Batas Hire Purchase Pvt. Ltd,UX/UI Developer,Not Disclosed,Junior Level,Full Time,2 + years
Dlytica Talent,Senior Data Engineer(Nepal),Not Disclosed,N/A,N/A,N/A
KutkiTech Pvt. Ltd.,Software Engineering Intern (Python/AI),Not Disclosed,N/A,N/A,N/A
"Ministry of Social Development, Youth and Sports, Gandaki Province",Help Desk Assistant,Nrs. Negotiable Monthly,Mid Level,Contract,N/A
"Skill Training Nepal (IT Training Center in Kathmandu, Nepal)",FLUTTER DEVELOPER,Not Disclosed,N/A,N/A,N/A
SoftUp,WordPress Developer,Not Disclosed,N/A,N/A,N/A
Infinite Computer Solutions,SQL Developer,Not Disclosed,N/A,N/A,N/A
Nakshatra Techno Hub,Junior Laravel Developer,Not Disclosed,N/A,N/A,N/A
Nakshatra Techno Hub,Junior Vue.Js Developer,Not Disclosed,N/A,N/A,N/A
ComplianceQuest,Senior Software Engineer-Quality Control,Not Disclosed,N/A,N/A,N/A
Nirvan Studio,Laravel Developer,Not Disclosed,N/A,N/A,N/A
JobsNepal.com,Java Developer,Not Disclosed,N/A,N/A,N/A
SELISE Group,Front-End Software Engineer (React),Not Disclosed,N/A,N/A,N/A
Smart Data Solutions,"Software Engineer I, Machine Learning",Not Disclosed,N/A,N/A,N/A
SoftUp,Full Stack Web Developer,Not Disclosed,N/A,N/A,N/A
OnePoint,Solutions Architect,Not Disclosed,N/A,N/A,N/A
Garocha,Openclaw expert,Not Disclosed,N/A,N/A,N/A
Smart Data Solutions,"Software Engineer I, Support",Not Disclosed,N/A,N/A,N/A
OnePoint,Senior Backend Engineer,Not Disclosed,N/A,N/A,N/A
Verisk,Software Engineer (Java + .Net),Not Disclosed,N/A,N/A,N/A
Green Development Bank Limited,Information Security Officer,Nrs. Negotiable Monthly,Mid Level,Contract,2 + years
Code Mantra,Mobile App Developer (React Native),Nrs. 80K-100K Monthly (Negotiable),Mid Level,Full Time,4 + years
Code Mantra,Senior Full Stack Developer (Backend),Nrs. (100K - 150K) Monthly (Negotiable),Senior Level,Full Time,5 + years
IQVIA,Senior Java Engineer,Not Disclosed,N/A,N/A,N/A
SoftUp,Full-Stack Web Developer (Intern),Not Disclosed,N/A,N/A,N/A
A.M.D. Soft and Services Pvt. Ltd.,Laravel Intern,Not Disclosed,N/A,N/A,N/A
"Skill Training Nepal (IT Training Center in Kathmandu, Nepal)",REACT NATIVE / MOBILE APP DEVELOPER,Not Disclosed,N/A,N/A,N/A
Devfinity,Sr. Frontend Developer,Not Disclosed,N/A,N/A,N/A
Batas Hire Purchase Pvt. Ltd,Full Stack Developer,Not Disclosed,Junior Level,Full Time,2 + years
Batas Hire Purchase Pvt. Ltd,UX/UI Developer,Not Disclosed,Junior Level,Full Time,2 + years
Dlytica Talent,Senior Data Engineer(Nepal),Not Disclosed,N/A,N/A,N/A
KutkiTech Pvt. Ltd.,Software Engineering Intern (Python/AI),Not Disclosed,N/A,N/A,N/A
"Ministry of Social Development, Youth and Sports, Gandaki Province",Help Desk Assistant,Nrs. Negotiable Monthly,Mid Level,Contract,N/A
"Skill Training Nepal (IT Training Center in Kathmandu, Nepal)",FLUTTER DEVELOPER,Not Disclosed,N/A,N/A,N/A
SoftUp,WordPress Developer,Not Disclosed,N/A,N/A,N/A
Infinite Computer Solutions,SQL Developer,Not Disclosed,N/A,N/A,N/A
Nakshatra Techno Hub,Junior Laravel Developer,Not Disclosed,N/A,N/A,N/A
Nakshatra Techno Hub,Junior Vue.Js Developer,Not Disclosed,N/A,N/A,N/A
ComplianceQuest,Senior Software Engineer-Quality Control,Not Disclosed,N/A,N/A,N/A
Nirvan Studio,Laravel Developer,Not Disclosed,N/A,N/A,N/A
JobsNepal.com,Java Developer,Not Disclosed,N/A,N/A,N/A
SELISE Group,Front-End Software Engineer (React),Not Disclosed,N/A,N/A,N/A
Smart Data Solutions,"Software Engineer I, Machine Learning",Not Disclosed,N/A,N/A,N/A
SoftUp,Full Stack Web Developer,Not Disclosed,N/A,N/A,N/A
OnePoint,Solutions Architect,Not Disclosed,N/A,N/A,N/A
Garocha,Openclaw expert,Not Disclosed,N/A,N/A,N/A
Smart Data Solutions,"Software Engineer I, Support",Not Disclosed,N/A,N/A,N/A
OnePoint,Senior Backend Engineer,Not Disclosed,N/A,N/A,N/A
Verisk,Software Engineer (Java + .Net),Not Disclosed,N/A,N/A,N/A
Green Development Bank Limited,Information Security Officer,Nrs. Negotiable Monthly,Mid Level,Contract,2 + years
Code Mantra,Mobile App Developer (React Native),Nrs. 80K-100K Monthly (Negotiable),Mid Level,Full Time,4 + years
Code Mantra,Senior Full Stack Developer (Backend),Nrs. (100K - 150K) Monthly (Negotiable),Senior Level,Full Time,5 + years
IQVIA,Senior Java Engineer,Not Disclosed,N/A,N/A,N/A
SoftUp,Full-Stack Web Developer (Intern),Not Disclosed,N/A,N/A,N/A
A.M.D. Soft and Services Pvt. Ltd.,Laravel Intern,Not Disclosed,N/A,N/A,N/A
"Skill Training Nepal (IT Training Center in Kathmandu, Nepal)",REACT NATIVE / MOBILE APP DEVELOPER,Not Disclosed,N/A,N/A,N/A
Devfinity,Sr. Frontend Developer,Not Disclosed,N/A,N/A,N/A
Batas Hire Purchase Pvt. Ltd,Full Stack Developer,Not Disclosed,Junior Level,Full Time,2 + years
Batas Hire Purchase Pvt. Ltd,UX/UI Developer,Not Disclosed,Junior Level,Full Time,2 + years
Dlytica Talent,Senior Data Engineer(Nepal),Not Disclosed,N/A,N/A,N/A
KutkiTech Pvt. Ltd.,Software Engineering Intern (Python/AI),Not Disclosed,N/A,N/A,N/A
"Ministry of Social Development, Youth and Sports, Gandaki Province",Help Desk Assistant,Nrs. Negotiable Monthly,Mid Level,Contract,N/A
"Skill Training Nepal (IT Training Center in Kathmandu, Nepal)",FLUTTER DEVELOPER,Not Disclosed,N/A,N/A,N/A
SoftUp,WordPress Developer,Not Disclosed,N/A,N/A,N/A
Infinite Computer Solutions,SQL Developer,Not Disclosed,N/A,N/A,N/A
Nakshatra Techno Hub,Junior Laravel Developer,Not Disclosed,N/A,N/A,N/A
Nakshatra Techno Hub,Junior Vue.Js Developer,Not Disclosed,N/A,N/A,N/A
ComplianceQuest,Senior Software Engineer-Quality Control,Not Disclosed,N/A,N/A,N/A
Nirvan Studio,Laravel Developer,Not Disclosed,N/A,N/A,N/A
JobsNepal.com,Java Developer,Not Disclosed,N/A,N/A,N/A
SELISE Group,Front-End Software Engineer (React),Not Disclosed,N/A,N/A,N/A
Smart Data Solutions,"Software Engineer I, Machine Learning",Not Disclosed,N/A,N/A,N/A
SoftUp,Full Stack Web Developer,Not Disclosed,N/A,N/A,N/A
OnePoint,Solutions Architect,Not Disclosed,N/A,N/A,N/A
Garocha,Openclaw expert,Not Disclosed,N/A,N/A,N/A
Smart Data Solutions,"Software Engineer I, Support",Not Disclosed,N/A,N/A,N/A
OnePoint,Senior Backend Engineer,Not Disclosed,N/A,N/A,N/A
Verisk,Software Engineer (Java + .Net),Not Disclosed,N/A,N/A,N/A
Green Development Bank Limited,Information Security Officer,Nrs. Negotiable Monthly,Mid Level,Contract,2 + years
Code Mantra,Mobile App Developer (React Native),Nrs. 80K-100K Monthly (Negotiable),Mid Level,Full Time,4 + years
Code Mantra,Senior Full Stack Developer (Backend),Nrs. (100K - 150K) Monthly (Negotiable),Senior Level,Full Time,5 + years
IQVIA,Senior Java Engineer,Not Disclosed,N/A,N/A,N/A
SoftUp,Full-Stack Web Developer (Intern),Not Disclosed,N/A,N/A,N/A
A.M.D. Soft and Services Pvt. Ltd.,Laravel Intern,Not Disclosed,N/A,N/A,N/A
"Skill Training Nepal (IT Training Center in Kathmandu, Nepal)",REACT NATIVE / MOBILE APP DEVELOPER,Not Disclosed,N/A,N/A,N/A
Devfinity,Sr. Frontend Developer,Not Disclosed,N/A,N/A,N/A
Batas Hire Purchase Pvt. Ltd,Full Stack Developer,Not Disclosed,Junior Level,Full Time,2 + years
Batas Hire Purchase Pvt. Ltd,UX/UI Developer,Not Disclosed,Junior Level,Full Time,2 + years
Dlytica Talent,Senior Data Engineer(Nepal),Not Disclosed,N/A,N/A,N/A
KutkiTech Pvt. Ltd.,Software Engineering Intern (Python/AI),Not Disclosed,N/A,N/A,N/A
"Ministry of Social Development, Youth and Sports, Gandaki Province",Help Desk Assistant,Nrs. Negotiable Monthly,Mid Level,Contract,N/A
"Skill Training Nepal (IT Training Center in Kathmandu, Nepal)",FLUTTER DEVELOPER,Not Disclosed,N/A,N/A,N/A
SoftUp,WordPress Developer,Not Disclosed,N/A,N/A,N/A
Infinite Computer Solutions,SQL Developer,Not Disclosed,N/A,N/A,N/A
Nakshatra Techno Hub,Junior Laravel Developer,Not Disclosed,N/A,N/A,N/A
Nakshatra Techno Hub,Junior Vue.Js Developer,Not Disclosed,N/A,N/A,N/A
ComplianceQuest,Senior Software Engineer-Quality Control,Not Disclosed,N/A,N/A,N/A
Nirvan Studio,Laravel Developer,Not Disclosed,N/A,N/A,N/A
JobsNepal.com,Java Developer,Not Disclosed,N/A,N/A,N/A
SELISE Group,Front-End Software Engineer (React),Not Disclosed,N/A,N/A,N/A
Smart Data Solutions,"Software Engineer I, Machine Learning",Not Disclosed,N/A,N/A,N/A
SoftUp,Full Stack Web Developer,Not Disclosed,N/A,N/A,N/A
OnePoint,Solutions Architect,Not Disclosed,N/A,N/A,N/A
Garocha,Openclaw expert,Not Disclosed,N/A,N/A,N/A
Smart Data Solutions,"Software Engineer I, Support",Not Disclosed,N/A,N/A,N/A
OnePoint,Senior Backend Engineer,Not Disclosed,N/A,N/A,N/A
Verisk,Software Engineer (Java + .Net),Not Disclosed,N/A,N/A,N/A
Green Development Bank Limited,Information Security Officer,Nrs. Negotiable Monthly,Mid Level,Contract,2 + years
Code Mantra,Mobile App Developer (React Native),Nrs. 80K-100K Monthly (Negotiable),Mid Level,Full Time,4 + years
Code Mantra,Senior Full Stack Developer (Backend),Nrs. (100K - 150K) Monthly (Negotiable),Senior Level,Full Time,5 + years
IQVIA,Senior Java Engineer,Not Disclosed,N/A,N/A,N/A
SoftUp,Full-Stack Web Developer (Intern),Not Disclosed,N/A,N/A,N/A
A.M.D. Soft and Services Pvt. Ltd.,Laravel Intern,Not Disclosed,N/A,N/A,N/A
"Skill Training Nepal (IT Training Center in Kathmandu, Nepal)",REACT NATIVE / MOBILE APP DEVELOPER,Not Disclosed,N/A,N/A,N/A
Devfinity,Sr. Frontend Developer,Not Disclosed,N/A,N/A,N/A
Batas Hire Purchase Pvt. Ltd,Full Stack Developer,Not Disclosed,Junior Level,Full Time,2 + years
Batas Hire Purchase Pvt. Ltd,UX/UI Developer,Not Disclosed,Junior Level,Full Time,2 + years
Dlytica Talent,Senior Data Engineer(Nepal),Not Disclosed,N/A,N/A,N/A
KutkiTech Pvt. Ltd.,Software Engineering Intern (Python/AI),Not Disclosed,N/A,N/A,N/A
"Ministry of Social Development, Youth and Sports, Gandaki Province",Help Desk Assistant,Nrs. Negotiable Monthly,Mid Level,Contract,N/A
"Skill Training Nepal (IT Training Center in Kathmandu, Nepal)",FLUTTER DEVELOPER,Not Disclosed,N/A,N/A,N/A
SoftUp,WordPress Developer,Not Disclosed,N/A,N/A,N/A
Infinite Computer Solutions,SQL Developer,Not Disclosed,N/A,N/A,N/A
Nakshatra Techno Hub,Junior Laravel Developer,Not Disclosed,N/A,N/A,N/A
Nakshatra Techno Hub,Junior Vue.Js Developer,Not Disclosed,N/A,N/A,N/A
ComplianceQuest,Senior Software Engineer-Quality Control,Not Disclosed,N/A,N/A,N/A
Nirvan Studio,Laravel Developer,Not Disclosed,N/A,N/A,N/A
JobsNepal.com,Java Developer,Not Disclosed,N/A,N/A,N/A
SELISE Group,Front-End Software Engineer (React),Not Disclosed,N/A,N/A,N/A
Smart Data Solutions,"Software Engineer I, Machine Learning",Not Disclosed,N/A,N/A,N/A
SoftUp,Full Stack Web Developer,Not Disclosed,N/A,N/A,N/A
OnePoint,Solutions Architect,Not Disclosed,N/A,N/A,N/A
Garocha,Openclaw expert,Not Disclosed,N/A,N/A,N/A
Smart Data Solutions,"Software Engineer I, Support",Not Disclosed,N/A,N/A,N/A
OnePoint,Senior Backend Engineer,Not Disclosed,N/A,N/A,N/A
Verisk,Software Engineer (Java + .Net),Not Disclosed,N/A,N/A,N/A
Green Development Bank Limited,Information Security Officer,Nrs. Negotiable Monthly,Mid Level,Contract,2 + years
Code Mantra,Mobile App Developer (React Native),Nrs. 80K-100K Monthly (Negotiable),Mid Level,Full Time,4 + years
Code Mantra,Senior Full Stack Developer (Backend),Nrs. (100K - 150K) Monthly (Negotiable),Senior Level,Full Time,5 + years
IQVIA,Senior Java Engineer,Not Disclosed,N/A,N/A,N/A
SoftUp,Full-Stack Web Developer (Intern),Not Disclosed,N/A,N/A,N/A
A.M.D. Soft and Services Pvt. Ltd.,Laravel Intern,Not Disclosed,N/A,N/A,N/A
"Skill Training Nepal (IT Training Center in Kathmandu, Nepal)",REACT NATIVE / MOBILE APP DEVELOPER,Not Disclosed,N/A,N/A,N/A
Devfinity,Sr. Frontend Developer,Not Disclosed,N/A,N/A,N/A
Batas Hire Purchase Pvt. Ltd,Full Stack Developer,Not Disclosed,Junior Level,Full Time,2 + years
Batas Hire Purchase Pvt. Ltd,UX/UI Developer,Not Disclosed,Junior Level,Full Time,2 + years
Dlytica Talent,Senior Data Engineer(Nepal),Not Disclosed,N/A,N/A,N/A
KutkiTech Pvt. Ltd.,Software Engineering Intern (Python/AI),Not Disclosed,N/A,N/A,N/A
"Ministry of Social Development, Youth and Sports, Gandaki Province",Help Desk Assistant,Nrs. Negotiable Monthly,Mid Level,Contract,N/A
"Skill Training Nepal (IT Training Center in Kathmandu, Nepal)",FLUTTER DEVELOPER,Not Disclosed,N/A,N/A,N/A
SoftUp,WordPress Developer,Not Disclosed,N/A,N/A,N/A
Infinite Computer Solutions,SQL Developer,Not Disclosed,N/A,N/A,N/A
Nakshatra Techno Hub,Junior Laravel Developer,Not Disclosed,N/A,N/A,N/A
Nakshatra Techno Hub,Junior Vue.Js Developer,Not Disclosed,N/A,N/A,N/A
ComplianceQuest,Senior Software Engineer-Quality Control,Not Disclosed,N/A,N/A,N/A
Nirvan Studio,Laravel Developer,Not Disclosed,N/A,N/A,N/A
JobsNepal.com,Java Developer,Not Disclosed,N/A,N/A,N/A
SELISE Group,Front-End Software Engineer (React),Not Disclosed,N/A,N/A,N/A
Smart Data Solutions,"Software Engineer I, Machine Learning",Not Disclosed,N/A,N/A,N/A
SoftUp,Full Stack Web Developer,Not Disclosed,N/A,N/A,N/A
OnePoint,Solutions Architect,Not Disclosed,N/A,N/A,N/A
Garocha,Openclaw expert,Not Disclosed,N/A,N/A,N/A
Smart Data Solutions,"Software Engineer I, Support",Not Disclosed,N/A,N/A,N/A
OnePoint,Senior Backend Engineer,Not Disclosed,N/A,N/A,N/A
Verisk,Software Engineer (Java + .Net),Not Disclosed,N/A,N/A,N/A
Green Development Bank Limited,Information Security Officer,Nrs. Negotiable Monthly,Mid Level,Contract,2 + years
Code Mantra,Mobile App Developer (React Native),Nrs. 80K-100K Monthly (Negotiable),Mid Level,Full Time,4 + years
Code Mantra,Senior Full Stack Developer (Backend),Nrs. (100K - 150K) Monthly (Negotiable),Senior Level,Full Time,5 + years
IQVIA,Senior Java Engineer,Not Disclosed,N/A,N/A,N/A
SoftUp,Full-Stack Web Developer (Intern),Not Disclosed,N/A,N/A,N/A
A.M.D. Soft and Services Pvt. Ltd.,Laravel Intern,Not Disclosed,N/A,N/A,N/A
"Skill Training Nepal (IT Training Center in Kathmandu, Nepal)",REACT NATIVE / MOBILE APP DEVELOPER,Not Disclosed,N/A,N/A,N/A
Devfinity,Sr. Frontend Developer,Not Disclosed,N/A,N/A,N/A
Batas Hire Purchase Pvt. Ltd,Full Stack Developer,Not Disclosed,Junior Level,Full Time,2 + years
Batas Hire Purchase Pvt. Ltd,UX/UI Developer,Not Disclosed,Junior Level,Full Time,2 + years
Dlytica Talent,Senior Data Engineer(Nepal),Not Disclosed,N/A,N/A,N/A
KutkiTech Pvt. Ltd.,Software Engineering Intern (Python/AI),Not Disclosed,N/A,N/A,N/A
"Ministry of Social Development, Youth and Sports, Gandaki Province",Help Desk Assistant,Nrs. Negotiable Monthly,Mid Level,Contract,N/A
"Skill Training Nepal (IT Training Center in Kathmandu, Nepal)",FLUTTER DEVELOPER,Not Disclosed,N/A,N/A,N/A
SoftUp,WordPress Developer,Not Disclosed,N/A,N/A,N/A
Infinite Computer Solutions,SQL Developer,Not Disclosed,N/A,N/A,N/A
Nakshatra Techno Hub,Junior Laravel Developer,Not Disclosed,N/A,N/A,N/A
Nakshatra Techno Hub,Junior Vue.Js Developer,Not Disclosed,N/A,N/A,N/A
ComplianceQuest,Senior Software Engineer-Quality Control,Not Disclosed,N/A,N/A,N/A
Nirvan Studio,Laravel Developer,Not Disclosed,N/A,N/A,N/A
JobsNepal.com,Java Developer,Not Disclosed,N/A,N/A,N/A
SELISE Group,Front-End Software Engineer (React),Not Disclosed,N/A,N/A,N/A
Smart Data Solutions,"Software Engineer I, Machine Learning",Not Disclosed,N/A,N/A,N/A
SoftUp,Full Stack Web Developer,Not Disclosed,N/A,N/A,N/A
OnePoint,Solutions Architect,Not Disclosed,N/A,N/A,N/A
Garocha,Openclaw expert,Not Disclosed,N/A,N/A,N/A
Smart Data Solutions,"Software Engineer I, Support",Not Disclosed,N/A,N/A,N/A
OnePoint,Senior Backend Engineer,Not Disclosed,N/A,N/A,N/A
Verisk,Software Engineer (Java + .Net),Not Disclosed,N/A,N/A,N/A
Green Development Bank Limited,Information Security Officer,Nrs. Negotiable Monthly,Mid Level,Contract,2 + years
Code Mantra,Mobile App Developer (React Native),Nrs. 80K-100K Monthly (Negotiable),Mid Level,Full Time,4 + years
Code Mantra,Senior Full Stack Developer (Backend),Nrs. (100K - 150K) Monthly (Negotiable),Senior Level,Full Time,5 + years
IQVIA,Senior Java Engineer,Not Disclosed,N/A,N/A,N/A
SoftUp,Full-Stack Web Developer (Intern),Not Disclosed,N/A,N/A,N/A
A.M.D. Soft and Services Pvt. Ltd.,Laravel Intern,Not Disclosed,N/A,N/A,N/A
"Skill Training Nepal (IT Training Center in Kathmandu, Nepal)",REACT NATIVE / MOBILE APP DEVELOPER,Not Disclosed,N/A,N/A,N/A
Devfinity,Sr. Frontend Developer,Not Disclosed,N/A,N/A,N/A
Batas Hire Purchase Pvt. Ltd,Full Stack Developer,Not Disclosed,Junior Level,Full Time,2 + years
Batas Hire Purchase Pvt. Ltd,UX/UI Developer,Not Disclosed,Junior Level,Full Time,2 + years
Dlytica Talent,Senior Data Engineer(Nepal),Not Disclosed,N/A,N/A,N/A
KutkiTech Pvt. Ltd.,Software Engineering Intern (Python/AI),Not Disclosed,N/A,N/A,N/A
"Ministry of Social Development, Youth and Sports, Gandaki Province",Help Desk Assistant,Nrs. Negotiable Monthly,Mid Level,Contract,N/A
"Skill Training Nepal (IT Training Center in Kathmandu, Nepal)",FLUTTER DEVELOPER,Not Disclosed,N/A,N/A,N/A
SoftUp,WordPress Developer,Not Disclosed,N/A,N/A,N/A
Infinite Computer Solutions,SQL Developer,Not Disclosed,N/A,N/A,N/A
Nakshatra Techno Hub,Junior Laravel Developer,Not Disclosed,N/A,N/A,N/A
Nakshatra Techno Hub,Junior Vue.Js Developer,Not Disclosed,N/A,N/A,N/A
ComplianceQuest,Senior Software Engineer-Quality Control,Not Disclosed,N/A,N/A,N/A
Nirvan Studio,Laravel Developer,Not Disclosed,N/A,N/A,N/A
JobsNepal.com,Java Developer,Not Disclosed,N/A,N/A,N/A
SELISE Group,Front-End Software Engineer (React),Not Disclosed,N/A,N/A,N/A
Smart Data Solutions,"Software Engineer I, Machine Learning",Not Disclosed,N/A,N/A,N/A
SoftUp,Full Stack Web Developer,Not Disclosed,N/A,N/A,N/A
OnePoint,Solutions Architect,Not Disclosed,N/A,N/A,N/A
Garocha,Openclaw expert,Not Disclosed,N/A,N/A,N/A
Smart Data Solutions,"Software Engineer I, Support",Not Disclosed,N/A,N/A,N/A
OnePoint,Senior Backend Engineer,Not Disclosed,N/A,N/A,N/A
Verisk,Software Engineer (Java + .Net),Not Disclosed,N/A,N/A,N/A
Green Development Bank Limited,Information Security Officer,Nrs. Negotiable Monthly,Mid Level,Contract,2 + years
Code Mantra,Mobile App Developer (React Native),Nrs. 80K-100K Monthly (Negotiable),Mid Level,Full Time,4 + years
Code Mantra,Senior Full Stack Developer (Backend),Nrs. (100K - 150K) Monthly (Negotiable),Senior Level,Full Time,5 + years
IQVIA,Senior Java Engineer,Not Disclosed,N/A,N/A,N/A
SoftUp,Full-Stack Web Developer (Intern),Not Disclosed,N/A,N/A,N/A
A.M.D. Soft and Services Pvt. Ltd.,Laravel Intern,Not Disclosed,N/A,N/A,N/A
"Skill Training Nepal (IT Training Center in Kathmandu, Nepal)",REACT NATIVE / MOBILE APP DEVELOPER,Not Disclosed,N/A,N/A,N/A
Devfinity,Sr. Frontend Developer,Not Disclosed,N/A,N/A,N/A
Batas Hire Purchase Pvt. Ltd,Full Stack Developer,Not Disclosed,Junior Level,Full Time,2 + years
Batas Hire Purchase Pvt. Ltd,UX/UI Developer,Not Disclosed,Junior Level,Full Time,2 + years
Dlytica Talent,Senior Data Engineer(Nepal),Not Disclosed,N/A,N/A,N/A
KutkiTech Pvt. Ltd.,Software Engineering Intern (Python/AI),Not Disclosed,N/A,N/A,N/A
"Ministry of Social Development, Youth and Sports, Gandaki Province",Help Desk Assistant,Nrs. Negotiable Monthly,Mid Level,Contract,N/A
"Skill Training Nepal (IT Training Center in Kathmandu, Nepal)",FLUTTER DEVELOPER,Not Disclosed,N/A,N/A,N/A
SoftUp,WordPress Developer,Not Disclosed,N/A,N/A,N/A
Infinite Computer Solutions,SQL Developer,Not Disclosed,N/A,N/A,N/A
Nakshatra Techno Hub,Junior Laravel Developer,Not Disclosed,N/A,N/A,N/A
Nakshatra Techno Hub,Junior Vue.Js Developer,Not Disclosed,N/A,N/A,N/A
ComplianceQuest,Senior Software Engineer-Quality Control,Not Disclosed,N/A,N/A,N/A
Nirvan Studio,Laravel Developer,Not Disclosed,N/A,N/A,N/A
JobsNepal.com,Java Developer,Not Disclosed,N/A,N/A,N/A
SELISE Group,Front-End Software Engineer (React),Not Disclosed,N/A,N/A,N/A
Smart Data Solutions,"Software Engineer I, Machine Learning",Not Disclosed,N/A,N/A,N/A
SoftUp,Full Stack Web Developer,Not Disclosed,N/A,N/A,N/A
OnePoint,Solutions Architect,Not Disclosed,N/A,N/A,N/A
Garocha,Openclaw expert,Not Disclosed,N/A,N/A,N/A
Smart Data Solutions,"Software Engineer I, Support",Not Disclosed,N/A,N/A,N/A
OnePoint,Senior Backend Engineer,Not Disclosed,N/A,N/A,N/A
Verisk,Software Engineer (Java + .Net),Not Disclosed,N/A,N/A,N/A
Green Development Bank Limited,Information Security Officer,Nrs. Negotiable Monthly,Mid Level,Contract,2 + years
Code Mantra,Mobile App Developer (React Native),Nrs. 80K-100K Monthly (Negotiable),Mid Level,Full Time,4 + years
Code Mantra,Senior Full Stack Developer (Backend),Nrs. (100K - 150K) Monthly (Negotiable),Senior Level,Full Time,5 + years
IQVIA,Senior Java Engineer,Not Disclosed,N/A,N/A,N/A
SoftUp,Full-Stack Web Developer (Intern),Not Disclosed,N/A,N/A,N/A
A.M.D. Soft and Services Pvt. Ltd.,Laravel Intern,Not Disclosed,N/A,N/A,N/A
"Skill Training Nepal (IT Training Center in Kathmandu, Nepal)",REACT NATIVE / MOBILE APP DEVELOPER,Not Disclosed,N/A,N/A,N/A
Devfinity,Sr. Frontend Developer,Not Disclosed,N/A,N/A,N/A
Batas Hire Purchase Pvt. Ltd,Full Stack Developer,Not Disclosed,Junior Level,Full Time,2 + years
Batas Hire Purchase Pvt. Ltd,UX/UI Developer,Not Disclosed,Junior Level,Full Time,2 + years
Dlytica Talent,Senior Data Engineer(Nepal),Not Disclosed,N/A,N/A,N/A
KutkiTech Pvt. Ltd.,Software Engineering Intern (Python/AI),Not Disclosed,N/A,N/A,N/A
"Ministry of Social Development, Youth and Sports, Gandaki Province",Help Desk Assistant,Nrs. Negotiable Monthly,Mid Level,Contract,N/A
"Skill Training Nepal (IT Training Center in Kathmandu, Nepal)",FLUTTER DEVELOPER,Not Disclosed,N/A,N/A,N/A
SoftUp,WordPress Developer,Not Disclosed,N/A,N/A,N/A
Infinite Computer Solutions,SQL Developer,Not Disclosed,N/A,N/A,N/A
Nakshatra Techno Hub,Junior Laravel Developer,Not Disclosed,N/A,N/A,N/A
Nakshatra Techno Hub,Junior Vue.Js Developer,Not Disclosed,N/A,N/A,N/A
ComplianceQuest,Senior Software Engineer-Quality Control,Not Disclosed,N/A,N/A,N/A
Nirvan Studio,Laravel Developer,Not Disclosed,N/A,N/A,N/A
JobsNepal.com,Java Developer,Not Disclosed,N/A,N/A,N/A
SELISE Group,Front-End Software Engineer (React),Not Disclosed,N/A,N/A,N/A
Smart Data Solutions,"Software Engineer I, Machine Learning",Not Disclosed,N/A,N/A,N/A
SoftUp,Full Stack Web Developer,Not Disclosed,N/A,N/A,N/A
OnePoint,Solutions Architect,Not Disclosed,N/A,N/A,N/A
Garocha,Openclaw expert,Not Disclosed,N/A,N/A,N/A
Smart Data Solutions,"Software Engineer I, Support",Not Disclosed,N/A,N/A,N/A
OnePoint,Senior Backend Engineer,Not Disclosed,N/A,N/A,N/A
Verisk,Software Engineer (Java + .Net),Not Disclosed,N/A,N/A,N/A
Green Development Bank Limited,Information Security Officer,Nrs. Negotiable Monthly,Mid Level,Contract,2 + years
Code Mantra,Mobile App Developer (React Native),Nrs. 80K-100K Monthly (Negotiable),Mid Level,Full Time,4 + years
Code Mantra,Senior Full Stack Developer (Backend),Nrs. (100K - 150K) Monthly (Negotiable),Senior Level,Full Time,5 + years
IQVIA,Senior Java Engineer,Not Disclosed,N/A,N/A,N/A
SoftUp,Full-Stack Web Developer (Intern),Not Disclosed,N/A,N/A,N/A
A.M.D. Soft and Services Pvt. Ltd.,Laravel Intern,Not Disclosed,N/A,N/A,N/A
"Skill Training Nepal (IT Training Center in Kathmandu, Nepal)",REACT NATIVE / MOBILE APP DEVELOPER,Not Disclosed,N/A,N/A,N/A
Devfinity,Sr. Frontend Developer,Not Disclosed,N/A,N/A,N/A
Batas Hire Purchase Pvt. Ltd,Full Stack Developer,Not Disclosed,Junior Level,Full Time,2 + years
Batas Hire Purchase Pvt. Ltd,UX/UI Developer,Not Disclosed,Junior Level,Full Time,2 + years
Dlytica Talent,Senior Data Engineer(Nepal),Not Disclosed,N/A,N/A,N/A
KutkiTech Pvt. Ltd.,Software Engineering Intern (Python/AI),Not Disclosed,N/A,N/A,N/A
"Ministry of Social Development, Youth and Sports, Gandaki Province",Help Desk Assistant,Nrs. Negotiable Monthly,Mid Level,Contract,N/A
"Skill Training Nepal (IT Training Center in Kathmandu, Nepal)",FLUTTER DEVELOPER,Not Disclosed,N/A,N/A,N/A
SoftUp,WordPress Developer,Not Disclosed,N/A,N/A,N/A
Infinite Computer Solutions,SQL Developer,Not Disclosed,N/A,N/A,N/A
Nakshatra Techno Hub,Junior Laravel Developer,Not Disclosed,N/A,N/A,N/A
Nakshatra Techno Hub,Junior Vue.Js Developer,Not Disclosed,N/A,N/A,N/A
ComplianceQuest,Senior Software Engineer-Quality Control,Not Disclosed,N/A,N/A,N/A
Nirvan Studio,Laravel Developer,Not Disclosed,N/A,N/A,N/A
JobsNepal.com,Java Developer,Not Disclosed,N/A,N/A,N/A
SELISE Group,Front-End Software Engineer (React),Not Disclosed,N/A,N/A,N/A
Smart Data Solutions,"Software Engineer I, Machine Learning",Not Disclosed,N/A,N/A,N/A
SoftUp,Full Stack Web Developer,Not Disclosed,N/A,N/A,N/A
OnePoint,Solutions Architect,Not Disclosed,N/A,N/A,N/A
Garocha,Openclaw expert,Not Disclosed,N/A,N/A,N/A
Smart Data Solutions,"Software Engineer I, Support",Not Disclosed,N/A,N/A,N/A
OnePoint,Senior Backend Engineer,Not Disclosed,N/A,N/A,N/A
Verisk,Software Engineer (Java + .Net),Not Disclosed,N/A,N/A,N/A
Green Development Bank Limited,Information Security Officer,Nrs. Negotiable Monthly,Mid Level,Contract,2 + years
Code Mantra,Mobile App Developer (React Native),Nrs. 80K-100K Monthly (Negotiable),Mid Level,Full Time,4 + years
Code Mantra,Senior Full Stack Developer (Backend),Nrs. (100K - 150K) Monthly (Negotiable),Senior Level,Full Time,5 + years
IQVIA,Senior Java Engineer,Not Disclosed,N/A,N/A,N/A
SoftUp,Full-Stack Web Developer (Intern),Not Disclosed,N/A,N/A,N/A
A.M.D. Soft and Services Pvt. Ltd.,Laravel Intern,Not Disclosed,N/A,N/A,N/A
"Skill Training Nepal (IT Training Center in Kathmandu, Nepal)",REACT NATIVE / MOBILE APP DEVELOPER,Not Disclosed,N/A,N/A,N/A
Devfinity,Sr. Frontend Developer,Not Disclosed,N/A,N/A,N/A
Batas Hire Purchase Pvt. Ltd,Full Stack Developer,Not Disclosed,Junior Level,Full Time,2 + years
Batas Hire Purchase Pvt. Ltd,UX/UI Developer,Not Disclosed,Junior Level,Full Time,2 + years
Dlytica Talent,Senior Data Engineer(Nepal),Not Disclosed,N/A,N/A,N/A
KutkiTech Pvt. Ltd.,Software Engineering Intern (Python/AI),Not Disclosed,N/A,N/A,N/A
"Ministry of Social Development, Youth and Sports, Gandaki Province",Help Desk Assistant,Nrs. Negotiable Monthly,Mid Level,Contract,N/A
"Skill Training Nepal (IT Training Center in Kathmandu, Nepal)",FLUTTER DEVELOPER,Not Disclosed,N/A,N/A,N/A
SoftUp,WordPress Developer,Not Disclosed,N/A,N/A,N/A
Infinite Computer Solutions,SQL Developer,Not Disclosed,N/A,N/A,N/A
Nakshatra Techno Hub,Junior Laravel Developer,Not Disclosed,N/A,N/A,N/A
Nakshatra Techno Hub,Junior Vue.Js Developer,Not Disclosed,N/A,N/A,N/A
ComplianceQuest,Senior Software Engineer-Quality Control,Not Disclosed,N/A,N/A,N/A
Nirvan Studio,Laravel Developer,Not Disclosed,N/A,N/A,N/A
JobsNepal.com,Java Developer,Not Disclosed,N/A,N/A,N/A
SELISE Group,Front-End Software Engineer (React),Not Disclosed,N/A,N/A,N/A
Smart Data Solutions,"Software Engineer I, Machine Learning",Not Disclosed,N/A,N/A,N/A
SoftUp,Full Stack Web Developer,Not Disclosed,N/A,N/A,N/A
OnePoint,Solutions Architect,Not Disclosed,N/A,N/A,N/A
Garocha,Openclaw expert,Not Disclosed,N/A,N/A,N/A
Smart Data Solutions,"Software Engineer I, Support",Not Disclosed,N/A,N/A,N/A
OnePoint,Senior Backend Engineer,Not Disclosed,N/A,N/A,N/A
Verisk,Software Engineer (Java + .Net),Not Disclosed,N/A,N/A,N/A
Green Development Bank Limited,Information Security Officer,Nrs. Negotiable Monthly,Mid Level,Contract,2 + years
Code Mantra,Mobile App Developer (React Native),Nrs. 80K-100K Monthly (Negotiable),Mid Level,Full Time,4 + years
Code Mantra,Senior Full Stack Developer (Backend),Nrs. (100K - 150K) Monthly (Negotiable),Senior Level,Full Time,5 + years
IQVIA,Senior Java Engineer,Not Disclosed,N/A,N/A,N/A
SoftUp,Full-Stack Web Developer (Intern),Not Disclosed,N/A,N/A,N/A
A.M.D. Soft and Services Pvt. Ltd.,Laravel Intern,Not Disclosed,N/A,N/A,N/A
"Skill Training Nepal (IT Training Center in Kathmandu, Nepal)",REACT NATIVE / MOBILE APP DEVELOPER,Not Disclosed,N/A,N/A,N/A
Devfinity,Sr. Frontend Developer,Not Disclosed,N/A,N/A,N/A
Batas Hire Purchase Pvt. Ltd,Full Stack Developer,Not Disclosed,Junior Level,Full Time,2 + years
Batas Hire Purchase Pvt. Ltd,UX/UI Developer,Not Disclosed,Junior Level,Full Time,2 + years
Dlytica Talent,Senior Data Engineer(Nepal),Not Disclosed,N/A,N/A,N/A
KutkiTech Pvt. Ltd.,Software Engineering Intern (Python/AI),Not Disclosed,N/A,N/A,N/A
"Ministry of Social Development, Youth and Sports, Gandaki Province",Help Desk Assistant,Nrs. Negotiable Monthly,Mid Level,Contract,N/A
"Skill Training Nepal (IT Training Center in Kathmandu, Nepal)",FLUTTER DEVELOPER,Not Disclosed,N/A,N/A,N/A
SoftUp,WordPress Developer,Not Disclosed,N/A,N/A,N/A
Infinite Computer Solutions,SQL Developer,Not Disclosed,N/A,N/A,N/A
Nakshatra Techno Hub,Junior Laravel Developer,Not Disclosed,N/A,N/A,N/A
Nakshatra Techno Hub,Junior Vue.Js Developer,Not Disclosed,N/A,N/A,N/A
ComplianceQuest,Senior Software Engineer-Quality Control,Not Disclosed,N/A,N/A,N/A
Nirvan Studio,Laravel Developer,Not Disclosed,N/A,N/A,N/A
JobsNepal.com,Java Developer,Not Disclosed,N/A,N/A,N/A
SELISE Group,Front-End Software Engineer (React),Not Disclosed,N/A,N/A,N/A
Smart Data Solutions,"Software Engineer I, Machine Learning",Not Disclosed,N/A,N/A,N/A
SoftUp,Full Stack Web Developer,Not Disclosed,N/A,N/A,N/A
OnePoint,Solutions Architect,Not Disclosed,N/A,N/A,N/A
Garocha,Openclaw expert,Not Disclosed,N/A,N/A,N/A
Smart Data Solutions,"Software Engineer I, Support",Not Disclosed,N/A,N/A,N/A
OnePoint,Senior Backend Engineer,Not Disclosed,N/A,N/A,N/A
Verisk,Software Engineer (Java + .Net),Not Disclosed,N/A,N/A,N/A
Green Development Bank Limited,Information Security Officer,Nrs. Negotiable Monthly,Mid Level,Contract,2 + years
Code Mantra,Mobile App Developer (React Native),Nrs. 80K-100K Monthly (Negotiable),Mid Level,Full Time,4 + years
Code Mantra,Senior Full Stack Developer (Backend),Nrs. (100K - 150K) Monthly (Negotiable),Senior Level,Full Time,5 + years
IQVIA,Senior Java Engineer,Not Disclosed,N/A,N/A,N/A
SoftUp,Full-Stack Web Developer (Intern),Not Disclosed,N/A,N/A,N/A
A.M.D. Soft and Services Pvt. Ltd.,Laravel Intern,Not Disclosed,N/A,N/A,N/A
"Skill Training Nepal (IT Training Center in Kathmandu, Nepal)",REACT NATIVE / MOBILE APP DEVELOPER,Not Disclosed,N/A,N/A,N/A
Devfinity,Sr. Frontend Developer,Not Disclosed,N/A,N/A,N/A
Batas Hire Purchase Pvt. Ltd,Full Stack Developer,Not Disclosed,Junior Level,Full Time,2 + years
Batas Hire Purchase Pvt. Ltd,UX/UI Developer,Not Disclosed,Junior Level,Full Time,2 + years
Dlytica Talent,Senior Data Engineer(Nepal),Not Disclosed,N/A,N/A,N/A
KutkiTech Pvt. Ltd.,Software Engineering Intern (Python/AI),Not Disclosed,N/A,N/A,N/A
"Ministry of Social Development, Youth and Sports, Gandaki Province",Help Desk Assistant,Nrs. Negotiable Monthly,Mid Level,Contract,N/A
"Skill Training Nepal (IT Training Center in Kathmandu, Nepal)",FLUTTER DEVELOPER,Not Disclosed,N/A,N/A,N/A
SoftUp,WordPress Developer,Not Disclosed,N/A,N/A,N/A
Infinite Computer Solutions,SQL Developer,Not Disclosed,N/A,N/A,N/A
Nakshatra Techno Hub,Junior Laravel Developer,Not Disclosed,N/A,N/A,N/A
Nakshatra Techno Hub,Junior Vue.Js Developer,Not Disclosed,N/A,N/A,N/A
ComplianceQuest,Senior Software Engineer-Quality Control,Not Disclosed,N/A,N/A,N/A
Nirvan Studio,Laravel Developer,Not Disclosed,N/A,N/A,N/A
JobsNepal.com,Java Developer,Not Disclosed,N/A,N/A,N/A
SELISE Group,Front-End Software Engineer (React),Not Disclosed,N/A,N/A,N/A
Smart Data Solutions,"Software Engineer I, Machine Learning",Not Disclosed,N/A,N/A,N/A
SoftUp,Full Stack Web Developer,Not Disclosed,N/A,N/A,N/A
OnePoint,Solutions Architect,Not Disclosed,N/A,N/A,N/A
Garocha,Openclaw expert,Not Disclosed,N/A,N/A,N/A
Smart Data Solutions,"Software Engineer I, Support",Not Disclosed,N/A,N/A,N/A
OnePoint,Senior Backend Engineer,Not Disclosed,N/A,N/A,N/A
Verisk,Software Engineer (Java + .Net),Not Disclosed,N/A,N/A,N/A
Green Development Bank Limited,Information Security Officer,Nrs. Negotiable Monthly,Mid Level,Contract,2 + years
Code Mantra,Mobile App Developer (React Native),Nrs. 80K-100K Monthly (Negotiable),Mid Level,Full Time,4 + years
Code Mantra,Senior Full Stack Developer (Backend),Nrs. (100K - 150K) Monthly (Negotiable),Senior Level,Full Time,5 + years
IQVIA,Senior Java Engineer,Not Disclosed,N/A,N/A,N/A
SoftUp,Full-Stack Web Developer (Intern),Not Disclosed,N/A,N/A,N/A
A.M.D. Soft and Services Pvt. Ltd.,Laravel Intern,Not Disclosed,N/A,N/A,N/A
"Skill Training Nepal (IT Training Center in Kathmandu, Nepal)",REACT NATIVE / MOBILE APP DEVELOPER,Not Disclosed,N/A,N/A,N/A
Devfinity,Sr. Frontend Developer,Not Disclosed,N/A,N/A,N/A
Batas Hire Purchase Pvt. Ltd,Full Stack Developer,Not Disclosed,Junior Level,Full Time,2 + years
Batas Hire Purchase Pvt. Ltd,UX/UI Developer,Not Disclosed,Junior Level,Full Time,2 + years
Dlytica Talent,Senior Data Engineer(Nepal),Not Disclosed,N/A,N/A,N/A
KutkiTech Pvt. Ltd.,Software Engineering Intern (Python/AI),Not Disclosed,N/A,N/A,N/A
"Ministry of Social Development, Youth and Sports, Gandaki Province",Help Desk Assistant,Nrs. Negotiable Monthly,Mid Level,Contract,N/A
"Skill Training Nepal (IT Training Center in Kathmandu, Nepal)",FLUTTER DEVELOPER,Not Disclosed,N/A,N/A,N/A
SoftUp,WordPress Developer,Not Disclosed,N/A,N/A,N/A
Infinite Computer Solutions,SQL Developer,Not Disclosed,N/A,N/A,N/A
Nakshatra Techno Hub,Junior Laravel Developer,Not Disclosed,N/A,N/A,N/A
Nakshatra Techno Hub,Junior Vue.Js Developer,Not Disclosed,N/A,N/A,N/A
ComplianceQuest,Senior Software Engineer-Quality Control,Not Disclosed,N/A,N/A,N/A
Nirvan Studio,Laravel Developer,Not Disclosed,N/A,N/A,N/A
JobsNepal.com,Java Developer,Not Disclosed,N/A,N/A,N/A
SELISE Group,Front-End Software Engineer (React),Not Disclosed,N/A,N/A,N/A
Smart Data Solutions,"Software Engineer I, Machine Learning",Not Disclosed,N/A,N/A,N/A
SoftUp,Full Stack Web Developer,Not Disclosed,N/A,N/A,N/A
OnePoint,Solutions Architect,Not Disclosed,N/A,N/A,N/A
Garocha,Openclaw expert,Not Disclosed,N/A,N/A,N/A
Smart Data Solutions,"Software Engineer I, Support",Not Disclosed,N/A,N/A,N/A
OnePoint,Senior Backend Engineer,Not Disclosed,N/A,N/A,N/A
Verisk,Software Engineer (Java + .Net),Not Disclosed,N/A,N/A,N/A
Green Development Bank Limited,Information Security Officer,Nrs. Negotiable Monthly,Mid Level,Contract,2 + years
Code Mantra,Mobile App Developer (React Native),Nrs. 80K-100K Monthly (Negotiable),Mid Level,Full Time,4 + years
Code Mantra,Senior Full Stack Developer (Backend),Nrs. (100K - 150K) Monthly (Negotiable),Senior Level,Full Time,5 + years
IQVIA,Senior Java Engineer,Not Disclosed,N/A,N/A,N/A
SoftUp,Full-Stack Web Developer (Intern),Not Disclosed,N/A,N/A,N/A
A.M.D. Soft and Services Pvt. Ltd.,Laravel Intern,Not Disclosed,N/A,N/A,N/A
"Skill Training Nepal (IT Training Center in Kathmandu, Nepal)",REACT NATIVE / MOBILE APP DEVELOPER,Not Disclosed,N/A,N/A,N/A
Devfinity,Sr. Frontend Developer,Not Disclosed,N/A,N/A,N/A
Batas Hire Purchase Pvt. Ltd,Full Stack Developer,Not Disclosed,Junior Level,Full Time,2 + years
Batas Hire Purchase Pvt. Ltd,UX/UI Developer,Not Disclosed,Junior Level,Full Time,2 + years
Dlytica Talent,Senior Data Engineer(Nepal),Not Disclosed,N/A,N/A,N/A
KutkiTech Pvt. Ltd.,Software Engineering Intern (Python/AI),Not Disclosed,N/A,N/A,N/A
